number_of_duplications	unique_reads	Sequencing_ID	read_type	Strandedness	Library_ID
1	504	BAN001.A0101.SG1.1	merged	Double	BAN001.A0101
2	62	BAN001.A0101.SG1.1	merged	Double	BAN001.A0101
3	5	BAN001.A0101.SG1.1	merged	Double	BAN001.A0101
5	1	BAN001.A0101.SG1.1	merged	Double	BAN001.A0101
1	970	BAN001.A0102.SG1.4	merged	Single	BAN001.A0102
2	36	BAN001.A0102.SG1.4	merged	Single	BAN001.A0102
1	2313327	CDM019.A0101.SG1.1	merged	Double	CDM019.A0101
2	39047	CDM019.A0101.SG1.1	merged	Double	CDM019.A0101
3	372	CDM019.A0101.SG1.1	merged	Double	CDM019.A0101
4	4	CDM019.A0101.SG1.1	merged	Double	CDM019.A0101
1	3600293	CDM019.A0102.SG1.4	merged	Single	CDM019.A0102
2	112162	CDM019.A0102.SG1.4	merged	Single	CDM019.A0102
3	1640	CDM019.A0102.SG1.4	merged	Single	CDM019.A0102
4	10	CDM019.A0102.SG1.4	merged	Single	CDM019.A0102
5	1	CDM019.A0102.SG1.4	merged	Single	CDM019.A0102
1	1767481	CDM020.A0101.SG1.1	merged	Double	CDM020.A0101
2	30837	CDM020.A0101.SG1.1	merged	Double	CDM020.A0101
3	371	CDM020.A0101.SG1.1	merged	Double	CDM020.A0101
4	3	CDM020.A0101.SG1.1	merged	Double	CDM020.A0101
1	3803083	CDM020.A0102.SG1.4	merged	Single	CDM020.A0102
2	120650	CDM020.A0102.SG1.4	merged	Single	CDM020.A0102
3	1731	CDM020.A0102.SG1.4	merged	Single	CDM020.A0102
4	13	CDM020.A0102.SG1.4	merged	Single	CDM020.A0102
1	69191	FUM001.A0101.SG1.1	merged	Double	FUM001.A0101
2	34028	FUM001.A0101.SG1.1	merged	Double	FUM001.A0101
3	29741	FUM001.A0101.SG1.1	merged	Double	FUM001.A0101
4	25876	FUM001.A0101.SG1.1	merged	Double	FUM001.A0101
5	20775	FUM001.A0101.SG1.1	merged	Double	FUM001.A0101
6	16656	FUM001.A0101.SG1.1	merged	Double	FUM001.A0101
7	12236	FUM001.A0101.SG1.1	merged	Double	FUM001.A0101
8	8814	FUM001.A0101.SG1.1	merged	Double	FUM001.A0101
9	6215	FUM001.A0101.SG1.1	merged	Double	FUM001.A0101
10	4312	FUM001.A0101.SG1.1	merged	Double	FUM001.A0101
11	2937	FUM001.A0101.SG1.1	merged	Double	FUM001.A0101
12	1887	FUM001.A0101.SG1.1	merged	Double	FUM001.A0101
13	1193	FUM001.A0101.SG1.1	merged	Double	FUM001.A0101
14	711	FUM001.A0101.SG1.1	merged	Double	FUM001.A0101
15	504	FUM001.A0101.SG1.1	merged	Double	FUM001.A0101
16	282	FUM001.A0101.SG1.1	merged	Double	FUM001.A0101
17	170	FUM001.A0101.SG1.1	merged	Double	FUM001.A0101
18	98	FUM001.A0101.SG1.1	merged	Double	FUM001.A0101
19	43	FUM001.A0101.SG1.1	merged	Double	FUM001.A0101
20	29	FUM001.A0101.SG1.1	merged	Double	FUM001.A0101
21	14	FUM001.A0101.SG1.1	merged	Double	FUM001.A0101
22	7	FUM001.A0101.SG1.1	merged	Double	FUM001.A0101
23	5	FUM001.A0101.SG1.1	merged	Double	FUM001.A0101
24	4	FUM001.A0101.SG1.1	merged	Double	FUM001.A0101
25	2	FUM001.A0101.SG1.1	merged	Double	FUM001.A0101
1	126464	FUM001.A0102.SG1.4	merged	Single	FUM001.A0102
2	6561	FUM001.A0102.SG1.4	merged	Single	FUM001.A0102
3	254	FUM001.A0102.SG1.4	merged	Single	FUM001.A0102
4	10	FUM001.A0102.SG1.4	merged	Single	FUM001.A0102
5	1	FUM001.A0102.SG1.4	merged	Single	FUM001.A0102
1	1274022	FUM002.A0101.SG1.1	merged	Double	FUM002.A0101
2	74296	FUM002.A0101.SG1.1	merged	Double	FUM002.A0101
3	3972	FUM002.A0101.SG1.1	merged	Double	FUM002.A0101
4	220	FUM002.A0101.SG1.1	merged	Double	FUM002.A0101
5	4	FUM002.A0101.SG1.1	merged	Double	FUM002.A0101
1	708650	FUM002.A0102.SG1.5	merged	Single	FUM002.A0102
2	22983	FUM002.A0102.SG1.5	merged	Single	FUM002.A0102
3	436	FUM002.A0102.SG1.5	merged	Single	FUM002.A0102
4	6	FUM002.A0102.SG1.5	merged	Single	FUM002.A0102
1	188199	FUM003.A0101.SG1.1	merged	Double	FUM003.A0101
2	41144	FUM003.A0101.SG1.1	merged	Double	FUM003.A0101
3	8258	FUM003.A0101.SG1.1	merged	Double	FUM003.A0101
4	1550	FUM003.A0101.SG1.1	merged	Double	FUM003.A0101
5	254	FUM003.A0101.SG1.1	merged	Double	FUM003.A0101
6	39	FUM003.A0101.SG1.1	merged	Double	FUM003.A0101
7	4	FUM003.A0101.SG1.1	merged	Double	FUM003.A0101
8	1	FUM003.A0101.SG1.1	merged	Double	FUM003.A0101
1	120895	FUM003.A0102.SG1.4	merged	Single	FUM003.A0102
2	4957	FUM003.A0102.SG1.4	merged	Single	FUM003.A0102
3	147	FUM003.A0102.SG1.4	merged	Single	FUM003.A0102
4	1	FUM003.A0102.SG1.4	merged	Single	FUM003.A0102
1	124009	GDN001.A0101.SG1.1	merged	Double	GDN001.A0101
2	53855	GDN001.A0101.SG1.1	merged	Double	GDN001.A0101
3	48531	GDN001.A0101.SG1.1	merged	Double	GDN001.A0101
4	43123	GDN001.A0101.SG1.1	merged	Double	GDN001.A0101
5	36260	GDN001.A0101.SG1.1	merged	Double	GDN001.A0101
6	28729	GDN001.A0101.SG1.1	merged	Double	GDN001.A0101
7	22232	GDN001.A0101.SG1.1	merged	Double	GDN001.A0101
8	16263	GDN001.A0101.SG1.1	merged	Double	GDN001.A0101
9	11473	GDN001.A0101.SG1.1	merged	Double	GDN001.A0101
10	7916	GDN001.A0101.SG1.1	merged	Double	GDN001.A0101
11	5438	GDN001.A0101.SG1.1	merged	Double	GDN001.A0101
12	3515	GDN001.A0101.SG1.1	merged	Double	GDN001.A0101
13	2198	GDN001.A0101.SG1.1	merged	Double	GDN001.A0101
14	1323	GDN001.A0101.SG1.1	merged	Double	GDN001.A0101
15	851	GDN001.A0101.SG1.1	merged	Double	GDN001.A0101
16	462	GDN001.A0101.SG1.1	merged	Double	GDN001.A0101
17	249	GDN001.A0101.SG1.1	merged	Double	GDN001.A0101
18	137	GDN001.A0101.SG1.1	merged	Double	GDN001.A0101
19	83	GDN001.A0101.SG1.1	merged	Double	GDN001.A0101
20	42	GDN001.A0101.SG1.1	merged	Double	GDN001.A0101
21	18	GDN001.A0101.SG1.1	merged	Double	GDN001.A0101
22	9	GDN001.A0101.SG1.1	merged	Double	GDN001.A0101
23	2	GDN001.A0101.SG1.1	merged	Double	GDN001.A0101
24	6	GDN001.A0101.SG1.1	merged	Double	GDN001.A0101
28	1	GDN001.A0101.SG1.1	merged	Double	GDN001.A0101
37	1	GDN001.A0101.SG1.1	merged	Double	GDN001.A0101
1	359016	GDN001.A0102.SG1.3	merged	Single	GDN001.A0102
2	41363	GDN001.A0102.SG1.3	merged	Single	GDN001.A0102
3	4519	GDN001.A0102.SG1.3	merged	Single	GDN001.A0102
4	567	GDN001.A0102.SG1.3	merged	Single	GDN001.A0102
5	95	GDN001.A0102.SG1.3	merged	Single	GDN001.A0102
6	21	GDN001.A0102.SG1.3	merged	Single	GDN001.A0102
7	7	GDN001.A0102.SG1.3	merged	Single	GDN001.A0102
8	3	GDN001.A0102.SG1.3	merged	Single	GDN001.A0102
9	2	GDN001.A0102.SG1.3	merged	Single	GDN001.A0102
10	4	GDN001.A0102.SG1.3	merged	Single	GDN001.A0102
11	1	GDN001.A0102.SG1.3	merged	Single	GDN001.A0102
14	1	GDN001.A0102.SG1.3	merged	Single	GDN001.A0102
17	1	GDN001.A0102.SG1.3	merged	Single	GDN001.A0102
1	2211988	GOY005.A0101.SG1.2	merged	Double	GOY005.A0101
2	158814	GOY005.A0101.SG1.2	merged	Double	GOY005.A0101
3	10593	GOY005.A0101.SG1.2	merged	Double	GOY005.A0101
4	656	GOY005.A0101.SG1.2	merged	Double	GOY005.A0101
5	34	GOY005.A0101.SG1.2	merged	Double	GOY005.A0101
6	3	GOY005.A0101.SG1.2	merged	Double	GOY005.A0101
1	506239	GOY005.A0103.SG1.4	merged	Single	GOY005.A0103
2	14943	GOY005.A0103.SG1.4	merged	Single	GOY005.A0103
3	226	GOY005.A0103.SG1.4	merged	Single	GOY005.A0103
4	1	GOY005.A0103.SG1.4	merged	Single	GOY005.A0103
1	2184490	GOY006.A0101.SG1.2	merged	Double	GOY006.A0101
2	56475	GOY006.A0101.SG1.2	merged	Double	GOY006.A0101
3	1182	GOY006.A0101.SG1.2	merged	Double	GOY006.A0101
4	25	GOY006.A0101.SG1.2	merged	Double	GOY006.A0101
5	1	GOY006.A0101.SG1.2	merged	Double	GOY006.A0101
1	543557	GOY006.A0102.SG1.5	merged	Single	GOY006.A0102
2	16583	GOY006.A0102.SG1.5	merged	Single	GOY006.A0102
3	242	GOY006.A0102.SG1.5	merged	Single	GOY006.A0102
4	2	GOY006.A0102.SG1.5	merged	Single	GOY006.A0102
1	380	GUE001.A0101.SG1.1	merged	Double	GUE001.A0101
2	140	GUE001.A0101.SG1.1	merged	Double	GUE001.A0101
3	94	GUE001.A0101.SG1.1	merged	Double	GUE001.A0101
4	63	GUE001.A0101.SG1.1	merged	Double	GUE001.A0101
5	16	GUE001.A0101.SG1.1	merged	Double	GUE001.A0101
6	15	GUE001.A0101.SG1.1	merged	Double	GUE001.A0101
7	9	GUE001.A0101.SG1.1	merged	Double	GUE001.A0101
8	2	GUE001.A0101.SG1.1	merged	Double	GUE001.A0101
9	2	GUE001.A0101.SG1.1	merged	Double	GUE001.A0101
10	1	GUE001.A0101.SG1.1	merged	Double	GUE001.A0101
1	178	GUE001.A0102.SG1.4	merged	Single	GUE001.A0102
2	15	GUE001.A0102.SG1.4	merged	Single	GUE001.A0102
1	4552268	PES001.B0101.SG1.3	merged	Double	PES001.B0101
2	621867	PES001.B0101.SG1.3	merged	Double	PES001.B0101
3	77876	PES001.B0101.SG1.3	merged	Double	PES001.B0101
4	8906	PES001.B0101.SG1.3	merged	Double	PES001.B0101
5	943	PES001.B0101.SG1.3	merged	Double	PES001.B0101
6	79	PES001.B0101.SG1.3	merged	Double	PES001.B0101
7	10	PES001.B0101.SG1.3	merged	Double	PES001.B0101
1	1260400	PES001.B0102.SG1.5	merged	Single	PES001.B0102
2	37896	PES001.B0102.SG1.5	merged	Single	PES001.B0102
3	623	PES001.B0102.SG1.5	merged	Single	PES001.B0102
4	8	PES001.B0102.SG1.5	merged	Single	PES001.B0102
1	1360	SPM002.A0101.SG1.1	merged	Double	SPM002.A0101
2	561	SPM002.A0101.SG1.1	merged	Double	SPM002.A0101
3	294	SPM002.A0101.SG1.1	merged	Double	SPM002.A0101
4	145	SPM002.A0101.SG1.1	merged	Double	SPM002.A0101
5	54	SPM002.A0101.SG1.1	merged	Double	SPM002.A0101
6	33	SPM002.A0101.SG1.1	merged	Double	SPM002.A0101
7	13	SPM002.A0101.SG1.1	merged	Double	SPM002.A0101
8	2	SPM002.A0101.SG1.1	merged	Double	SPM002.A0101
9	2	SPM002.A0101.SG1.1	merged	Double	SPM002.A0101
10	1	SPM002.A0101.SG1.1	merged	Double	SPM002.A0101
1	1631	SPM002.A0103.SG1.4	merged	Single	SPM002.A0103
2	95	SPM002.A0103.SG1.4	merged	Single	SPM002.A0103
3	2	SPM002.A0103.SG1.4	merged	Single	SPM002.A0103
4	1	SPM002.A0103.SG1.4	merged	Single	SPM002.A0103
1	503292	VLD001.A0101.SG1.1	merged	Double	VLD001.A0101
2	74702	VLD001.A0101.SG1.1	merged	Double	VLD001.A0101
3	11449	VLD001.A0101.SG1.1	merged	Double	VLD001.A0101
4	1704	VLD001.A0101.SG1.1	merged	Double	VLD001.A0101
5	234	VLD001.A0101.SG1.1	merged	Double	VLD001.A0101
6	33	VLD001.A0101.SG1.1	merged	Double	VLD001.A0101
7	5	VLD001.A0101.SG1.1	merged	Double	VLD001.A0101
11	1	VLD001.A0101.SG1.1	merged	Double	VLD001.A0101
1	274794	VLD001.A0102.SG1.2	merged	Single	VLD001.A0102
2	26220	VLD001.A0102.SG1.2	merged	Single	VLD001.A0102
3	2403	VLD001.A0102.SG1.2	merged	Single	VLD001.A0102
4	213	VLD001.A0102.SG1.2	merged	Single	VLD001.A0102
5	17	VLD001.A0102.SG1.2	merged	Single	VLD001.A0102
6	3	VLD001.A0102.SG1.2	merged	Single	VLD001.A0102
1	17173	ZAF001.A0101.SG1.1	merged	Double	ZAF001.A0101
2	6271	ZAF001.A0101.SG1.1	merged	Double	ZAF001.A0101
3	2437	ZAF001.A0101.SG1.1	merged	Double	ZAF001.A0101
4	871	ZAF001.A0101.SG1.1	merged	Double	ZAF001.A0101
5	277	ZAF001.A0101.SG1.1	merged	Double	ZAF001.A0101
6	91	ZAF001.A0101.SG1.1	merged	Double	ZAF001.A0101
7	18	ZAF001.A0101.SG1.1	merged	Double	ZAF001.A0101
8	6	ZAF001.A0101.SG1.1	merged	Double	ZAF001.A0101
9	2	ZAF001.A0101.SG1.1	merged	Double	ZAF001.A0101
1	13653	ZAF001.A0103.SG1.4	merged	Single	ZAF001.A0103
2	710	ZAF001.A0103.SG1.4	merged	Single	ZAF001.A0103
3	22	ZAF001.A0103.SG1.4	merged	Single	ZAF001.A0103
4	1	ZAF001.A0103.SG1.4	merged	Single	ZAF001.A0103
