Species	BAN001.A0101.SG1.1	BAN001.A0102.SG1.4	CDM019.A0101.SG1.1	CDM019.A0102.SG1.4	CDM020.A0101.SG1.1	CDM020.A0102.SG1.4	FUM001.A0101.SG1.1	FUM001.A0102.SG1.4	FUM002.A0101.SG1.1	FUM002.A0102.SG1.5	FUM003.A0101.SG1.1	FUM003.A0102.SG1.4	GDN001.A0101.SG1.1	GDN001.A0102.SG1.3	GOY005.A0101.SG1.2	GOY005.A0103.SG1.4	GOY006.A0101.SG1.2	GOY006.A0102.SG1.5	GUE001.A0101.SG1.1	GUE001.A0102.SG1.4	PES001.B0101.SG1.3	PES001.B0102.SG1.5	SPM002.A0101.SG1.1	SPM002.A0103.SG1.4	VLD001.A0101.SG1.1	VLD001.A0102.SG1.2	ZAF001.A0101.SG1.1	ZAF001.A0103.SG1.4
40CM-3-62-11 sp001914955	0	0	11	17	0	2	191	49	58	27	896	351	2411	240	13	1	4	0	2847	209	37	12	0	0	7	8	80	11
AR31 sp003220535	0	0	8	6	3	7	568	95	21	13	458	142	2017	120	5	1	37	7	655	33	109	22	0	0	4	1	50	13
AR31 sp003221655	0	2	3	2	2	3	889	118	250	60	1338	470	1530	103	7	0	25	4	456	27	73	19	0	0	1	0	41	8
Abiotrophia defectiva	5	5	156	448	5365	16974	521	130	276	364	209	157	0	0	10726	3070	6748	2318	0	0	20943	6314	22	8	55	46	322	91
Abiotrophia sp001815865	2	2	330	809	14098	47851	652	146	350	419	340	203	12	4	14047	4117	7493	2576	1	0	25071	7434	8	5	47	47	194	54
Acidovorax temperans	19	10	4	0	22	51	154	19	11	6	1161	627	42	10	171	19	3185	410	6	3	39	18	127	31	3546	1522	3618	1480
Acinetobacter albensis	855	1944	0	0	0	0	8	1	6	6	5	2	0	2	57	9	545	362	0	0	942	350	8	8	140	110	37	21
Acinetobacter fasciculus	64	91	0	0	1	0	309	63	8	18	159	89	16	10	1251	124	221	59	25	0	5226	1977	114	44	119	80	226	114
Acinetobacter guerrae	0	1	0	0	0	0	21	4	5	1	0	1	5	1	9	0	15	1	6	0	2143	666	6	2	11	11	5	3
Acinetobacter guillouiae	5	11	0	0	0	3	46	23	1	1	13	11	3	11	87895	12735	149	56	6	2	236	97	1	8	62	51	32	29
Acinetobacter idrijaensis	81	111	0	1	0	0	128	21	6	13	54	19	11	3	927	70	151	52	1	1	3000	1380	151	71	234	164	91	61
Acinetobacter johnsonii	262	529	0	0	0	1	1217	290	77	85	377	195	124	45	1581	157	4439	1298	118	15	330800	100483	1809	556	62458	36018	3312	2008
Acinetobacter junii	4	11	0	1	0	1	89	25	8	15	61	38	28	14	126	19	42662	13767	3	4	532	237	36	29	53	35	115	95
Acinetobacter kyonggiensis	3	17	0	0	0	0	10	8	0	2	3	3	0	0	27	6	117	69	0	0	3899	1980	18	12	61	50	32	20
Acinetobacter lwoffii	51	99	0	0	0	0	65	21	8	8	50	17	8	2	1016	102	173	51	3	1	1801	599	82	34	155	128	85	65
Acinetobacter lwoffii D	63	119	0	0	0	0	78	25	8	8	31	28	0	1	756	78	140	44	10	0	6764	3196	88	37	81	54	87	57
Acinetobacter lwoffii E	58	86	0	0	0	0	30	14	4	4	32	26	7	5	903	89	149	40	2	1	925	248	65	25	67	31	49	27
Acinetobacter parvus	9	10	0	0	1	0	182	36	5	2	58	36	17	3	169	23	12890	3289	4	0	1181	490	275	121	93	70	96	73
Acinetobacter pseudolwoffii	19	35	0	0	1	0	21	13	0	2	16	11	2	3	294	33	357	666	2	0	1479	549	51	15	1729	1108	92	85
Acinetobacter schindleri	17	31	1	0	1	0	214	33	0	4	34	13	0	7	986	109	182	71	9	5	1350	474	50	39	77	66	221	128
Acinetobacter seifertii	11	47	0	0	0	1	176	65	7	12	23	14	13	25	26	0	14	7	122	43	1441	451	89	70	46	59	74	97
Acinetobacter sp000214135	9	14	0	1	0	2	51	8	3	1	5	5	9	3	66	11	54	13	13	2	1958	822	14	19	287	214	40	33
Acinetobacter sp000369525	1	2	0	1	0	0	4	0	0	1	5	4	0	1	25	1	49	13	0	0	1149	412	11	4	822	563	6	6
Acinetobacter sp001612555	6	43	0	0	0	1	0	0	0	0	0	0	0	0	19	5	19	14	0	0	3531	1965	5	0	55	44	10	5
Acinetobacter sp002135205	32	35	0	0	0	1	101	24	9	11	40	13	7	1	169	17	286	105	2	0	24389	7613	134	61	6027	3707	268	139
Acinetobacter sp002135245	1	6	2	2	0	0	24	8	1	4	3	5	0	1	21	4	37	27	0	1	3765	1597	28	12	99	127	30	14
Acinetobacter sp002165255	13	23	0	0	0	0	5	1	3	0	4	2	0	0	37	7	938	268	13	0	896	253	9	2	174	104	17	14
Acinetobacter sp002165305	68	113	0	0	0	1	255	51	15	17	52	33	46	2	346	34	876	260	21	3	62345	19242	342	121	12534	7149	704	380
Acinetobacter sp002296655	4	9	0	0	0	1	294	69	9	8	99	52	17	1	78	5	58	26	3	1	1839	648	42	12	134	108	85	35
Acinetobacter sp004331285	1	1	1	1	0	2	0	1	2	1	5	1	0	0	26	2	59	42	0	0	10950	3743	2	2	17	37	2	3
Acinetobacter sp013072695	0	2	0	0	0	0	8	3	1	1	5	3	0	0	13	2	59	21	0	0	4373	2087	10	5	66	58	3	5
Acinetobacter sp900625095	4	7	0	1	0	1	24	2	1	1	3	1	0	2	23	3	80	30	1	0	1949	781	4	5	40	24	8	4
Acinetobacter ursingii	5	15	0	0	2	0	242	66	5	8	92	49	12	8	179	19	130	35	56	24	74495	23890	68	30	282	237	231	160
Acinetobacter variabilis	20	32	0	0	0	0	17	8	5	3	22	18	6	3	1083	103	66	33	7	0	1661	638	22	17	87	61	78	38
Actinomyces bovis	1	0	193	239	194	343	152	21	791	368	102	50	1160	204	532	79	826	148	0	0	2094	364	0	1	146	57	2	0
Actinomyces bowdenii	0	1	842	1150	324	417	822	65	2648	1195	270	82	5933	1060	1150	128	3722	679	11	0	5186	770	0	1	372	173	6	5
Actinomyces bowdenii B	1	0	339	301	340	422	584	56	2761	1105	277	74	4275	498	1354	142	2624	384	2	0	6472	924	8	0	430	178	6	2
Actinomyces dentalis	5	2	280845	215186	160174	172703	27400	2954	15796	6071	1629	422	227651	27634	14730	1466	64581	8737	20	2	421215	48255	35	8	73514	28030	1149	213
Actinomyces denticolens	0	0	242	228	222	299	342	20	860	380	208	61	2783	310	763	73	1462	197	0	0	3303	505	0	0	227	115	18	1
Actinomyces gaoshouyii	0	0	150	127	191	270	187	16	781	337	106	50	2189	313	567	61	1094	163	1	0	2842	483	0	0	241	86	5	1
Actinomyces gerencseriae	0	2	15395	12360	12049	13625	41672	3383	6342	2583	1911	486	22015	2717	16482	1415	26416	2986	8	2	82395	11936	91	4	153185	45548	4450	1171
Actinomyces glycerinitolerans	0	0	151	156	142	181	83	7	312	130	39	16	775	121	234	19	422	62	0	0	1006	174	0	0	82	37	1	0
Actinomyces graevenitzii	4	1	36	52	35	61	103	25	187	93	98	35	303	43	365	34	365	67	22	4	531	105	39	6	68	27	121	18
Actinomyces haliotis	1	0	198	207	357	461	212	28	896	344	126	33	4023	521	802	90	1761	243	2	0	4038	666	0	0	284	141	6	1
Actinomyces howellii	0	1	603	572	822	1086	600	62	4168	1704	280	97	46815	5841	2252	242	16312	2329	0	1	46808	6516	0	0	2351	1082	8	2
Actinomyces israelii	2	1	1965	1696	1344	1718	1520	142	2096	841	304	110	10236	1267	1572	150	4202	617	75	8	12037	1862	117	7	3603	1281	158	38
Actinomyces johnsonii	2	3	3244	3279	10633	12983	39881	4152	76288	31135	23586	7290	2927	387	49447	5229	29355	4360	5	0	116892	15404	15	4	6831	2901	347	113
Actinomyces lilanjuaniae	0	1	135	149	154	235	163	17	904	418	124	43	2149	338	505	69	1312	256	0	0	2645	430	0	0	198	81	1	1
Actinomyces marmotae	0	0	224	230	287	368	140	13	993	430	93	32	1660	201	742	69	992	175	2	0	2463	404	0	0	178	82	3	0
Actinomyces massiliensis	0	1	1182	1116	851	1148	2396	221	2964	1198	588	173	5291	701	2547	275	3808	532	65	4	10754	1608	232	23	4957	1642	262	57
Actinomyces naeslundii	2	1	2868	2600	15474	18929	55001	5489	65323	25902	9091	2509	2424	325	98099	9118	34791	5147	29	1	120424	15186	130	15	3532	1516	565	211
Actinomyces oricola	0	2	444	515	534	721	355	58	2771	1227	274	92	21935	2855	1482	189	7446	1154	6	0	21935	3012	0	2	1268	579	11	1
Actinomyces oris	8	7	2288	2086	1302	1691	4377	494	27611	11401	3375	954	1193	178	10967	1155	12646	1911	94	11	51267	6881	317	57	965	370	827	115
Actinomyces oris A	9	5	1050	944	914	1247	2874	270	20903	8621	2567	752	1046	145	8596	991	9488	1541	65	3	34209	4731	158	26	454	170	1416	177
Actinomyces oris B	2	0	4541	4019	4815	6031	5712	660	78322	32450	4820	1534	10497	1311	15753	1775	20961	3277	17	0	115293	15218	36	6	2744	1158	154	52
Actinomyces oris C	3	4	752	671	1092	1474	4711	464	31000	12825	3028	957	2030	273	11194	1184	12882	1858	24	7	49538	6774	132	16	968	488	285	55
Actinomyces oris D	2	1	464	428	3133	3863	5753	619	27174	10988	3969	1166	1729	197	19559	2050	19210	2790	23	1	122816	15468	20	4	849	340	172	50
Actinomyces oris E	9	5	463	448	1617	2080	4283	465	24466	9896	3667	1043	1675	206	12395	1309	13623	2036	16	0	51133	6941	45	11	763	300	202	39
Actinomyces procaprae	0	0	225	253	253	352	188	23	798	324	111	34	3365	451	569	75	1443	233	5	1	3627	587	0	0	262	135	3	2
Actinomyces qiguomingii	0	0	313	410	382	513	239	30	1017	445	128	41	3237	441	623	71	1454	251	0	0	3803	638	0	0	382	158	2	1
Actinomyces radicidentis	0	0	288	311	587	680	297	43	1293	560	163	58	5679	679	1433	161	2948	473	0	0	5898	941	0	1	406	184	16	2
Actinomyces ruminicola	0	0	310	290	316	374	214	28	763	355	115	31	3331	488	545	58	1460	213	0	0	3724	624	0	0	327	140	10	0
Actinomyces slackii	1	1	389	359	470	565	500	69	2494	1030	289	84	6888	916	1414	147	3284	553	0	0	8186	1291	3	0	550	256	10	4
Actinomyces sp000195595	10	3	463	458	1772	2283	8518	804	39999	15908	5399	1490	2104	328	22452	2331	20458	3073	7	2	50599	6950	30	7	1397	562	187	65
Actinomyces sp000220835	1	1	1150	1098	797	1068	1622	134	2148	971	1173	359	5437	738	1746	186	2849	472	121	16	7499	1121	173	19	2060	734	257	50
Actinomyces sp001278845	7	2	161219	135414	74073	83744	14203	1637	10498	4243	1047	335	120797	14606	9623	891	38601	5468	1	0	247252	28959	26	3	47741	18208	400	80
Actinomyces sp002154335	0	0	239	280	282	375	239	13	863	409	126	36	2393	347	578	68	1166	149	4	0	2792	484	0	0	233	103	4	1
Actinomyces sp002999235	2	0	1556	1285	1137	1511	739	68	1844	752	357	91	6505	950	1342	132	3267	475	0	0	9239	1382	0	1	1344	542	108	17
Actinomyces sp009930875	0	1	258	269	234	355	188	23	1012	423	108	47	2784	415	643	65	1432	257	0	0	3292	585	0	0	296	127	0	2
Actinomyces sp011751985	0	0	2244	1952	9307	9946	2157	236	10911	4525	1436	476	13336	1733	13078	1379	14126	2196	4	1	46816	6005	0	0	767	372	24	11
Actinomyces sp011752065	0	0	401	323	964	1262	5765	537	23358	9109	3234	912	1935	233	11993	1170	11391	1682	2	0	28533	4010	10	2	1383	587	25	18
Actinomyces sp013185035	1	0	391	403	511	742	284	32	1322	558	202	57	5048	593	1033	114	2219	340	0	0	5873	923	0	0	396	161	10	4
Actinomyces sp015711475	0	0	185	191	371	542	338	37	1085	507	212	49	2839	312	858	113	1296	200	9	3	3860	628	28	1	205	95	17	5
Actinomyces sp900323545	0	4	625	555	15132	16673	16978	1688	388992	147678	32918	9319	3954	557	175352	18232	240009	32817	17	2	549883	66094	22	5	2368	987	477	189
Actinomyces succiniciruminis	0	0	130	131	158	231	112	12	394	181	43	18	1203	154	296	36	542	90	2	0	1378	199	0	0	125	62	4	0
Actinomyces timonensis	1	2	362	360	427	563	423	54	2634	1394	348	106	3218	481	1382	186	2313	358	7	0	5787	891	6	1	482	211	639	67
Actinomyces urogenitalis	0	0	317	377	542	724	324	20	1364	594	180	53	4760	636	1141	114	2266	377	0	1	5727	911	0	1	371	191	7	5
Actinomyces viscosus	0	1	501	511	1096	1505	5182	592	25130	10235	3358	1048	1950	275	13753	1473	12607	1908	1	0	31527	4388	16	2	1352	489	67	16
Actinomyces weissii	1	1	215	244	319	457	196	24	999	372	228	93	3395	507	934	103	1719	316	0	0	4286	650	0	0	262	127	6	5
Actinomyces wuliandei	0	0	91	116	147	244	243	31	3297	1529	113	45	1757	232	648	78	1213	201	0	0	2606	456	3	0	210	98	10	2
Aerococcus sp002252085	1	7	0	5	0	2	13	0	0	2	1	0	0	0	20	4	4860	1736	0	0	4	7	0	0	0	1	16	13
Aerococcus urinaeequi	46	73	0	1	0	0	11	1	2	1	4	6	2	3	362	28	7713	2558	0	0	90	38	0	0	2	4	19	15
Aerococcus viridans	19	35	0	0	0	1	10	3	3	1	19	17	0	1	52	8	9239	3174	2	0	117	52	4	0	1	1	15	14
Aerococcus viridans C	18	21	0	0	0	0	10	3	0	3	10	10	18	1	60	6	3035	1015	0	0	38	28	8	0	3	4	22	17
Aeromonas caviae	13	9	1	3	1	3	397	28	17	3	144	38	17	4	11193	729	61	6	35	1	163	24	58	10	16	17	293	72
Afipia broomeae	8	10	1	1	0	5	104	14	6	2	17052	5747	27	12	9	1	5	2	28	3	35	24	33	32	6	9	50	35
Aggregatibacter aphrophilus	0	2	39	133	600	2130	68	22	317	464	2069	1543	0	1	68715	20160	5346	2468	0	0	2857	1351	0	0	6	8	42	15
Aggregatibacter kilianii	0	1	47	113	1809	6485	120	27	493	639	4446	3489	0	1	129508	37636	5937	2681	0	0	3020	1314	1	2	1	4	40	13
Aggregatibacter kilianii A	2	0	5	11	38	126	9	1	12	18	104	69	0	0	2616	771	277	131	1	0	147	55	0	0	1	1	5	0
Aggregatibacter segnis	1	0	36	145	575	2247	25	12	109	128	230	172	0	0	8423	2279	1227	496	2	0	392	180	0	2	0	1	9	3
Aggregatibacter segnis A	0	4	48	112	519	1856	16	13	113	179	258	221	0	0	9750	2628	1528	671	4	0	533	231	1	3	2	0	11	8
Aggregatibacter sp000466335	0	1	22	63	377	1060	18	10	55	69	233	150	2	1	6427	1674	739	302	4	0	306	146	0	3	5	4	21	9
Agrobacterium sp900013535	15	13	2	1	1	1	31	4	1	2	4	5	16	4	50	3	14	2	15	0	1	1	6	2	4437	1838	21	3
Aliidongia dinghuensis	3	1	4	1	2	3	54	14	5	2	11	10	10	1	13	0	11232	4249	23	1	18	0	1	4	1	2	138	65
Alishewanella agri	8	11	0	0	0	2	14	3	2	0	1	1	26	0	3119	255	30	8	4	0	1499	327	11	24	14	6	204	71
Anaerococcus urinomassiliensis	0	3	5	53	8	62	81	20	139	302	14	11	11	24	56	35	114	90	4	1	30	26	17	7	10	8	14671	7470
Anaerosphaera mikwangii	0	0	338	1671	94	657	16	12	263	460	12	10	55	88	169	74	437	233	0	0	917	638	0	0	34	59	1	1
Aquabacterium commune	42	19	3	3	1	2	7	3	8	3	4346	1618	19	5	55	8	28	4	0	0	24	6	0	1	47	63	1	0
Arachnia propionica	0	1	91460	83688	104007	136476	16022	2317	12353	6955	1998	879	15100	2696	50013	7098	55120	8661	2	0	372236	51165	4	3	1206	687	75	24
Arachnia propionica B	0	0	57	55	403	562	34	4	163	85	26	15	96	35	509	70	575	88	1	0	2312	350	1	1	22	11	3	1
Arachnia propionica C	0	0	100	85	301	559	45	8	159	87	34	12	56	12	502	65	514	94	0	0	2007	357	3	0	14	5	1	3
Arachnia rubra	3	2	1396	1395	2937	4394	413	60	755	477	157	53	411	99	2732	456	2609	448	15	2	14486	2199	35	5	63	24	235	52
Arachnia sp013333945	1	0	4521	4505	26256	37175	2286	367	13100	8467	3351	1631	1222	280	27290	3980	24433	3997	32	2	125996	17702	7	5	305	163	71	41
Arachnia sp900607225	0	0	9654	9176	25399	34791	3727	555	6399	3761	801	351	2807	450	20785	2940	20563	3190	10	1	118123	16427	40	6	659	344	61	19
Arachnia sp905372155	0	0	45094	41565	70516	91585	17704	2555	16770	9785	1431	615	5613	962	32629	4518	31306	4853	13	1	191854	26703	7	3	3872	1869	177	70
Aureimonas A endophytica	1	8	7	6	5	3	53	13	7	7	7	5	16	2	14	4	16455	6164	32	3	18	2	4	4	12	4	227	118
Azonexus agitatus	0	0	6	8	7	14	17	6	8	4	38512	19060	0	0	36	6	14	5	2	0	15	4	3	1	3	3	3	0
Azonexus aromaticus A	0	0	4	5	4	4	2	2	5	5	5197	2739	1	0	52	2	30	7	4	0	12	5	2	0	2	0	0	1
Azonexus aromaticus B	0	0	6	6	8	3	0	0	7	4	2014	1092	10	0	13	6	14	3	1	0	27	3	0	0	1	0	3	0
Azonexus denitrificans	0	0	4	7	9	4	0	1	2	4	2631	1390	0	0	20	2	20	1	3	0	7	2	0	0	0	0	1	1
Azonexus hortensis	2	1	3	4	3	9	24	17	29	27	5707	3151	0	0	14	2	470	117	0	1	11	2	0	1	2	1	18	15
Azonexus sp002345845	0	0	6	7	10	13	4	0	7	3	3807	1878	21	0	15	0	6	6	2	0	7	0	0	0	2	2	5	2
Azonexus sp002425245	0	0	3	4	2	7	0	1	6	0	1904	999	0	0	10	0	5	2	0	0	6	0	0	0	1	0	2	2
Azonexus sp002440665	0	0	6	1	4	9	5	0	5	4	2654	1304	0	0	16	2	8	1	0	0	3	2	4	0	0	0	4	2
Azonexus sp002470165	0	0	4	5	2	4	0	0	2	2	9264	4768	0	0	7	0	8	1	1	0	0	0	0	0	3	0	0	0
Azonexus sp002840765	3	0	3	4	3	14	0	0	5	0	3280	1775	0	0	17	3	16	3	1	0	15	3	0	0	4	0	1	0
Azonexus sp002842145	0	0	0	6	4	4	4	0	2	5	5458	2946	0	0	19	3	7	3	1	0	4	2	0	0	0	1	10	3
Azonexus sp003441615	0	0	0	13	4	4	5	1	2	4	1804	1081	1	0	16	3	7	1	1	0	8	3	0	0	1	0	2	1
Azonexus sp003583745	0	0	5	3	3	13	0	0	8	4	2985	1616	4	2	31	3	16	1	4	0	14	3	0	0	1	1	2	0
Azonexus sp004379165	0	0	4	4	2	6	0	3	3	2	3903	2048	0	1	46	5	18	4	8	0	13	3	0	0	1	0	5	0
Azonexus sp008711155	1	2	6	4	8	24	95	14	10	5	163537	73422	12	3	44	3	15	7	15	1	16	3	0	0	11	8	8	4
Azonexus sp009469585	0	0	10	4	6	3	11	0	11	3	4384	2209	7	1	9	2	4	3	3	0	3	1	4	0	4	4	0	1
Azonexus sp009469615	0	0	2	3	1	5	9	2	3	1	12590	6321	15	0	29	1	19	3	2	0	9	4	0	1	1	2	17	4
Azonexus sp013335535	0	0	6	11	4	4	1	1	2	5	3621	1901	0	0	23	1	13	3	0	0	7	0	0	0	1	2	9	7
Azonexus sp013363835	0	0	1	5	5	8	0	0	1	1	3247	1693	0	0	9	2	2	1	0	0	4	2	0	0	2	2	0	1
Azonexus sp016705475	0	1	5	4	7	8	0	3	4	7	2285	1182	0	0	17	3	19	3	0	0	6	0	4	0	0	3	2	3
Azonexus sp016709495	0	0	5	10	2	14	1	2	6	3	19796	10592	23	0	43	7	33	9	0	0	20	6	0	0	0	1	2	0
Azonexus sp016709965	0	0	4	3	3	11	3	3	6	5	7525	3885	0	0	20	1	10	1	0	1	9	2	0	0	1	1	5	1
Azonexus sp016790815	0	0	3	4	3	5	3	0	5	2	4845	2369	0	0	15	7	8	1	1	0	5	1	0	0	0	0	2	3
Azonexus sp016790885	2	1	5	5	5	2	16	1	12	7	10307	5179	0	1	24	3	15	5	0	0	2	1	0	0	4	2	2	1
Azonexus sp016791065	0	0	1	2	4	8	6	0	6	1	4288	2153	9	1	17	1	15	3	0	0	11	4	0	0	6	0	2	3
Azonexus sp016864195	0	0	3	6	5	5	9	0	2	4	2215	1299	7	2	17	3	16	1	0	0	8	4	0	0	3	3	2	0
Azonexus sp017983615	0	0	1	2	0	5	0	0	2	0	2990	1528	0	0	14	2	6	5	1	0	8	1	0	0	1	0	1	0
Azonexus sp018261895	1	0	2	1	3	6	9	0	5	4	2098	1242	0	0	15	8	8	1	2	0	4	3	0	0	1	0	4	2
Azonexus sp018261905	0	0	6	10	3	12	18	1	7	3	1996	1123	2	0	27	1	18	1	0	0	12	2	0	0	5	0	1	0
Azonexus sp018780195	0	0	2	9	4	4	9	3	5	1	3677	1757	3	0	21	4	16	0	0	0	6	2	0	0	3	0	133	77
Azonexus sp018828385	0	0	1	1	4	5	2	1	2	1	4715	2123	0	0	13	1	10	4	3	0	7	0	0	0	1	2	17	5
Azonexus sp903922075	0	0	1	3	5	5	1	2	3	3	4079	2272	0	1	13	0	5	1	0	0	1	0	0	0	0	0	5	3
Azonexus sp903930395	0	0	0	2	0	5	0	3	5	0	2424	1469	19	3	2	0	11	1	0	0	8	4	0	0	1	0	6	0
Azonexus sp907163225	0	1	8	14	3	12	5	2	9	3	2505	1370	0	1	48	4	29	4	0	0	6	4	1	0	0	2	17	5
Bacteroides heparinolyticus	0	0	2075	5207	1632	5244	0	3	13	22	0	0	10	4	93	26	59	34	0	0	37	24	0	0	3	4	4	4
Blastomonas delafieldii A	1	2	0	0	0	0	1195	167	0	0	28425	12787	23	12	6	1	2	0	1	2	4	0	8	1	2	2	10	3
Brachymonas denitrificans A	0	0	5	10	23	16	45	8	49	20	123	61	30	5	1394	123	627	99	8	0	224	33	0	0	8	5	33	10
Brachymonas sp017993135	1	0	11	23	24	61	73	17	94	48	278	133	67	12	3033	268	1505	259	0	1	562	91	0	0	21	11	0	0
Brachymonas sp017996515	0	0	83	95	110	184	641	103	761	390	2129	875	256	66	25898	2080	12658	2055	0	0	5149	778	0	2	57	13	3	2
Brachymonas sp018054915	0	0	6	9	19	46	127	15	121	85	336	167	42	4	4617	416	2264	375	0	0	778	147	0	0	8	6	3	3
Brachyspira hampsonii B	3	1	0	1	0	0	30	16	0	1	7	0	0	6	6	0	7591	2754	20	1	0	2	0	0	4	1	117	60
Bradyrhizobium sp001556045	42	19	5	6	3	2	135	19	8	3	5154	2237	33	26	7	6	3	1	15	3	21	19	29	20	2	9	52	23
Bradyrhizobium sp003020115	4	13	0	0	0	1	487	108	41	42	139	78	0	12	503	32	92	33	23	11	31	15	51	54	37	80	584	317
Brooklawnia sp000413315	2	0	13369	16094	41790	66757	5016	547	105880	44400	74229	25160	629	83	127924	9267	116564	13564	0	0	16195	2689	0	0	2408	876	689	238
Bulleidia moorei	0	3	768	4043	322	1842	77	16	413	552	32	36	1	12	106	38	200	126	0	0	61	45	2	3	6	11	44	20
Bulleidia sp016812035	0	0	241	1545	64	437	66	20	378	629	15	21	73	125	291	114	712	352	0	0	265	132	0	0	12	13	0	1
CAG-791 sp900625025	0	0	326	1097	197	771	10	2	70	104	4	2	84	60	32	14	88	53	0	0	312	95	0	0	26	20	2	0
CAJPNN01 sp905372035	0	1	8053	38281	2258	12720	173	98	172	348	7	11	2068	2247	577	202	2517	1509	4	0	6598	3360	0	0	46	79	2	0
CAJPPJ01 sp905372515	0	0	18	257	296	3744	8	7	31	133	268	514	0	9	187	154	265	288	0	0	17	12	0	0	2	5	0	3
CAJPQU01 sp905372875	0	1	6789	12209	1537	3561	861	189	37	27	0	3	297	114	306	42	1733	394	0	0	8988	2508	0	0	148	109	11	6
CAJPQU01 sp905373705	0	0	2750	4918	913	2071	116	24	44	25	2	0	185	143	220	51	547	183	0	0	1289	370	0	0	158	68	1	2
CAJPSE01 sp003860125	0	0	41032	50419	11259	19818	2816	536	2316	1545	66	26	18649	5985	3805	633	9500	2517	5	0	48111	10838	0	1	457	314	0	1
CAJPSE01 sp905373185	0	0	156458	173290	47631	74446	1151	237	687	421	25	12	4639	1758	5272	776	9562	2281	0	0	26383	6328	4	1	294	206	19	4
CSP1-1 sp001443365	1	2	0	7	0	3	128	55	59	133	634	662	0	0	0	1	31	19	235	169	3	0	0	1	3	7	1262	1008
Campylobacter A rectus	0	0	5365	14109	3490	11565	86	26	126	174	42	35	95	103	2014	499	1458	571	2	1	682	285	0	2	22	29	4	4
Campylobacter A showae	0	2	462	1177	1655	4943	104	23	160	211	50	47	0	2	2260	583	1555	586	0	0	552	201	0	0	7	9	4	2
Campylobacter A showae A	0	1	396	913	1341	3983	82	28	159	210	44	49	6	2	2523	674	1599	613	0	0	572	237	0	0	5	5	10	2
Campylobacter A showae B	2	0	483	1210	1672	5626	61	34	185	244	50	52	5	3	2892	758	1786	722	0	0	682	283	0	0	10	8	1	1
Campylobacter A showae D	0	0	732	1719	2940	9040	47	14	121	143	24	18	3	1	1623	417	1043	412	4	0	404	156	0	0	4	12	4	2
Campylobacter A showae E	0	0	584	1543	2040	6544	42	21	170	203	41	41	13	7	2196	597	1481	556	0	0	559	222	0	1	10	12	6	3
Campylobacter A sp014253065	0	0	819	1880	3285	10439	64	14	130	198	33	32	0	5	1874	487	1297	524	0	0	443	174	0	1	6	4	4	1
Campylobacter A sp905372745	1	2	443	1015	1836	5400	28	11	92	122	29	32	13	2	1294	347	825	319	0	0	304	101	1	1	3	8	3	0
Campylobacter B gracilis	0	0	1152	2675	771	2385	266	71	45	39	7	13	25	20	1641	335	1112	321	0	0	579	195	1	1	84	67	21	5
Campylobacter B gracilis A	0	0	922	2016	679	1965	169	63	26	38	10	3	11	18	1445	301	910	235	0	0	478	181	2	1	76	43	13	2
Campylobacter B sp900539505	1	1	1616	3490	1040	3052	400	100	76	78	21	9	50	18	2876	534	1809	522	0	0	747	307	1	0	116	129	10	5
Campylobacter B sp905373215	0	0	1346	3069	911	2700	410	63	54	55	11	11	25	8	2076	421	1416	415	2	0	629	232	0	0	68	79	17	6
Campylobacter B sp905373295	0	0	1295	2765	899	2475	411	83	54	51	17	10	30	21	2294	445	1549	446	0	0	704	242	0	0	115	81	16	4
Capnocytophaga bilenii	0	0	50	178	1481	6993	9	2	11	26	20	23	0	0	575	289	320	239	2	0	97	63	0	4	4	5	6	6
Capnocytophaga endodontalis	0	6	449	1833	2624	13122	78	29	68	112	70	56	4	6	4806	2195	1999	1330	2	0	1034	570	4	0	11	16	239	109
Capnocytophaga gingivalis	3	5	155	597	3564	15887	67	17	101	169	211	182	0	1	4068	1767	2433	1523	0	0	958	477	20	3	14	8	67	29
Capnocytophaga granulosa	1	3	440	1653	9825	41112	29	4	20	31	24	23	0	1	841	422	755	454	1	0	220	122	3	1	10	5	24	32
Capnocytophaga leadbetteri	11	4	193	846	2379	10613	83	28	121	181	118	122	5	1	4393	1886	1214	708	2	0	463	250	1	8	21	15	54	28
Capnocytophaga ochracea	1	3	2466	10825	5272	25809	188	106	173	294	42	43	62	62	5223	2668	2325	1601	0	0	3237	1953	0	2	68	123	80	42
Capnocytophaga sp000192225	0	1	150	564	354	2189	29	29	13	30	33	27	11	8	497	290	262	160	2	0	212	124	0	1	1	0	7	3
Capnocytophaga sp000466425	1	0	53	202	1550	6586	9	3	17	19	34	21	0	0	629	285	511	293	0	0	166	93	5	1	2	2	10	7
Capnocytophaga sp002999135	0	1	60	207	417	2072	26	13	140	224	159	163	16	7	7543	3588	1484	935	0	0	422	227	1	0	0	2	8	8
Capnocytophaga sp905372595	0	0	6	41	670	3225	10	3	17	28	31	41	0	0	661	359	265	238	0	0	194	90	4	0	0	2	2	2
Capnocytophaga sputigena	4	13	311	1231	3591	17116	105	27	104	192	158	145	11	4	9734	4570	3849	2586	3	0	1735	964	9	9	13	11	133	54
Cardiobacterium hominis	8	5	323	508	9144	16604	60	16	82	58	65	23	1	10	1984	315	734	175	13	0	355	84	3	1	26	9	57	16
Cardiobacterium valvarum	2	1	2222	3145	27896	52026	520	92	1442	958	572	253	159	66	23829	3204	9207	2091	0	0	5522	1247	10	0	177	116	56	8
Catonella massiliensis	0	1	225	1191	156	996	5	4	33	93	4	8	12	15	126	43	147	82	0	0	147	89	0	0	41	60	10	5
Catonella morbi	0	1	2784	13322	5058	26736	59	33	134	257	12	13	42	46	1188	586	857	481	2	0	357	241	0	0	56	71	18	16
Cellulomonas hominis	4	7	7	13	9	17	137	18	10	8	83451	23290	84	13	23	3	43	7	15	7	87	17	39	5	16	6	31	6
Cellulomonas hominis C	0	1	4	4	5	9	12	0	12	7	2387	893	52	9	13	2	31	6	6	0	52	16	0	0	4	5	6	0
Cellulomonas sp003696205	0	0	6	4	7	9	9	5	19	3	1842	690	100	14	21	2	43	7	1	0	45	11	0	0	7	3	15	2
Cellulomonas sp014763765	1	0	6	4	4	10	21	2	12	2	10830	3679	57	4	24	3	35	4	1	0	55	6	1	1	6	3	4	1
Centipeda infelix	0	0	1565	2468	1008	2183	24	3	23	15	2	1	0	1	108	20	126	36	0	0	134	48	1	0	11	8	9	4
Centipeda massiliensis	0	0	1194	1874	864	1801	5	2	18	13	1	2	1	0	49	7	107	29	7	0	175	37	0	0	3	4	22	3
Centipeda noxia	1	3	2958	5265	3347	7914	95	14	37	30	10	7	15	1	229	35	384	86	0	1	833	247	6	2	82	83	176	27
Centipeda periodontii	0	0	2733	4455	1325	2883	11	8	9	12	2	0	2	1	60	15	73	28	0	0	126	24	2	0	7	5	3	1
Centipeda sp000468035	2	2	2371	4194	5635	12273	56	14	25	23	1	3	6	7	190	30	369	110	2	0	346	94	0	0	24	19	8	2
Centipeda sp001683335	0	0	1285	2042	411	943	20	3	22	6	2	0	0	0	66	8	77	20	0	0	113	36	0	0	6	5	11	1
Centipeda sp001717585	0	0	3991	6562	951	2113	29	2	10	10	1	0	0	0	83	20	102	34	0	0	177	46	0	0	5	7	10	0
Centipeda sp905372865	0	0	741	1215	2218	4320	40	2	16	5	4	3	9	0	86	12	85	21	0	0	105	18	0	0	5	6	7	0
Chlorobium limicola	0	0	1	6	164	453	0	0	0	5	0	1	0	0	106	22	418	87	0	0	1270	302	0	0	0	0	0	0
Chlorobium sp013334435	0	0	0	1	174	560	0	0	2	2	8	1	0	0	108	15	462	125	0	0	1517	403	0	0	0	0	0	0
Chlorobium sp016866305	0	0	0	0	270	807	3	0	1	3	2	5	0	0	159	35	613	178	0	0	2335	629	0	0	0	0	0	0
Cloacibacterium caeni A	1	5	0	1	0	10	42	340	2	4	7	10	16	17	18	5	42	27	4	3	20	10	6	24	921	1031	79	137
Cloacibacterium sp002422665	2	4	0	0	0	13	25	173	0	1	1	8	6	9	8	2	2	8	1	3	16	6	1	5	1246	1335	58	79
Clostridium A leptum	3	4	2	4	1	0	950	151	29	10	905	313	105	1	350	14	151	26	178	10	50	7	277	60	137	49	192	35
Cohnella sp019091135	0	0	1	1	1	1	58	12	14	10	60	27	26	12	6	1	6	2	0	0	10	2	0	1	1	0	1776	858
Comamonas antarcticus	8	6	4	2	9	8	19	3	5	2	63	29	9	2	94	7	57	15	9	0	11957	1757	11	2	8	7	6	4
Comamonas jiangduensis	13	7	1	1	3	11	17	2	3	4	8	7	14	0	110	20	46	13	2	0	17	3	2	2	1742	702	5	1
Comamonas sp002472915	2	3	2	3	10	6	32	3	5	3	29	7	0	1	165	20	90	12	3	0	4148	638	4	1	6	2	3	2
Corynebacterium accolens	25	21	2	3	1	5	3924	760	108	45	1022	332	28	10	605	23	395	40	39	4	100	19	970	117	156	50	557	101
Corynebacterium afermentans	59	48	0	2	3	5	920	53	10	5	152	53	80	12	327	5	81	5	237	18	32	8	207	32	60	24	1250	260
Corynebacterium aurimucosum E	37	15	1	2	0	3	1418	146	30	12	397	118	65	10	1043	27	188	24	87	8	75	10	98	15	81	38	1045	222
Corynebacterium durum	22	29	6	12	405	1009	595	102	1442	732	268	91	25	4	7652	1192	26861	3802	24	3	22546	3482	62	11	46	23	586	203
Corynebacterium genitalium A	16	18	1	0	0	4	100	25	9	5	105	22	56	8	541	19	157	14	34	3	140	20	47	16	43	19	2007	377
Corynebacterium gottingense	15	18	4	2	4	7	666	41	16	5	121	46	56	4	741	16	112	13	101	3	385	54	163	15	97	47	3821	536
Corynebacterium haemomassiliense	23	10	0	2	1	2	814	81	20	9	375	91	27	7	481	12	142	21	195	20	163	20	229	31	80	28	3180	540
Corynebacterium kefirresidentii	24	11	2	1	3	5	4834	744	179	95	3434	1153	138	19	1664	40	1107	108	678	72	305	51	1021	139	262	134	7752	1302
Corynebacterium kroppenstedtii B	12	5	2	1	0	7	1368	165	13	11	245	100	106	25	2420	85	3397	528	246	13	23	4	193	50	219	135	1731	452
Corynebacterium lipophilum	44	25	2	0	3	2	436	24	6	3	68	27	41	5	182	4	52	10	173	11	49	10	137	28	31	23	1304	230
Corynebacterium matruchotii	13	14	4737	8072	29275	71605	849	88	522	487	387	95	19	10	42881	8521	5098	1667	69	13	2290	786	85	24	108	53	1337	298
Corynebacterium singulare	26	22	1	2	2	6	109	5	9	4	26	14	14	1	160	6	57	9	128	15	150	24	165	20	16	17	91115	13646
Corynebacterium sp000478175	14	7	1	0	2	3	3821	694	54	37	523	188	51	6	659	21	385	37	53	1	69	11	806	68	119	45	502	88
Corynebacterium sp001812805	4	2	0	3	2	5	55	9	3	1	28	9	13	2	58	3	21	5	1	1	24	2	18	8	10	13	2412	391
Corynebacterium sp900539985	14	11	0	0	1	5	610	74	11	5	249	68	50	7	509	15	153	14	59	5	48	9	69	11	58	21	616	107
Corynebacterium tuberculostearicum	30	14	3	1	1	2	667	109	24	9	330	105	95	10	760	20	171	20	72	3	107	25	93	16	68	32	1354	239
Corynebacterium tuberculostearicum C	16	4	0	1	0	0	546	81	24	12	257	97	84	9	657	22	150	16	66	3	120	16	124	19	41	34	1132	179
Corynebacterium tuberculostearicum D	34	20	2	2	0	2	768	81	14	14	327	107	62	4	601	18	143	18	155	16	73	13	59	11	58	35	892	135
Cupriavidus basilensis	0	1	11	8	4	1	46	3	3	3	40743	16423	7	13	96	1	41	6	5	0	30	4	1	0	5	0	7	0
Cupriavidus basilensis D	0	1	2	2	1	2	9	2	2	1	2596	1088	1	1	11	1	6	0	3	0	14	4	0	0	6	1	2	1
Cutibacterium avidum	1	6	8	9	20	43	1290	206	83	44	467	163	90	12	572	22	521	58	142	12	197	32	361	51	110	47	1612	213
Cutibacterium granulosum	45	44	10	8	10	24	19914	2501	523	185	6724	1595	838	65	4770	175	3374	419	2124	174	1209	171	2749	326	740	301	2790	435
Cutibacterium modestum	17	11	10	16	18	23	3273	716	69	45	1156	420	122	24	2971	91	1918	265	687	82	193	30	1271	257	531	217	718	147
Cutibacterium namnetense	38	17	9	7	9	26	4004	756	134	73	2791	1018	357	30	5257	208	3043	404	4127	500	635	96	9291	1170	1151	425	2784	517
Cutibacterium porci	4	5	2	8	8	14	736	147	38	20	197	57	58	16	576	24	414	46	159	12	89	24	313	47	107	55	163	34
DUUL01 sp012841575	0	0	98	501	23	142	14	7	166	192	0	0	304	146	119	29	379	107	0	0	376	142	0	0	8586	6392	7	3
Dermacoccus nishinomiyaensis	0	0	1	7	9	6	1872	138	14	4	152	13	92	6	245	7	239	9	244	6	46	6	20	0	28	11	22	3
Desulfobulbus oralis	0	1	104228	141456	62481	101290	335817	52525	235284	142892	30980	13301	80818	22321	152748	17615	292423	59107	2	1	1043133	187125	0	4	79473	54603	124	69
Desulfomicrobium orale	0	1	374318	484626	23773	45909	780	142	5445	3985	249	161	11933	4121	50145	6928	69702	14514	0	0	10816	2833	0	2	154	128	6	0
Desulfovibrio sp000403945	0	0	299	501	191	320	700	133	512	327	70	26	248	56	323	45	721	161	0	0	2598	428	0	0	211	138	2	0
Desulfovibrio sp003860215	0	0	3536	4836	5583	9700	39	8	29	23	4	16	24	18	427	46	174	36	0	0	51	17	0	2	4	8	0	0
Dialister invisus	24	13	3209	10827	619	1969	137	20	17	12	48	23	25	41	88	28	138	49	14	1	872	291	9	4	13	13	58	12
Duganella sp900110275	0	0	2	2	2	5	23	0	1	4	19	8	9	2	9	2	14	3	1366	75	1695	270	0	0	6	2	2	4
Duganella zoogloeoides	0	0	2	0	3	5	8	1	6	3	11	7	0	0	32	3	80	7	21	0	2373	336	1	0	4	2	15	3
Eggerthia catenaformis	0	0	1031	4737	427	2485	34	6	155	177	7	3	33	106	100	45	190	113	0	1	297	156	0	0	30	36	4	2
Eikenella corrodens	0	2	434	748	4486	9797	82	17	107	74	268	146	0	0	12179	1732	9277	2271	2	0	1116	260	1	0	0	1	41	3
Eikenella corrodens B	0	0	262	314	1513	2799	82	8	94	59	221	116	12	7	10214	1317	7335	1600	1	0	875	210	1	0	1	2	13	1
Eikenella exigua	0	0	323	486	1103	2216	133	27	124	78	280	135	33	33	8911	1170	6342	1424	0	0	1056	200	0	0	13	17	3	3
Eikenella halliae	0	0	157	237	1496	2770	36	2	40	50	82	66	9	0	4645	572	3192	747	0	0	470	127	0	0	2	0	31	1
Eikenella longinqua	0	0	964	1427	232	423	16	5	32	34	41	15	9	3	1327	158	914	176	0	0	229	48	0	0	3	0	0	0
Eikenella sp016025525	0	0	58	57	206	459	30	6	31	28	49	19	5	6	1025	133	726	135	0	0	171	47	0	0	2	1	1	1
Enterobacter hormaechei A	3	1	0	0	1	0	74	9	7	5	29	8	18	1	3505	144	22	0	7	1	2086	444	135	56	10	3	156	38
Enterobacter ludwigii	8	4	1	1	0	4	49	3	3	2	4	2	1	1	255	9	8	1	0	0	2887	576	0	2	2	0	2	4
Epilithonimonas hispanica	4	13	0	0	0	4	327	92	2	10	49	32	7	13	76	23	77	29	11	1	6096	4686	159	69	26	32	80	71
Eubacterium B infirmum	1	4	319	1343	99	629	26	40	201	251	28	34	32	56	341	140	427	242	4	0	1254	691	0	0	78	80	18	14
Eubacterium B sulci	1	2	163	710	23	148	22	34	116	194	17	23	6	18	250	80	265	143	0	0	396	246	2	0	42	36	26	19
Eubacterium M brachy	4	18	825	3568	192	1179	96	26	41	99	25	19	27	58	131	68	268	127	1	0	152	89	3	2	32	43	97	46
Eubacterium N saphenum	1	3	4663	20650	976	4758	23	12	8	14	4	2	543	479	60	35	416	218	0	1	216	112	0	3	13	15	8	1
Exiguobacterium chiriqhucha	2	1	0	1	0	0	11	2	2	0	2	2	0	0	4	0	11	1	0	0	4	2	0	0	2562	1599	16	5
Exiguobacterium A undae	0	0	1	0	0	1	2	0	8	3	1	1	0	0	3	0	6	0	0	0	0	0	0	1	2365	1340	1	2
F0058 sp000163695	0	1	29684	100186	23959	96671	1230	671	1349	2193	53	89	180	191	11954	4599	7142	3996	0	0	21341	11288	1	0	511	623	46	39
F0058 sp905372135	0	0	13282	41097	17236	64072	187	99	535	884	29	33	67	122	4888	1602	3612	1971	0	0	3753	1815	0	1	94	84	14	6
F0058 sp905372605	0	0	3501	11057	6718	25846	20	18	105	165	8	12	19	29	832	265	680	359	0	0	443	251	0	0	18	18	13	4
Fictibacillus barbaricus	9187	13479	0	0	0	1	3	2	2	1	4	4	0	0	931	339	23	16	6	0	2	1	4	0	2	2	4	11
Filifactor alocis	1	13	2879	13675	1689	9335	46	42	113	192	16	23	123	150	579	270	1423	995	5	0	510	291	0	1	57	66	27	22
Finegoldia sp910589545	1	1	0	2	0	0	83	34	8	34	8	14	0	2	65	9	1518	635	2	1	3	0	7	1	8	8	4709	3421
Flexilinea sp001717545	0	0	274315	482492	120787	254384	21832	3879	18545	13995	1183	545	561202	189142	11303	1687	199095	41630	0	0	627500	112908	0	3	53154	33859	113	79
Fretibacterium fastidiosum	0	0	39761	45996	15432	24537	1419	255	369	237	31	4	1071	462	2812	380	6320	1532	2	1	10428	2641	0	0	172	112	20	9
Fusobacterium animalis	0	3	186	1790	118	1034	31	31	10	44	11	31	6	15	1068	923	372	431	2	2	73	114	17	2	5	13	37	54
Fusobacterium canifelinum	0	1	200	1757	267	2298	36	54	46	127	45	113	16	28	4588	3809	2038	2332	0	0	342	439	0	2	7	12	18	18
Fusobacterium hwasookii	0	0	113	1072	619	5348	66	54	117	288	221	387	4	2	16136	12440	3609	4010	4	1	663	837	0	0	2	14	24	13
Fusobacterium nucleatum	2	5	470	4121	471	4455	124	102	17	64	39	45	22	78	1894	1583	999	1176	0	0	231	323	0	2	3	20	8	15
Fusobacterium nucleatum D	0	1	138	1325	336	2949	35	37	33	77	43	52	5	2	3039	2514	1053	1296	0	0	208	241	0	3	7	18	26	23
Fusobacterium nucleatum E	0	0	47	455	72	584	18	16	14	38	14	25	1	11	1133	839	358	433	0	0	63	104	1	0	1	5	3	9
Fusobacterium nucleatum J	0	4	65	707	75	652	26	23	6	26	8	24	0	7	831	672	297	344	0	0	79	83	3	0	0	10	25	29
Fusobacterium periodonticum	0	2	47	354	52	533	24	13	19	50	22	49	0	0	3365	2606	759	811	0	0	83	118	0	0	2	4	16	19
Fusobacterium periodonticum B	0	4	16	153	25	253	28	8	4	27	9	21	0	0	1001	789	268	262	0	0	29	35	0	3	4	1	29	34
Fusobacterium periodonticum D	0	5	15	181	30	279	11	8	13	33	4	19	0	3	849	722	243	235	0	0	28	43	0	1	1	7	70	49
Fusobacterium polymorphum	0	2	246	2077	448	3836	50	30	59	111	34	66	113	171	2565	2081	965	1118	0	0	179	228	0	4	7	21	88	67
Fusobacterium pseudoperiodonticum	0	0	20	153	37	238	3	10	3	26	6	23	0	3	964	674	261	238	0	0	38	30	1	5	0	2	49	51
Fusobacterium sp000235465	0	1	53	469	53	412	8	21	19	53	14	37	3	6	1975	1575	523	546	0	0	52	90	0	0	2	8	14	15
Fusobacterium vincentii	1	4	120	925	93	961	33	54	19	52	44	36	0	10	1124	941	447	520	6	1	83	107	7	13	5	7	29	32
GN02-872 sp003260325	2	2	4	64	1673	14641	0	0	18	61	0	0	2	0	188	110	28	29	0	0	8	3	0	0	0	1	0	2
GN02-873 sp003260345	0	0	2	22	535	2370	0	0	0	0	1	0	0	0	0	0	0	1	0	0	0	0	0	0	0	0	1	0
Gemella cuniculi	0	0	15	102	14	122	20	7	79	181	9	2	31	42	240	155	636	479	0	0	496	325	0	0	0	8	4	0
Gemella morbillorum	0	24	136	1036	2764	22988	997	400	1764	4367	51	84	14	38	11872	7661	28509	20088	0	0	12276	8661	0	4	47	63	140	114
Gemella sanguinis	11	42	0	18	30	276	123	66	26	74	29	26	0	3	227	159	646	401	5	1	332	209	7	7	7	20	646	495
Gemmobacter sp003509785	0	1	0	1	0	2	3	0	1	0	3	0	0	0	4	0	3	1	0	0	4	0	0	0	2268	808	6	0
Granulicatella adiacens	2	4	25	150	497	2793	49	26	98	186	34	33	0	12	998	450	331	187	15	1	763	449	12	7	19	28	159	71
Granulicatella sp905371865	0	1	21	73	300	1488	8	5	96	140	8	14	5	4	478	260	154	97	3	0	408	220	2	3	1	1	30	7
H1 sp001653155	0	0	2154	6029	2927	10587	171	66	1040	1437	13	15	632	422	6931	2217	2219	1112	4	0	7123	3225	0	0	315	315	1	4
HOT-345 sp003260355	0	0	265	1133	1238	6169	114	44	117	245	36	30	0	0	295	134	373	236	0	0	138	100	0	0	4	17	2	0
HOT-345 sp013333605	0	6	21	104	804	4670	4	4	23	35	50	67	0	0	783	433	368	275	3	0	50	33	1	0	3	2	1	0
Hornefia minuta	0	0	88564	252728	22856	82341	1440	517	5872	6807	271	202	70474	42409	10920	3482	37987	15462	0	0	170564	59930	0	3	23720	24626	8	13
Hornefia nodata	1	2	867	4649	359	2498	72	22	171	280	5	22	578	703	222	98	697	347	1	0	1139	721	0	0	86	107	50	13
Ideonella sp018780145	0	0	3	3	2	9	7	5	8	4	11026	3984	7	5	52	8	40	4	11	1	21	3	0	0	10	2	36	2
Inhella sp017302655	0	0	0	1	1	2	18	0	8	3	2195	929	3	0	93	4	44	7	2	1	18	6	5	0	7	5	1	0
JABCPE02 sp013333255	1	5	36	191	705	3596	478	276	504	926	7526	6096	7	6	19363	7032	2428	1302	0	0	9324	4354	2	5	7	14	33	29
JABCPE02 sp013333875	0	3	35	159	754	4350	745	392	775	1266	10014	8667	40	25	27136	10229	3499	1860	1	0	12786	6175	0	2	7	17	22	14
JACDBD01 sp013695115	0	1	4	11	0	5	426	73	13	6	36	10	107	7	62	5	2177	228	371	19	218	53	4	1	9	2	115	14
JACPAU01 sp016180705	3	0	55	66	21	32	496	104	40	11	647	241	289	9	3	0	6	0	84	6	1120	233	0	0	3	1	29	4
JACPRY01 sp016193565	0	1	6	14	5	1	706	263	23	10	2586	938	68	6	3	0	14	0	50	3	24	6	0	0	6	0	0	0
Janibacter hoylei	7	1	1	8	5	7	192	8	36	15	125	20	49	2	4384	51	420	28	40	5	54	6	49	2	18	3	51	7
Janthinobacterium psychrotolerans	5	5	3	0	5	7	103	11	3	1	10	8	15	0	37	5	30	5	9	0	13829	1788	0	0	23	10	14	3
Janthinobacterium sp002250505	1	0	1	4	2	5	105	6	1	1	8	4	22	4	17	3	19	3	8	0	7914	994	0	1	9	3	1	2
Janthinobacterium sp002878455	5	3	8	10	2	0	30	6	0	2	87	71	5	0	20	1	15	1	9	0	26290	2858	0	0	37	15	1	1
Janthinobacterium sp009923995	206	35	1	4	3	4	2249	24	26	0	137	6	362	6	170	11	36	1	181	8	621	62	126	4	38	10	141	3
Janthinobacterium sp014200725	1	1	0	2	3	4	2445	381	2	0	13	10	1	0	13	1	3	2	2	0	345	61	0	0	2	1	3	0
Johnsonella ignava	0	0	6500	45137	7882	52009	20990	6984	1755	2810	206	156	1252	1441	40713	13887	70181	35107	0	0	104988	53150	0	1	378	560	89	189
Johnsonella sp900766185	0	3	2258	13915	14234	91145	541	218	1583	3170	104	94	48	80	5805	2282	10909	5187	3	0	11690	6271	0	6	61	104	111	70
Johnsonella sp905373785	0	1	843	4745	5730	35033	414	162	812	1405	48	58	0	23	3500	1242	9177	4312	0	1	5193	2785	0	0	31	51	9	9
Kaistella haifensis	9	12	0	0	1	1	116	51	3	2	31	21	8	5	173	24	8153	2295	17	4	35	20	38	14	5	5	38	29
Kingella A denitrificans	2	1	22	46	601	1272	71	15	135	124	50	23	0	0	6628	1186	893	252	0	0	518	109	1	0	17	1	20	9
Klebsiella grimontii	3	0	1	0	0	1	91	14	5	2	23	9	7	9	10037	433	65	8	6	0	15986	3342	47	4	37	11	34	12
Klebsiella michiganensis	15	0	0	1	0	1	213	5	6	3	59	13	107	6	269	15	13	1	86	6	1847	323	53	4	11	5	82	15
Kocuria palustris	69	31	4	2	3	11	6428	357	70	19	3895	962	110	14	979	32	4188	492	100	2	201	32	347	37	141	76	1368	241
Kocuria rhizophila	4	0	4	6	4	7	2616	153	50	10	274	59	63	14	1142	29	796	49	92	11	39	11	70	9	29	15	308	52
Kocuria rosea	161	67	1	1	4	5	49	12	32	5	189	48	29	15	51	1	1853	234	20	1	42	6	37	9	47	29	294	67
Lachnoanaerobaculum gingivalis	1	2	74	398	248	1466	7	11	125	299	19	15	13	35	370	145	265	166	0	0	362	292	2	0	6	4	4	4
Lachnoanaerobaculum saburreum	0	8	170	1100	435	2745	73	42	56	144	12	14	66	70	402	192	430	242	0	0	524	252	0	0	7	12	162	88
Lachnoanaerobaculum sp000209465	0	1	386	2358	5737	32497	38	26	565	1251	23	42	45	48	3006	1550	1081	721	0	0	1100	689	0	1	18	27	15	7
Lachnoanaerobaculum sp000287675	0	5	67	460	116	859	10	15	37	92	12	11	60	59	191	115	193	121	0	0	161	112	0	6	3	6	28	10
Lacticaseibacillus paracasei	2248	2078	0	1	1	1	30	2	2	3	19	4	3	0	93	21	116	37	0	1	3	3	159	23	5	6	13	5
Lactococcus cremoris	5	23	0	1	1	1	581	188	5	2	26	15	23	6	2732	360	321	93	24	9	36	5	100	33	40	79	74	34
Lampropedia sp003703475	0	0	17	21	300	531	15	1	49	20	135	46	7	6	1330	111	619	90	1	0	202	37	0	0	6	2	3	0
Lautropia dentalis	35	20	49	53	1104	1577	112	14	121	73	286	92	15	1	11342	1290	1799	333	7	0	3067	650	4	2	16	6	286	47
Lautropia mirabilis	16	12	2825	2952	72037	97433	721	117	3475	2217	1513	736	38	2	310152	33805	53237	10539	55	1	111384	21318	74	22	104	59	245	36
Lawsonella clevelandensis A	39	32	3	0	2	4	37501	13043	501	405	9901	4384	567	111	17365	493	4202	608	5642	1103	792	212	12560	2048	2189	1194	3960	1157
Lawsonella sp018376445	5	3	4	2	1	7	472	34	14	5	148	50	45	2	69	5	99	16	4	0	39	3	8	2	56	18	5941	874
Leclercia adecarboxylata	4	0	0	0	0	0	81	3	3	1	3	1	2	0	2328	148	10	0	2	0	43	10	3	3	11	3	71	33
Lelliottia amnigena	14632	8490	1	0	1	3	0	5	1	0	9	0	0	2	20	3	23	5	0	0	19	6	17	0	0	2	4	0
Lelliottia nimipressuralis	12	2	1	1	2	3	7	1	1	0	0	1	0	0	22	1	4	0	0	0	10420	2324	0	0	0	2	9	1
Leptotrichia buccalis	0	3	1631	9425	1250	7908	7	15	9	24	2	3	19	8	807	525	318	260	0	0	408	332	0	0	14	11	22	34
Leptotrichia hofstadii	0	1	129	621	281	1613	1	1	5	13	1	0	0	0	801	585	116	103	0	0	91	84	6	0	2	2	23	14
Leptotrichia massiliensis	0	1	136	829	978	6317	20	11	61	95	11	5	0	0	2347	1676	266	239	0	1	187	162	3	0	6	11	39	30
Leptotrichia sp013394795	0	1	214	1197	152	1068	11	4	5	13	0	2	0	2	475	290	69	72	0	0	105	73	0	2	0	5	9	10
Leptotrichia trevisanii	0	0	250	1410	221	1391	52	12	6	4	1	2	10	3	538	342	116	99	0	1	79	62	0	0	1	6	19	12
Leptotrichia A sp000469505	0	3	25	172	524	3961	8	17	82	173	16	11	0	7	4366	2799	856	701	0	0	481	390	0	6	11	13	109	70
Leptotrichia A sp001274535	2	6	62	551	6041	39745	49	31	240	578	50	86	32	66	29862	18465	4702	3578	1	0	2843	2536	0	4	15	13	79	36
Leptotrichia A sp905371725	0	2	28	186	2347	15108	45	18	82	200	19	17	0	1	7315	4544	1428	1183	0	0	702	663	0	1	9	9	44	25
Leuconostoc pseudomesenteroides	3486	3448	0	1	0	1	0	0	2	4	2	1	0	0	11	2	33	6	0	0	7	1	2	5	1	2	15	7
Ligilactobacillus acidipiscis	4590	3513	0	2	0	1	0	1	1	1	1	1	0	0	6	0	2	0	0	0	6	0	4	3	2	1	0	0
Limnohabitans sp009923505	1	0	1	2	11	20	0	1	2	8	2043	863	0	0	117	12	75	22	10	0	15	2	0	0	7	2	25	3
Lysobacter B sp002798295	0	0	58	99	64	132	45	7	73	42	231	133	9	3	2124	198	1087	197	0	0	201	52	0	0	1	2	0	0
Malikia spinosa	0	0	1	7	9	12	8	7	7	3	32	17	0	2	126	12	65	7	1	0	29	3	3	0	2005	791	3	1
Meiothermus sp015478585	243	292	1	0	0	2	236	58	8	6	26	7	42	16	7	1	3	1	1	3	200	348	278	275	18	31	321	391
Mesocricetibacter sp905373425	5	5	54	116	2376	9794	1223	329	1748	2484	4088	3536	0	0	86890	28415	20601	9426	0	0	5921	2685	0	0	9	13	15	14
Methanobrevibacter olleyae	0	0	9	64	4	38	4	6	149	396	1	1	732	882	467	309	139	138	0	0	1736	1539	0	0	26	49	7	2
Methanobrevibacter A gottschalkii	1	15	71	720	22	288	53	54	35	136	5	11	4185	4478	123	54	527	400	0	0	1254	915	0	0	111	274	1	2
Methanobrevibacter A millerae	0	1	6	68	2	29	11	8	14	23	0	0	929	1562	25	15	141	104	0	0	324	247	0	0	40	57	4	0
Methanobrevibacter A millerae A	0	0	25	170	7	64	12	12	11	26	0	4	14305	11331	199	57	236	132	0	0	408	250	0	0	46	50	2	2
Methanobrevibacter A oralis	0	0	250	3042	276	2982	2496	1507	1529	3407	226	183	41555	42553	1660	1026	21029	15610	0	0	34356	23116	0	0	3885	7215	19	45
Methanobrevibacter A smithii	1	0	7	29	5	35	4	1	2	14	7	1	1081	1160	41	16	102	63	0	0	165	111	0	0	16	38	1	4
Methanobrevibacter A smithii A	0	0	15	63	4	24	0	13	9	19	6	3	1644	2782	72	29	106	84	0	0	168	124	0	0	26	36	4	2
Methanobrevibacter A sp017434555	0	0	10	146	11	54	4	9	2	25	2	1	3011	2548	46	22	78	111	0	0	148	123	0	0	9	58	0	0
Methanobrevibacter A sp017468685	0	0	41	308	19	107	3	5	2	2	0	0	2103	2758	44	25	74	58	0	0	101	49	0	0	7	26	0	0
Methanobrevibacter A sp900317865	0	0	8	68	5	36	7	5	6	24	0	0	988	1338	39	13	81	57	0	0	116	80	0	0	8	25	0	0
Methanobrevibacter A sp900319535	0	1	16	148	4	40	12	16	21	26	3	3	884	1383	41	23	219	185	0	0	293	207	0	0	35	67	0	0
Methanobrevibacter A sp900766745	0	0	2	38	2	15	16	7	7	13	0	0	1788	1750	59	37	79	60	0	0	178	103	0	0	9	28	0	0
Methanobrevibacter A sp902764455	0	1	26	138	12	61	38	6	8	21	0	1	2085	2399	71	27	142	92	2	0	253	163	0	0	58	78	0	0
Methanobrevibacter A sp902783085	0	0	4	120	6	62	32	14	10	32	1	1	1078	1399	52	26	130	104	0	0	252	192	0	0	32	65	2	1
Methanobrevibacter A sp902785855	0	0	27	255	18	89	46	12	13	28	1	1	1110	1280	45	34	187	117	0	0	320	240	0	0	37	63	0	1
Methanobrevibacter A woesei	0	0	4	34	4	26	23	6	14	20	0	1	5370	4109	186	73	202	137	0	0	449	238	0	0	21	58	0	1
Methanobrevibacter B sp905235195	0	0	1	13	0	7	19	1	9	7	0	2	1166	1608	44	23	55	37	0	0	66	50	0	0	5	22	0	0
Methanobrevibacter C cuticularis	0	0	0	9	0	5	10	4	5	5	0	0	1148	1180	63	28	43	46	0	1	145	113	0	0	14	30	0	1
Methanobrevibacter C sp009777005	0	0	2	6	0	3	0	6	3	8	1	0	1439	1238	60	24	33	31	0	0	195	107	0	0	23	49	0	0
Methylobacterium organophilum	72	96	3	1	2	6	1007	145	28	27	76	34	222	94	15	1	5	1	492	73	32	10	543	182	59	89	442	231
Methylomirabilis sp016207095	0	0	1	1	0	1	1110	262	10	0	79	31	27	1	2	0	205	20	1966	92	118	9	0	1	0	1	66	9
Microbacterium algeriense	0	2	1	5	4	8	34	3	9	1	7036	1585	60	3	35	0	12	0	20	2	17	6	5	2	36	4	0	4
Micrococcus endophyticus	35	29	6	6	6	7	693	44	46	17	485	109	126	8	392	18	171	32	58	4	188	30	91	17	37	16	196	37
Micrococcus luteus	82	43	7	3	1	3	8073	496	542	149	6794	1223	1080	140	3863	103	1205	90	494	23	854	143	649	105	268	102	1550	287
Mogibacterium diversum	3	1	35	151	15	76	171	61	126	216	48	37	12	11	924	307	3839	1583	0	0	794	368	1	1	25	28	52	47
Mogibacterium pumilum	1	0	334	1257	99	430	725	281	1168	1860	295	194	81	116	4339	1405	18583	7357	1	0	2536	1166	7	0	126	143	2	5
Mogibacterium timidum	0	0	236	1217	113	869	47	27	145	234	25	27	81	76	386	161	1432	621	0	0	526	255	4	0	34	51	74	26
Moraxella A cinereus	26	91	0	0	0	2	1624	351	82	51	676	296	156	40	740	41	7404	1715	104	39	61	17	144	68	61	43	534	190
Moraxella A osloensis	22	66	0	0	0	8	1966	404	120	77	986	406	165	41	802	45	17043	3627	117	35	88	25	151	62	56	40	592	235
Moraxella A sp002478835	23	66	0	0	3	4	1493	279	62	52	622	251	168	47	641	37	10645	2510	110	39	663	233	120	54	31	33	548	173
Muriiphilus lacisalsi	7	4	2	1	1	1	124	26	1	3	11	5	5	4	16	0	22654	8205	11	6	12	3	6	6	3	1	470	169
Murimonas intestini	1	1	6	10	2	8	24	4	3	2	1	0	0	0	8	2	3742	945	2	0	5	1	0	0	4	0	127	49
Mycobacterium gordonae	128	45	1	1	2	7	92	43	8	7	43	8	261	88	83	6	28	3	793	58	18	9	916	160	107	65	734	173
Mycobacterium malmesburyense	3	2	1	3	0	2	47	8	7	0	8	0	17	4	12	1	11663	4277	24	2	12	3	31	6	1	6	208	105
NS-7 sp005877775	1	1	21	54	0	5	10	1	4	1	40	15	1213	140	6	0	10	2	800	58	3265	653	0	0	6	3	494	137
Nanoperiomorbus periodonticus	0	0	4766	10649	813	2586	122	46	35	43	1	0	93	39	147	44	301	89	0	0	3348	1079	2	0	1133	897	8	2
Nanoperiomorbus sp013333515	0	0	5145	11693	920	2671	259	69	100	91	8	6	140	86	203	49	455	137	0	0	4329	1350	0	0	2232	1696	6	3
Nanoperiomorbus sp905365345	0	0	5234	11756	920	2674	311	71	48	49	1	0	101	63	211	43	404	111	0	0	4408	1282	0	0	1457	1217	4	3
Nanoperiomorbus sp905372225	1	0	5159	12402	895	2567	180	46	56	48	0	0	90	49	173	33	308	102	0	0	3908	1165	0	0	1296	1080	3	0
Nanoperiomorbus sp905373275	0	0	5022	11187	926	2627	149	71	36	42	0	0	95	49	186	48	291	100	0	0	3843	1144	0	0	1277	942	6	0
Nanoperiomorbus sp905373385	0	0	5848	13781	1058	3134	186	67	42	49	0	0	39	45	215	54	378	108	0	0	4407	1494	0	0	1408	1182	6	0
Nanosynbacter lyticus	0	0	1163	2784	1135	3355	381	94	1565	1418	976	636	2275	936	4835	1079	11916	3475	0	0	2351	674	0	0	230	200	8	2
Nanosynbacter sp005697215	0	0	1633	3412	2136	5461	280	65	954	728	173	90	1962	793	1046	168	2454	587	1	0	1938	569	0	0	177	126	9	1
Nanosynbacter sp005697565	0	0	765	1605	1384	3777	240	65	8860	8277	799	531	1179	581	3246	582	5561	1443	0	0	7008	2072	1	0	117	97	13	4
Nanosynbacter sp010202115	0	0	1490	2985	1962	4509	321	61	1025	809	205	134	1376	555	1641	286	2827	645	0	0	2530	618	0	0	114	101	0	1
Nanosynbacter sp010202465	0	0	1090	2359	1387	3480	189	50	764	599	166	97	1233	415	893	169	1964	445	0	0	1554	445	0	0	112	100	0	1
Nanosynbacter sp010202645	0	0	1938	3551	2163	5620	200	68	808	600	171	82	1594	586	1098	183	2554	529	0	0	2060	551	0	0	151	147	8	1
Nanosynbacter sp010202845	0	0	1763	3165	2350	5762	314	60	885	643	159	97	2079	747	1091	196	2529	597	0	0	1904	536	0	0	157	124	2	0
Nanosynbacter sp013099015	0	0	2021	4130	2719	6968	269	57	996	811	220	105	1500	602	1434	263	2825	637	0	0	2832	679	0	0	590	413	4	0
Nanosynbacter sp013099195	0	0	1423	2827	1863	5022	284	48	950	798	188	77	1764	667	1258	208	2713	634	0	0	2027	558	0	0	172	127	5	1
Nanosynbacter sp013100805	0	0	1746	3376	2368	6111	309	63	816	628	153	103	1541	691	1065	175	2405	594	0	0	2286	614	0	0	160	149	0	2
Nanosynbacter sp013100825	0	0	828	1658	1377	3451	270	51	981	656	201	106	1393	480	1079	158	2299	518	0	0	1870	479	0	0	128	115	19	2
Nanosynbacter sp013333695	0	0	1590	3055	2074	5305	271	50	630	481	155	74	1656	634	1003	151	2260	580	0	0	2002	525	0	0	154	114	12	0
Nanosynbacter sp015257635	0	0	309	829	199	731	12	12	85	85	15	7	100	34	68	11	207	63	0	0	89	28	0	0	21	23	30	17
Nanosynbacter sp905372305	2	0	21970	55113	7260	21988	2297	550	2381	1884	337	188	29338	12843	2619	479	14227	3394	0	0	13160	3946	0	0	2727	2230	30	17
Nanosynbacter sp905372835	0	0	1138	2352	1349	3792	297	71	10080	8700	989	561	1324	612	3554	642	6102	1623	0	0	8035	2392	0	0	146	101	7	4
Nanosynbacter sp905373315	0	0	430	744	553	1464	154	45	11104	9914	1001	578	499	201	3684	670	5798	1504	1	0	8198	2357	2	1	77	55	3	0
Nanosynbacter sp905373795	2	0	23000	55101	7637	22986	1690	464	2091	1706	259	157	26530	11399	2201	401	11797	2774	0	0	11697	3401	0	0	2589	2303	20	15
Negativicoccus succinicivorans	0	1	2	1	1	0	13	7	2	1	5	2	0	0	10	1	12	1	1	1	0	1	0	0	2	2	3380	679
Neisseria cerebrosa	0	0	18	33	477	1339	10	1	164	187	12	15	0	0	1646	360	345	116	7	0	547	122	1	0	10	5	53	14
Neisseria elongata	6	7	303	529	9094	19243	80	17	3692	3164	621	327	16	2	55575	7434	9306	2373	17	3	4672	1101	6	3	4	7	40	11
Neisseria lactamica B	0	1	30	60	770	1942	38	1	159	144	25	22	3	0	6413	1550	1031	314	3	0	1976	555	6	2	5	2	37	6
Neisseria macacae	0	0	16	20	292	791	32	0	60	59	23	10	12	3	2031	465	338	119	3	0	591	183	0	1	2	2	7	10
Neisseria mucosa	0	0	18	30	686	1905	14	2	58	78	40	12	3	3	1962	410	351	118	1	0	478	136	1	1	3	2	33	12
Neisseria mucosa A	0	2	19	53	994	2617	32	3	252	263	61	29	0	5	6413	1343	1137	402	0	0	2016	552	4	4	11	3	161	41
Neisseria sicca	2	0	16	32	249	620	0	2	51	59	19	12	0	0	1901	469	311	101	0	0	613	194	4	0	1	1	7	2
Neisseria sicca A	3	0	31	77	906	2396	18	3	323	362	62	28	11	3	13152	3460	1963	815	3	0	4086	1315	0	1	4	5	50	5
Neisseria sicca B	0	1	9	24	268	708	21	2	55	60	20	12	1	1	1823	420	320	107	5	0	554	150	1	2	2	2	14	11
Neisseria sicca C	0	0	7	16	399	1152	2	1	58	103	20	7	0	0	1589	347	271	97	14	0	539	152	7	0	0	1	49	8
Neisseria sicca D	0	0	20	54	1767	4381	18	4	189	213	37	15	0	1	4327	878	787	247	9	1	1396	363	1	2	5	1	76	25
Neisseria sicca E	2	0	22	41	1262	3140	22	7	232	309	45	42	0	2	6340	1259	1045	393	1	0	1937	511	0	1	5	3	42	17
Neisseria sp000090875	2	5	462	829	4740	11405	54	6	180	162	55	50	3	1	14607	3218	1664	503	1	2	6982	2021	13	3	12	12	40	16
Neisseria sp000227275	0	0	25	30	262	635	67	4	73	71	10	8	3	0	2319	483	354	127	2	0	661	189	0	1	1	5	20	9
Neisseria sp000952795	1	0	15	29	337	900	26	1	50	69	15	10	0	0	1465	314	274	89	0	0	448	124	0	1	0	5	38	5
Neisseria sp001809325	0	2	30	51	804	2047	2	7	171	167	31	23	0	0	6088	1541	1012	355	0	0	1891	582	3	0	6	2	27	7
Neisseria sp001815675	0	0	8	29	230	637	8	1	70	78	16	11	0	0	2050	435	343	118	0	0	721	197	0	2	2	0	21	9
Nitratireductor C aestuarii	0	1	0	0	1	2	6	8	3	2	2	2	15	1	6	1	5175	2449	14	3	11	1	0	1	4	2	34	39
Olsenella uli	1	0	3479	3612	236	402	123	15	64	23	2	2	365	69	44	0	84	17	1	0	575	95	0	1	323	125	10	5
Olsenella F profusa A	2	1	221	300	151	229	198	29	64	40	37	13	435	58	52	5	137	28	2	0	924	152	9	3	520	193	22	14
Olsenella F sp001189515	5	3	395910	499600	176482	287898	88640	10592	28172	13144	130	54	115541	23898	15609	1702	32958	4664	2	0	262970	49543	3	2	183341	67121	575	227
Olsenella I phocaeensis	1	0	429	526	183	321	267	20	105	40	2	4	398	76	43	6	137	27	0	1	736	158	0	0	579	198	3	0
Oribacterium sp000160135	0	1	311	642	161	493	21	8	26	24	5	2	34	18	48	6	77	35	6	0	1306	332	9	0	14	17	38	9
Oribacterium sp013394775	0	0	2769	8395	363	1382	7	1	13	19	5	2	13	26	31	11	87	35	0	0	157	45	0	1	12	9	0	0
Ottowia sp001262075	1	0	8953	9878	265108	378033	68	11	98	41	248	129	77	13	3279	353	27112	5559	11	0	6798	1467	1	7	11	5	9	5
Ottowia sp003859965	0	0	39	19	328	490	136	20	273	104	626	294	77	11	8507	654	4243	612	0	0	1649	235	0	0	22	15	0	4
Paenibacillus C sp001428245	0	1	0	5	0	0	54	7	2	0	2	1	72	6	10	0	562	116	1955	111	96	18	0	0	1	0	9	1
Palsa-1315 sp003135435	2	1	2	7	2	3	235	61	8	2	1629	707	3628	609	0	0	25	3	1797	132	190	31	0	0	8	3	1220	347
Palsa-1315 sp005239475	0	1	1	6	1	0	246	50	6	0	1630	700	3699	573	4	1	40	3	1896	119	153	29	0	0	1	2	1105	316
Palsa-1315 sp005877535	0	0	6	2	1	5	312	53	2	4	1644	729	4751	673	0	0	23	5	2233	142	136	25	0	0	1	0	1140	278
Palsa-1315 sp005887945	1	1	4	5	0	3	605	95	16	5	3274	1380	7492	1122	8	0	50	7	3838	235	296	50	0	1	7	4	1874	516
Palsa-1315 sp018971525	1	1	0	5	0	1	159	17	1	4	800	342	1952	334	2	0	28	3	1032	69	82	10	0	0	1	3	706	171
Pantoea agglomerans	56	30	1	1	1	0	74	13	7	3	29	14	35	4	546	20	60	7	20	3	24169	4368	6	2	18	10	43	12
Pantoea brenneri	2	1	1	0	1	2	171	14	4	4	22	6	0	6	5051	246	9	2	15	2	69	12	2	1	11	0	16	5
Paracoccus aeridis	2	2	3	1	4	3	2481	154	41	5	452	92	124	9	295	11	129	6	47	2	14	3	53	5	9	0	77	8
Paracoccus marcusii	21	19	2	3	2	2	1435	125	21	6	144	33	160	16	903	39	319	42	37	4	260	30	129	31	46	13	430	87
Paracoccus salipaludis	2	0	0	1	2	1	2495	140	28	3	131	29	32	5	162	2	43	3	25	4	9	1	11	1	4	2	15	5
Pararheinheimera mesophila	5	5	0	0	0	0	37	3	0	0	1	5	15	2	15590	1413	7	3	0	0	13	4	36	16	198	145	126	54
Parvimonas micra	0	1	1624	12768	439	4118	94	61	223	728	58	134	78	74	752	560	1823	1699	1	1	301	319	0	3	13	33	31	34
Parvimonas sp000214475	0	0	220	1777	136	1199	98	69	274	807	79	168	48	52	1223	985	2608	2430	0	0	322	331	1	0	3	18	15	6
Parvimonas sp000223315	0	0	565	4925	663	6092	90	95	701	2000	86	130	103	334	1156	857	3802	3421	0	0	659	707	0	0	12	22	2	18
Parvimonas sp001553085	0	0	24	260	30	284	113	65	158	417	36	30	41	40	302	239	840	689	0	0	138	125	0	1	4	9	2	3
Parvimonas sp015257355	1	3	50	434	53	626	10	24	204	677	33	44	38	41	441	349	1204	1123	0	0	133	156	0	0	3	4	5	7
Pauljensenia bouchesdurhonensis	6	0	55	91	88	133	441	46	318	147	463	154	188	29	1434	157	1768	308	8	0	2563	421	7	1	90	45	106	26
Pauljensenia cardiffensis	0	0	33972	40073	7829	12006	8879	1208	119078	64713	108	62	18698	3158	11274	1388	28000	5629	0	0	38894	5295	0	0	1949	1139	98	46
Pauljensenia culturomici	0	0	199	242	99	146	87	8	291	134	94	37	519	65	286	27	603	112	2	0	1087	171	2	0	51	25	2	1
Pauljensenia georgiae	0	1	18307	14669	7091	7671	5093	640	3672	1462	11041	2966	1236	158	14697	1152	7634	1135	4	0	14626	2009	7	1	9578	3842	167	25
Pauljensenia hongkongensis	2	0	10696	8882	9509	9827	6515	835	2880	1126	16121	4144	611	89	13075	1097	7131	1086	8	0	13967	1758	20	3	13002	5261	432	57
Pauljensenia hyovaginalis	2	0	561	589	844	1202	112	17	336	172	92	41	511	57	297	32	511	90	6	0	1089	169	0	0	48	34	3	3
Pauljensenia mediterranea	1	2	453356	461972	285278	380268	155	28	1231	632	104	32	439	85	360	56	813	149	0	0	1322	230	0	0	80	39	5	2
Pauljensenia meyeri	2	1	1415	1448	8365	11946	1839	303	424	206	1360	461	50895	7156	3655	393	16352	2695	3	0	74923	10569	0	0	362	172	23	9
Pauljensenia odontolytica	5	7	1424	1341	325	468	529	68	821	385	6892	2346	415	65	17808	1786	14304	2485	0	0	7640	1054	32	7	94	55	87	19
Pauljensenia odontolytica A	0	0	61	59	37	69	201	26	166	72	630	194	145	22	1846	215	1711	277	34	0	2340	353	19	6	75	38	443	63
Pauljensenia odontolytica B	4	5	35	35	15	38	215	26	135	53	455	153	66	27	1331	130	1335	244	2	0	1523	236	6	0	17	13	475	60
Pauljensenia odontolytica C	0	1	20	22	27	30	77	14	83	41	230	73	77	13	697	81	726	136	5	0	1033	155	0	1	19	9	47	2
Pauljensenia sp000185285	3	2	354	426	265	352	975	110	583	293	1665	645	1732	241	5263	504	12403	2117	15	1	31644	4333	44	7	322	162	640	70
Pauljensenia sp000278725	2	2	69	103	64	121	799	98	393	222	706	235	263	44	2235	197	2677	453	69	5	3524	538	116	15	134	65	1527	225
Pauljensenia sp000411415	1	1	65	63	41	52	240	18	141	69	351	123	138	18	1106	136	1286	231	5	0	1855	312	5	0	41	21	60	23
Pauljensenia sp000466265	2	0	92	101	121	158	791	73	504	199	627	235	400	60	2134	222	2817	468	7	3	4140	654	23	0	90	51	109	14
Pauljensenia sp001064145	0	0	53	55	40	37	227	18	122	41	352	102	78	25	979	114	1161	177	1	0	1469	222	1	1	40	10	52	15
Pauljensenia sp001072465	2	0	27	32	23	32	113	12	63	29	198	86	82	18	640	63	621	118	2	0	912	129	9	2	26	11	67	9
Pauljensenia sp001838165	0	0	44	30	49	66	177	8	107	60	297	100	70	20	850	105	894	183	10	0	1363	208	5	0	20	11	90	12
Pauljensenia sp018375675	0	1	33	58	32	36	148	15	139	70	254	109	85	11	749	77	748	136	0	0	1056	171	0	0	18	8	131	19
Pauljensenia sp018382595	0	0	20	30	17	21	100	12	84	42	223	71	63	19	638	65	584	100	0	0	734	108	3	0	16	8	64	11
Pauljensenia sp018986735	0	0	79	110	64	102	74	10	168	93	86	28	430	68	248	31	404	64	0	1	844	149	0	0	64	31	0	1
Pauljensenia sp900556405	0	1	75	86	34	48	137	17	96	54	209	104	78	19	679	80	747	145	9	1	1037	174	0	4	22	12	24	8
Pauljensenia sp902373435	0	1	782	659	453	496	155	20	167	63	376	143	245	35	1142	137	1323	255	0	0	2007	272	0	1	20	11	56	11
Pauljensenia sp902373545	2	1	96	118	109	151	794	75	409	209	613	213	302	40	2017	183	2642	408	0	0	4056	544	5	0	98	56	166	32
Pedobacter panaciterrae A	2	10	0	2	3	15	76	7	3	1	32	4	0	1	28	7	291	18	14	0	1550	304	180	15	107	53	45	6
Pelomonas depolymerans A	1	2	1	2	4	7	19	4	2	6	11222	4654	0	2	41	3	26	3	3	0	14	2	0	0	22	15	2	2
Pelomonas puraquae	2	1	2	4	7	8	2627	232	191	56	2918399	1161736	68	8	71	4	33	6	15	1	16	8	17	3	25	6	6	4
Pelomonas saccharophila	1	1	2	6	4	9	42	3	15	1	17236	7484	6	3	37	3	17	0	5	1	19	2	1	1	55	38	12	1
Pelomonas sp003963005	1	1	10	11	4	7	99	11	10	5	96533	39304	46	8	40	2	17	4	6	5	34	1	1	1	42	29	13	5
Pelomonas sp003963075	3	6	2	1	3	11	142	20	6	1	18552	7837	145	9	30	5	16	1	37	8	7	4	40	14	32	34	15	12
Peptidiphaga gingivicola	2	0	1695	1823	1484	2218	65	10	360	94	101	26	95	17	2463	282	1014	140	0	0	866	130	5	0	40	13	107	14
Peptidiphaga sp000466165	0	2	438	449	81	123	207	14	280	138	157	53	201	36	256	26	279	39	41	1	626	105	77	1	87	43	560	76
Peptidiphaga sp905373325	0	1	1517	1576	4329	6843	30	5	117	73	35	19	77	11	3683	423	1332	208	0	0	589	117	4	0	37	14	20	5
Peptoanaerobacter margaretiae	0	0	841	5584	4566	29265	149	103	787	1973	681	962	9	25	20123	11755	8157	6804	0	0	4010	3087	0	1	12	27	2	4
Peptoanaerobacter stomatis	0	0	483	2696	239	1766	16	14	218	398	13	23	76	99	317	187	573	276	0	0	238	148	0	0	25	20	8	9
Peptoanaerobacter yurii	0	0	698	4274	11097	70815	74	73	966	2427	792	1098	2	34	24686	14787	9559	7837	0	0	4852	3852	0	4	7	28	7	8
Peptoniphilus A lacydonensis	7	11	2	15	2	10	440	246	16	34	152	175	10	12	196	34	303	160	15	24	16	11	695	330	45	67	545	516
Peptostreptococcus canis	0	0	250	1703	388	3211	23	12	271	454	9	6	82	91	204	95	354	182	0	0	176	106	0	0	10	17	1	0
Peptostreptococcus sp000758885	0	1	15	144	23	119	105	57	288	504	11	17	5	22	285	111	459	281	0	0	663	319	0	0	18	38	6	9
Peptostreptococcus sp900759325	0	0	24	161	17	151	346	115	588	1029	26	34	27	55	497	238	959	546	0	0	1446	765	0	0	61	82	9	7
Peptostreptococcus stomatis	0	3	990	5129	746	5195	3582	1598	8013	13735	418	425	592	733	7371	2915	13448	6871	8	0	21354	10553	0	0	604	922	50	30
Phocaeicola abscessus	0	0	10942	27369	2006	6473	0	2	7	25	2	1	13	7	26	9	22	10	0	0	52	34	0	0	5	1	3	1
Phreatobacter sp000751295	3	0	0	8	5	3	46	11	10	5	14568	5582	0	0	18	1	20	3	4	0	26	5	5	1	11	4	6	1
Porphyromonas catoniae	1	4	11	23	930	2457	29	13	36	37	139	116	0	0	3701	817	612	202	1	0	122	49	3	1	1	2	137	30
Porphyromonas endodontalis	6	12	371	981	756	2525	286	33	35	40	24	17	7	3	92	29	126	54	4	0	44	29	4	4	22	14	87	39
Porphyromonas gingivalis	4	9	7131	16093	1932	5849	62	14	936	1000	31	25	88	68	381	100	577	285	9	1	333	126	7	1	74	63	72	18
Porphyromonas pasteri	2	8	9	24	102	286	219	37	16	8	39	23	0	5	3825	670	1548	448	6	2	83	28	31	12	59	32	326	63
Porphyromonas sp000467855	10	9	139	224	1006	2228	43	14	31	41	10	8	0	0	1635	301	884	299	2	2	75	26	7	6	8	5	557	84
Porphyromonas sp018127745	0	1	8	10	415	651	35	2	22	17	8	1	0	1	2662	340	410	115	4	0	29	8	0	1	2	0	10	4
Porphyromonas sp905372525	0	0	17	39	2943	6924	30	14	103	113	224	172	0	0	8267	1651	1347	418	2	0	389	134	1	1	0	7	492	109
Porphyromonas A bennonis	2	2	0	2	4	4	350	27	4	1	21	3	0	1	38	1	14	2	6	1	3	0	1	1	6	14	14821	2319
Porphyromonas A sp001808555	0	3	2	1	2	4	245	31	4	1	23	5	0	3	74	3	23	8	8	2	1	1	0	0	3	1	31692	5280
Porphyromonas A sp900541275	0	0	1	2	0	2	158	9	2	3	7	0	14	0	73	5	35	2	6	0	7	3	4	1	6	1	152098	25675
Prevotella buccae	3	6	676	1441	384	1120	13	2	5	1	0	1	0	2	28	3	7	3	4	0	4	5	0	2	1	1	25	8
Prevotella conceptionensis	1	11	4573	11120	4452	13947	199	46	71	81	20	13	0	0	3969	1184	1563	714	0	1	374	145	21	6	32	19	93	38
Prevotella intermedia	7	11	594	1820	518	2082	77	28	117	175	11	4	15	10	1017	385	751	453	0	0	441	174	0	3	32	22	56	24
Prevotella koreensis	1	2	2688	8007	515	2050	91	46	42	109	1	1	18	7	700	238	1087	584	4	0	649	348	0	0	192	208	22	8
Prevotella loescheii	3	3	1987	5216	9585	31966	132	46	320	395	39	47	10	1	57222	18159	15221	7100	0	0	4381	2119	13	5	69	58	109	30
Prevotella maculosa	2	1	1237	3323	326	1197	28	6	25	21	21	3	5	1	84	6	20	14	1	1	71	41	0	0	6	2	45	13
Prevotella micans	0	0	586	1804	324	1317	19	0	0	0	0	1	0	0	11	7	4	5	0	0	58	26	2	0	1	0	1	0
Prevotella saccharolytica	2	3	874	2975	3503	13830	38	8	109	179	24	28	9	3	2823	969	818	423	0	0	527	273	0	0	25	37	6	6
Prevotella shahii	1	1	248	724	357	1298	1	7	8	15	3	3	0	0	718	264	214	106	0	0	71	33	0	2	1	5	9	4
Prevotella sp905373605	0	5	1081	2584	183	643	17	3	7	8	4	1	0	0	377	128	106	49	0	0	25	14	0	0	0	1	0	3
Propionibacterium acidifaciens	1	1	88	98	220	263	146	18	104	45	428	171	228	40	101	12	174	21	0	1	386	69	8	2	45	18	64	11
Prosthecochloris vibrioformis	0	0	8	11	92	251	9	4	2	5	4	2	0	3	126	28	594	210	0	0	3759	1081	0	0	9	6	0	0
Proteiniphilum sp003712195	0	0	638	1919	100	420	0	0	1	2	0	0	12	11	17	6	21	2	0	0	11	9	0	0	0	0	0	0
Pseudaminobacter camelthorni	3	0	5	2	2	3	9	0	4	1	5	4	0	0	7	1	14	2	38	2	12174	2344	1	0	7	2	18	2
Pseudoduganella guangdongensis	0	0	2	1	3	6	0	2	1	1	9	14	6	1	16	0	5	3	4	0	33	7	0	0	5152	2551	45	19
Pseudomonas B oryzihabitans	1	1	0	1	4	1	55	8	4	2	35	10	14	4	635	28	40	6	309	35	1845	193	20	4	3	2	24	11
Pseudomonas B oryzihabitans B	5	2	0	3	1	0	152	11	9	6	90	21	3	5	1058	18	77	7	515	35	2036	184	9	3	9	5	24	13
Pseudomonas B oryzihabitans D	0	0	1	1	1	3	2	1	3	3	11	1	0	3	106	1	15	0	42	2	20576	1743	0	0	1	1	1	1
Pseudomonas E anatoliensis	1	0	1	0	0	0	3	2	0	0	0	0	0	0	8	0	9	2	0	0	8191	1295	0	0	2	1	11	1
Pseudomonas E azotoformans A	3	1	1	0	2	0	20	5	0	0	2	0	18	4	21	0	8	0	4	3	104192	17312	6	1	10	2	389	70
Pseudomonas E azotoformans B	2	0	0	0	0	2	66	9	0	0	5	0	65	3	10	0	0	0	0	0	2566	445	0	0	5	2	0	1
Pseudomonas E bubulae	4	3	0	0	0	0	532	73	2	1	41	14	13	2	64	4	59	13	11	1	14733	1985	37	6	21	15	472	80
Pseudomonas E coleopterorum	0	0	1	1	2	3	41	0	5	4	12	3	0	2	15	0	7	0	6	0	24899	3434	4	1	9	0	30	5
Pseudomonas E deceptionensis	0	1	0	1	0	0	20	3	0	0	3	2	0	0	12	1	22	1	0	0	3216	433	5	0	2	1	40	9
Pseudomonas E fluorescens BG	0	2	0	0	0	1	4	2	4	4	6	10	13	0	22	0	8	1	1	0	2943	650	0	0	0	0	0	1
Pseudomonas E fragi	1	4	0	1	0	2	739	107	5	1	10	1	0	7	58	2	87	9	3	0	2644	337	20	4	83	26	113	23
Pseudomonas E fragi D	1	0	0	0	0	0	102	14	3	3	5	0	1	2	12	3	25	5	0	1	3304	460	4	3	3	3	124	23
Pseudomonas E fulva	3	1	0	0	0	2	20	4	5	0	11	1	13	2	6910	229	6	1	0	1	336	56	8	1	3	4	10	4
Pseudomonas E gregormendelii	0	1	1	0	0	2	0	0	0	1	0	1	0	0	2	0	11	2	0	0	3780	582	0	0	3	1	14	0
Pseudomonas E helleri	0	2	1	0	1	3	70	12	7	3	1	1	22	1	37	2	27	1	10	1	4284	713	20	1	4	5	23	1
Pseudomonas E hunanensis	8	10	0	1	0	1	75	4	5	0	4	5	46	18	366	25	46	6	21	4	35735	5648	15	16	466	191	44	14
Pseudomonas E iridis	11	7	1	1	0	3	0	3	4	0	15	5	0	0	18	0	13	4	0	2	21339	3048	0	1	5	2	26	6
Pseudomonas E juntendi	2	1	0	0	0	0	283	14	10	3	28	10	73	2	277	10	24	2	17	1	18232	2034	11	2	26	7	181	31
Pseudomonas E koreensis C	63	41	0	0	0	0	116	9	8	4	20	4	4	0	2038	57	29	9	8	0	1172	213	175	74	10	7	25	8
Pseudomonas E lactis	1	0	1	0	0	1	96	10	3	0	47	12	2	4	514	22	10	2	0	0	2497	337	9	3	34	20	16	4
Pseudomonas E nabeulensis	2	2	0	0	1	0	0	1	5	3	12	15	14	2	16	2	9	1	0	0	2881	575	0	0	0	0	5	0
Pseudomonas E paracarnis	1	2	0	0	0	0	351	102	2	2	26	12	25	4	87	3	15	1	11	0	20515	2706	36	3	22	9	25	8
Pseudomonas E proteolytica	4	0	1	2	1	1	22	2	1	1	9	4	0	0	16	0	147	34	5	0	4061	577	12	0	2	0	259	94
Pseudomonas E psychrophila	0	0	1	0	2	0	157	29	0	2	9	1	0	0	200	6	60	24	3	0	17175	2494	1	3	1	1	490	100
Pseudomonas E psychrophila A	2	0	0	0	1	2	2	1	0	1	4	4	7	0	19	3	7	0	0	0	2945	516	2	1	0	1	54	10
Pseudomonas E putida	1	1	0	1	0	1	267	29	4	0	21	9	23	3	2206	67	50	5	25	1	2232	344	23	7	13	8	49	11
Pseudomonas E putida E	42	29	0	0	0	1	676	21	0	2	7	5	7	0	154	7	9	3	3	1	110	15	55	35	6	1	2277	943
Pseudomonas E putida H	16	4	0	0	2	4	70	6	10	8	7	2	0	2	13623	430	45	7	6	1	325	56	6	4	34	7	23	11
Pseudomonas E putida P	4	2	0	0	0	2	21	2	1	1	10	4	5	3	149	5	2	3	4	1	15784	2589	11	3	17	8	8	8
Pseudomonas E qingdaonensis	32	15	1	1	1	2	71	7	4	1	49	11	18	2	226	16	90	17	26	2	2201	305	26	10	9	9	102	33
Pseudomonas E rhizosphaerae	0	0	1	3	2	3	16	0	3	1	2	1	1	0	8	1	3	0	0	1	2695	394	2	1	2	0	4	2
Pseudomonas E sivasensis	2	0	1	1	0	2	2356	336	2	1	8	1	0	2	16	1	23	5	0	0	4091	676	7	2	1	1	111	34
Pseudomonas E sp000416235	0	0	0	0	1	3	4	0	0	0	1	0	0	1	4	0	6	1	0	0	9944	1393	0	1	4	0	10	1
Pseudomonas E sp001269815	4	1	0	0	0	0	0	1	0	0	2	0	0	1	18	0	6	1	0	0	6998	1152	12	2	23	9	13	3
Pseudomonas E sp002836515	6	6	0	0	0	0	6	1	4	1	5	2	1	1	136	7	57	7	0	0	82606	13473	14	3	5	3	28	9
Pseudomonas E sp002843585	19	8	0	1	2	1	104	6	2	2	42	8	10	3	52	0	46	6	11	0	51012	7030	9	0	5	0	16	7
Pseudomonas E sp016651255	0	1	0	0	0	0	13	1	0	0	0	2	0	0	6	1	2	0	3	1	2409	387	0	1	1	0	1	0
Pseudomonas E sp900583165	5	0	0	0	0	0	26	1	0	0	1	1	0	0	22	2	29	9	0	0	5679	1015	1	0	1	1	2	0
Psychrobacter faecalis	161	190	0	0	0	0	28	15	0	2	11	2	6	3	65502	5361	804	335	1	1	17	4	10	8	5	2	112	106
Psychrobacter sp002377905	49	50	0	0	1	0	16	3	1	0	0	0	2	2	5930	462	146	71	0	0	8	0	0	3	2	3	33	32
Pusillimonas A sp014237865	0	0	6	18	18	51	34	6	30	18	74	37	0	2	2013	211	767	146	0	0	46	14	0	0	9	7	2	0
Puteibacter caeruleilacunae	0	1	0	3	0	4	18	3	0	1	0	2	0	9	4	2	236	58	3379	266	2	0	23	10	885	238	21	12
Pyramidobacter piscolens	0	0	921	1442	1056	2048	0	2	4	15	2	0	6	5	6	1	31	7	2	0	34	14	0	0	1	4	5	0
QFNR01 sp003248485	33	20	0	0	0	4	1357	447	182	288	1223	881	135	48	1662	183	1921	613	105	4	72	35	148	20	186	138	635	250
RCIZ01 sp016793485	0	2	1	0	1	1	6	2	2	1	2517	908	4	0	1	0	4	1	11	0	15	1	0	0	1	0	4	2
Rahnella aceris	11476	7265	1	0	2	3	91	16	2	2	10	4	21	2	22	0	14	1	7	0	13737	3480	0	2	1	2	10	1
Rahnella aquatilis	270	164	0	0	0	3	9	2	2	1	2	0	0	0	6	1	0	2	6	0	9477	2249	0	0	0	0	5	0
Rahnella inusitata	9	6	0	0	0	2	1	10	2	8	4	1	0	1	7	1	1	0	0	0	18355	4187	5	1	4	0	23	3
Rahnella sp004195115	3134	1915	1	3	2	2	0	0	0	0	1	0	0	0	20	1	10	0	3	1	392070	91217	0	0	0	0	6	0
Rahnella victoriana	3327	1903	0	1	2	2	501	35	0	0	3	1	6	0	12	0	4	1	0	0	930	214	0	0	0	0	153	31
Rhodococcus qingshengii	25	15	0	3	3	1	1677	98	14	3	48	10	87	20	120	8	27	2	243	13	45	1	164	31	55	20	116	26
Rhodoferax sp008015235	0	0	4	3	9	20	4	1	10	8	2218	971	22	2	216	20	122	21	0	0	27	6	0	0	9	1	0	3
Rothia aeria	22	24	468	728	3247	8434	567	79	43	32	230	81	23	6	6612	882	45591	6533	73	4	36832	6342	106	21	71	25	739	207
Rothia dentocariosa	43	46	652	1272	311	793	1771	252	176	96	1587	641	96	14	2914	224	4394	636	128	7	2943	523	298	77	195	112	2206	503
Rothia kristinae	1	1	6	10	12	17	99	12	14	7	2778	1062	22	0	75	5	721	60	8	0	67	15	18	2	1	5	57	6
Rothia sp001808955	34	16	0	4	6	23	479	75	19	6	252	63	88	6	392	10	127	13	6	0	52	10	62	11	135	79	1302	252
Rouxiella badensis	3	3	1	1	1	8	0	1	4	1	0	0	0	2	11	2	23	7	4	0	12201	2856	1	0	1	0	2	0
Rubrivivax sp001724995	0	0	2	2	8	13	6	0	6	4	1915	720	5	0	71	8	46	6	14	1	12	2	1	1	5	2	1	2
Rubrivivax sp013822265	2	0	1	1	1	8	17	2	2	5	4369	1692	0	2	46	9	35	8	18	1	9	3	0	0	4	3	4	2
S5-A14a sp900112915	0	0	335	1509	110	618	0	3	218	333	2	8	65	59	102	32	240	131	0	0	257	133	0	0	8	10	13	3
SDRW01 sp007845485	0	3	1753	6348	24217	137750	108	36	502	497	78	33	814	460	337	67	1161	327	3	0	1039	386	1	3	231	199	121	43
SSSZ01 sp016720065	0	0	8	8	11	24	0	0	17	6	2327	1287	0	1	29	2	19	10	4	0	12	1	0	0	3	1	1	0
Saccharimonas sp010202265	0	0	4654	11227	11465	35572	640	199	3478	3546	173	104	229	144	6011	965	4794	1235	0	0	1668	517	0	0	153	175	1	3
Saccharimonas sp013333625	0	0	6039	12536	2681	7473	1341	264	1927	1889	161	71	828	335	817	166	2236	590	0	0	5198	1526	5	0	144	63	36	11
Saccharimonas sp013333645	0	0	161	337	65	205	14	3	371	248	10	7	155	55	691	89	915	179	0	1	200	76	9	3	329	237	4	5
Saccharimonas sp013333795	0	0	5416	12204	2403	7279	1151	189	239	203	38	14	854	369	295	38	1189	331	0	0	3089	927	0	0	374	263	50	5
Saccharimonas sp013333845	0	0	7379	19758	2752	8066	1641	223	258	189	27	12	695	274	338	60	1659	430	0	0	4491	1413	0	0	42	35	28	2
Saccharimonas sp015257605	0	0	5664	12341	2350	6799	1007	205	254	178	21	26	804	315	280	30	1211	275	0	0	3069	829	0	0	100	74	21	6
Saccharimonas sp015257665	0	0	126	273	88	262	115	16	1111	644	96	51	96	29	1275	198	1303	281	3	0	486	112	6	0	110	37	19	3
Saccharimonas sp905365145	0	0	6653	14712	2995	8554	1665	331	497	425	68	49	1543	726	449	86	1993	453	0	0	4620	1333	0	1	116	98	21	10
Saccharimonas sp905371595	0	0	6285	14212	2746	7999	1260	260	500	454	54	30	894	398	445	70	1690	395	0	0	3482	996	0	0	115	78	38	12
Saccharimonas sp905372095	0	0	9032	20462	3584	10310	1642	308	397	338	50	35	1088	559	433	70	1948	499	0	0	4269	1172	0	0	120	104	26	8
Saccharimonas sp905372275	0	0	6982	15146	3209	9043	1642	307	341	327	50	28	1613	785	551	93	2372	661	0	0	4124	1139	0	0	122	99	32	10
Saccharimonas sp905373835	0	0	104	191	68	258	54	5	338	215	21	12	82	22	864	125	1020	222	0	0	155	38	0	1	14	4	11	5
Saccharopolyspora dendranthemae	6	3	2	1	2	1	50	7	14	6	36	12	95	11	10509	1196	79	9	20076	532	19	4	5	0	4	7	11	1
Saccharopolyspora endophytica	4	0	11	4	5	9	1343	318	11	0	19	11	81	15	696	80	24	4	1183	38	48	7	2	2	8	5	28	6
Selenomonas sp905372355	0	0	2184	3349	239	473	61	1	94	69	4	0	10	3	63	14	98	21	5	0	368	95	0	0	17	14	26	7
Selenomonas sp905373085	0	0	1854	3039	252	508	10	2	97	93	4	1	0	0	72	18	124	31	5	0	489	110	0	0	26	15	15	3
Selenomonas sputigena	0	0	4338	6754	421	969	27	7	152	116	3	2	0	0	92	23	158	40	0	0	531	134	0	0	25	28	22	2
Shewanella bicestrii	0	0	0	0	0	0	0	0	0	0	0	0	0	0	9008	755	2	0	1	0	1	0	6	4	2	0	12	9
Shewanella decolorationis	0	3	1	1	0	1	0	1	0	0	0	1	6	4	4390	367	1	1	3	4	1	0	1	2	1	1	11	6
Shewanella sp000014665	1	1	0	0	0	0	0	0	0	0	0	0	0	1	4309	348	1	1	0	0	1	0	7	5	2	1	10	4
Shewanella sp000203935	1	2	0	0	0	0	18	3	1	1	2	0	0	2	11576	1040	4	1	10	0	0	0	16	5	4	3	33	12
Shewanella xiamenensis	9	14	0	0	0	3	27	6	3	2	11	4	12	0	3511	312	4	4	3	0	9	4	8	8	16	10	77	33
Slackia exigua	0	1	9652	10867	1706	2642	431	78	467	320	9	4	50	23	84	8	172	33	0	0	3170	655	0	0	2963	1847	45	8
Sphingobacterium kitahiroshimense	703	1010	0	1	0	1	8	5	0	1	2	1	0	3	18	7	17	6	2	1	846	627	2	2	27	21	113	46
Sphingobium xenophagum	0	2	0	0	1	1	13	2	1	0	3271	1116	0	6	5	5	3	1	3	1	9	4	8	1	1	2	4	3
Spirillospora cremea	8	2	5	6	3	1	809	87	45	21	216	44	65	3	178	11	2352	201	117	8	54	9	1973	386	155	37	318	60
Staphylococcus auricularis	2	22	0	0	0	1	5690	2335	18	34	68	73	17	4	104	27	91	24	38	13	5	1	167	45	81	122	557	292
Staphylococcus capitis	124	310	0	0	0	2	16007	13466	97	231	3862	4296	75	79	941	168	1924	924	547	343	1151	754	4533	2619	284	459	1428	1468
Staphylococcus epidermidis	93	379	0	0	0	0	12652	9172	316	808	6653	8002	314	146	2407	454	2743	1212	683	323	421	303	2981	1632	1269	2117	3032	2583
Staphylococcus equorum	282	299	0	3	0	0	2191	1235	232	585	1840	1506	0	2	137	37	279	165	24	9	0	6	64	48	68	85	167	156
Staphylococcus haemolyticus	51	62	0	0	0	1	118	84	6	36	782	819	15	16	177	16	122	32	32	10	103	66	21	46	22	38	149	123
Staphylococcus hominis	68	178	0	0	0	0	1757	1200	16	52	4183	5271	77	39	998	166	404	162	132	51	110	95	203	207	146	310	805	927
Staphylococcus pseudoxylosus	2	1	0	0	0	1	548	309	55	128	412	360	0	2	29	8	1088	482	3	3	1	1	250	163	12	7	16	18
Staphylococcus saccharolyticus	12	20	0	1	0	5	2456	1496	40	81	770	807	15	21	790	55	114	44	20	6	14	10	7	12	246	477	72	97
Staphylococcus saprophyticus	1	11	0	1	0	0	1388	627	50	130	370	319	8	9	111	40	42	29	4	3	1	2	35	12	38	92	21	37
Staphylococcus succinus	26	34	1	3	0	1	990	327	70	179	625	497	1	3	7	1	30	21	1	0	4	4	18	17	7	19	23	26
Staphylococcus warneri	13	34	0	1	0	0	563	309	10	17	215	211	24	15	371	51	256	119	12	9	38	34	639	313	34	47	177	150
Staphylococcus xylosus	17	27	0	0	0	0	7037	4017	771	1594	5603	4678	16	3	1881	387	81	20	4	0	0	0	3348	2255	7	11	29	9
Streptococcus anginosus	0	1	623	2765	190	1297	44	18	48	59	13	19	7	4	162	37	124	60	4	1	1052	432	7	0	18	14	28	7
Streptococcus anginosus C	1	1	370	1370	86	433	142	23	93	143	29	27	0	4	165	63	181	91	0	0	896	358	0	0	26	32	28	14
Streptococcus australis A	0	0	94	329	158	628	149	47	91	120	19	17	0	1	266	110	208	122	0	0	496	188	1	2	39	23	6	5
Streptococcus constellatus	0	1	9469	37983	318	1708	342	108	227	331	82	51	8	3	499	166	488	253	0	0	3030	1075	3	2	95	107	20	17
Streptococcus constellatus A	0	0	479	2122	90	423	95	22	39	76	32	18	0	1	209	70	201	85	0	1	1145	386	0	0	23	22	4	6
Streptococcus cristatus	1	2	404	1261	564	2300	664	138	320	302	201	117	0	0	1282	311	895	289	0	0	9004	2259	1	0	86	70	39	13
Streptococcus cristatus A	0	1	300	1080	533	2102	701	140	341	398	267	136	0	1	1478	407	863	344	0	0	10632	2934	0	0	124	113	33	19
Streptococcus cristatus B	0	1	654	2366	910	3596	1082	291	598	719	318	163	10	0	2046	521	1517	552	0	0	14047	3718	0	1	245	231	45	15
Streptococcus cristatus C	0	4	353	1231	694	2982	683	162	326	364	218	132	0	2	1382	399	977	319	0	1	10056	2883	4	1	131	85	32	25
Streptococcus cristatus D	2	3	460	1368	676	2679	815	162	309	360	259	150	0	0	1469	414	891	293	1	0	10727	2791	0	0	110	89	27	20
Streptococcus cristatus E	1	1	433	1283	708	2648	871	158	337	350	223	132	7	0	1399	368	953	343	3	0	10001	2655	0	0	132	95	25	9
Streptococcus cristatus F	0	2	342	1170	575	2167	762	179	329	297	247	127	0	0	1297	330	875	272	0	0	10837	2810	0	0	124	147	33	13
Streptococcus cristatus G	0	2	1980	5958	1886	7487	1651	416	917	1098	290	140	5	2	1999	478	1955	657	0	0	15851	4191	0	0	447	437	49	13
Streptococcus gordonii	7	13	338	1451	1505	6202	941	209	263	309	476	263	21	0	2977	906	3798	1872	13	1	17845	4726	32	12	109	94	618	260
Streptococcus gordonii A	2	3	300	1439	890	4388	943	181	265	282	413	250	10	3	2669	765	3375	1667	7	0	16612	4428	19	14	108	65	356	155
Streptococcus intermedius	0	1	1065	4239	141	607	410	76	125	117	184	109	0	2	800	237	503	215	1	0	6070	1915	10	3	45	43	43	22
Streptococcus lactarius	1	1	79	241	114	453	94	28	25	30	24	10	0	0	160	42	625	217	0	0	983	321	8	0	7	2	17	3
Streptococcus massiliensis	1	0	63	260	81	451	146	62	86	114	60	29	0	1	388	105	285	87	0	0	1860	537	0	0	35	38	1	3
Streptococcus oralis BL	1	2	4	22	122	760	96	41	37	47	51	40	0	0	306	112	190	68	0	0	1528	559	5	0	11	12	26	13
Streptococcus oricebi	0	0	9	35	38	150	112	25	63	75	62	41	0	0	283	100	213	85	0	0	2200	681	0	0	16	8	2	0
Streptococcus panodentis	0	0	62	240	253	1171	1088	285	368	352	494	332	0	0	2776	874	1588	592	0	0	20625	5882	0	0	108	56	14	24
Streptococcus pseudopneumoniae J	0	0	65	158	176	819	51	20	21	37	8	6	0	0	215	69	84	61	0	0	890	397	53	16	5	7	9	3
Streptococcus sanguinis	1	2	142	450	2217	9147	2573	575	675	753	1370	774	14	8	7458	2121	3318	1135	12	0	55376	14691	10	4	187	111	140	72
Streptococcus sanguinis A	0	1	189	571	2631	10237	5040	955	1360	1421	2469	1405	24	4	14044	3441	6615	2124	0	0	96607	24031	2	2	257	197	134	97
Streptococcus sanguinis C	3	0	122	410	1751	6599	2681	605	670	723	1400	765	4	8	6932	1876	2997	979	9	2	52594	13677	7	3	170	117	126	61
Streptococcus sanguinis D	3	2	316	821	4141	16135	4707	976	1291	1355	2450	1405	0	5	13567	3483	6531	2146	0	0	99690	25543	10	5	270	159	150	98
Streptococcus sanguinis E	3	3	168	557	3168	12635	2963	668	875	872	1541	874	3	1	8814	2314	4023	1204	11	1	64025	16556	11	0	169	127	113	70
Streptococcus sanguinis F	1	1	185	497	2814	10777	3563	749	998	1127	1930	1087	0	0	10234	2692	4624	1407	3	0	73339	18544	0	2	182	108	109	67
Streptococcus sanguinis G	0	4	233	684	3277	13417	4096	981	1233	1266	2410	1340	22	4	12546	3404	5787	1846	0	0	90904	23761	1	4	214	138	165	86
Streptococcus sanguinis H	1	3	127	408	2149	8510	2931	656	815	871	1394	830	10	5	7666	2019	3622	1170	5	0	60928	15681	8	4	175	126	138	100
Streptococcus sanguinis I	1	0	319	1025	2651	10945	5084	1251	1592	1754	2928	1760	11	2	16089	4321	7726	2566	1	0	107930	28302	8	3	280	241	156	92
Streptococcus sinensis	0	0	27966	95782	24947	108208	21906	5849	16737	20526	1201	671	106	50	18176	5256	33977	12355	2	0	225840	63546	0	3	8766	7051	187	215
Streptococcus sp000220065	0	0	114	405	1566	7290	1020	272	228	280	386	200	4	0	2156	593	1169	453	0	0	15798	4258	0	1	79	49	33	35
Streptococcus sp000235485	0	1	73	221	86	445	19	8	32	38	15	18	0	0	248	89	150	67	0	0	978	407	0	1	8	7	6	2
Streptococcus sp015256435	1	2	23	100	125	667	64	20	21	31	29	14	0	0	151	76	72	36	2	0	1390	492	0	0	3	5	8	4
Streptococcus sp900766505	0	1	2	6	3	19	24	8	6	8	6	9	0	0	27	8	12	3	0	0	2157	1041	1	0	7	5	17	9
Streptococcus sp902460355	1	2	446	1565	641	2594	852	183	398	413	232	130	5	3	1597	410	1144	430	0	0	12199	3202	0	2	176	111	23	12
Streptococcus sp905221295	0	1	137	525	402	1875	36	17	42	39	5	7	0	0	157	58	86	56	0	0	359	178	1	1	15	17	10	2
Streptococcus sp905372115	1	4	266	768	4514	17581	3954	866	1086	1067	2034	1085	6	1	10825	2758	5293	1699	0	0	80841	20221	1	1	214	125	122	64
Streptococcus thermophilus	2	1	5	19	10	41	257	144	24	26	182	159	12	12	2513	282	237	83	25	2	204	115	426	89	34	34	85	30
Streptomyces actuosus A	14241	17185	4	1	7	9	9	6	9	5	3	1	75	14	2253	503	56	31	11	0	27	10	3	0	7	2	26	13
Streptomyces daqingensis	0	0	1	5	2	4	2	6	8	5	3	5	7	1	16	4	2580	551	195	9	33	6	0	0	4	3	142	45
Streptomyces mutabilis	1754	2305	3	2	2	0	164	147	17	20	147	148	34	7	332	67	126	76	34	6	35	9	34	19	15	30	35	26
TA-21 sp014523495	0	1	0	0	0	0	331	122	13	36	4174	3463	334	132	12	3	23	15	128	14	1	4	0	0	46	56	18	25
TA-21 sp014523595	0	4	0	8	0	0	33	7	0	1	50	60	0	1	16	1	554	252	2880	272	24	25	0	1	2	4	474	368
TH5896 sp009377575	4	2	8	30	0	7	6	0	3	4	3	3	2	0	748	119	6029	1956	11522	1287	2528	1213	3	0	13	14	1178	798
Tannerella forsythia	4	5	22626	47749	14364	40444	239	92	503	607	40	24	317	367	5629	1420	4710	1934	10	0	3084	1381	2	1	58	79	80	18
Tannerella forsythia A	0	0	5892	12776	3917	11416	94	39	181	229	14	5	134	76	1767	442	1449	602	1	0	934	433	0	0	26	27	1	0
Tannerella sp002890585	2	0	3953	5783	3674	6832	51	13	57	43	9	6	0	1	1961	258	1014	269	2	0	1106	288	1	0	15	2	41	5
Tannerella sp003033925	10	8	9171	14329	33141	61335	107	26	198	192	54	27	0	1	13566	1905	5187	1414	1	0	7554	1779	7	0	37	12	54	17
Tepidiphilus succinatimandens	201	79	3	2	4	6	218	92	4	5	43	43	32	17	35	3	2353	366	24	17	13	19	8	4	15	11	523	98
Thiomicrorhabdus sp013391695	0	0	1	1	0	3	9	0	1	1	2139	929	0	0	11	0	6	1	0	0	0	4	0	0	2	1	0	0
Treponema sp000775995	1	2	673	2128	853	2954	23	8	36	26	1	1	18	21	165	45	194	75	0	0	161	112	0	0	12	8	1	2
Treponema B denticola	0	0	3988	19128	2704	14709	318	148	80	158	20	16	221	423	346	142	573	379	0	0	2662	1755	0	1	183	165	3	3
Treponema B denticola A	0	1	1835	8392	1258	6687	90	72	61	107	6	8	200	227	171	74	287	189	0	0	1101	757	0	0	67	68	7	4
Treponema B putidum	0	0	738	3891	739	4593	61	23	22	30	9	5	92	97	81	34	144	92	0	0	445	289	0	0	27	32	9	1
Treponema B sp905372345	0	0	828	3473	588	2945	36	26	17	33	3	6	75	115	71	38	159	79	0	1	421	287	0	0	32	34	6	1
Treponema C lecithinolyticum	1	0	290	836	316	1245	38	18	10	3	9	2	66	79	14	4	51	26	0	0	156	62	0	2	7	6	3	8
Treponema C maltophilum	0	0	2573	5957	2166	5909	302	64	119	116	4	6	219	129	460	89	443	144	0	0	3085	1020	0	1	95	60	0	2
Treponema C sp905372025	3	0	3404	8110	2294	6469	310	75	106	127	9	5	686	470	453	121	539	181	1	0	3461	1217	0	0	85	47	2	0
Treponema D buccale	0	0	2777	5771	1076	3026	225	48	48	50	10	3	281	223	321	68	430	136	1	0	2722	904	0	0	97	77	2	3
Treponema D paredis	0	0	3457	6898	2887	7617	362	94	128	125	7	8	426	236	908	197	923	300	0	0	4544	1429	0	0	142	101	4	1
Treponema D parvum	1	0	500	1786	353	1291	8	4	17	24	2	0	42	13	31	4	59	16	0	0	471	175	0	0	58	28	1	0
Treponema D socranskii	0	1	4593	9868	1823	5051	109	29	36	31	5	4	202	161	207	45	262	92	0	0	1831	569	0	0	73	53	0	3
Treponema D sp014334325	0	2	1768	3618	1283	3243	104	24	31	23	1	5	112	64	165	51	207	61	0	1	1016	340	0	2	35	37	6	0
Treponema D sp014334335	0	0	418	1579	250	1031	6	6	3	15	0	1	0	6	10	4	36	13	0	0	45	26	0	0	4	4	6	12
UBA1181 sp900769555	1	2	2	1	0	1	9	1	0	2	2	1	7	6	5	2	3238	2324	2	0	0	0	0	1	1	1	2	15
VHBM01 sp016176745	0	0	5	56	1	3	186	105	30	74	23	19	0	1	2	0	280	133	3431	1293	625	309	0	0	2	2	7136	4518
VHBM01 sp016871975	0	0	2	16	0	0	34	8	7	9	6	3	0	0	0	0	40	20	440	203	324	169	0	0	0	0	991	621
Veillonella parvula	2	7	28	190	27	136	71	25	5	19	21	33	0	1	662	284	334	177	16	3	273	116	17	10	16	28	422	142
Veillonella parvula A	1	4	24	157	14	93	135	29	7	6	39	38	19	0	612	252	274	166	38	4	239	135	49	20	60	41	766	311
Veillonella sp900757715	1	6	27	135	14	89	37	7	18	17	36	31	0	1	1231	484	555	344	3	0	472	241	6	3	17	15	250	80
W11650 sp002999035	0	1	17875	43491	11505	36415	156	89	689	882	39	30	86	162	2548	706	3139	1456	0	0	1780	800	0	1	101	107	9	4
W11650 sp003858485	0	1	260	1022	138	987	20	9	107	160	6	4	365	434	179	71	330	200	0	0	284	166	0	0	54	59	2	0
W5053 sp000467935	0	0	15100	68692	5089	26490	185	106	877	1596	49	60	5580	7134	918	362	4341	2370	0	0	9401	5054	0	1	250	385	2	1
WRIP01 sp012520915	0	0	857	4375	155	979	0	1	407	595	25	16	34	68	83	13	336	142	0	0	631	278	0	1	0	3	0	1
Xanthomonas campestris	328	192	0	1	1	2	995	219	37	29	325	186	202	62	615	33	204	54	215	46	95	41	577	1427	74	117	356	204
Zoogloea sp002028455	1	1	3	5	3	1	5	3	3	1	14996	7745	0	0	62	4	16	4	0	0	141	45	2	0	38	29	11	1
