Species	BAN001.A0101.SG1.1_10M_over50bp	BAN001.A0102.SG1.4_10M_over50bp	CDM019.A0101.SG1.1_10M_over50bp	CDM019.A0102.SG1.4_10M_over50bp	CDM020.A0101.SG1.1_10M_over50bp	CDM020.A0102.SG1.4_10M_over50bp	FUM001.A0101.SG1.1_10M_over50bp	FUM001.A0102.SG1.4_10M_over50bp	FUM002.A0101.SG1.1_10M_over50bp	FUM002.A0102.SG1.5_10M_over50bp	FUM003.A0101.SG1.1_10M_over50bp	FUM003.A0102.SG1.4_10M_over50bp	GDN001.A0101.SG1.1_10M_over50bp	GDN001.A0102.SG1.3_10M_over50bp	GOY005.A0101.SG1.2_10M_over50bp	GOY005.A0103.SG1.4_10M_over50bp	GOY006.A0101.SG1.2_10M_over50bp	GOY006.A0102.SG1.5_10M_over50bp	GUE001.A0101.SG1.1_10M_over50bp	GUE001.A0102.SG1.4_10M_over50bp	PES001.B0101.SG1.3_10M_over50bp	PES001.B0102.SG1.5_10M_over50bp	SPM002.A0101.SG1.1_10M_over50bp	SPM002.A0103.SG1.4_10M_over50bp	VLD001.A0101.SG1.1_10M_over50bp	VLD001.A0102.SG1.2_10M_over50bp	ZAF001.A0101.SG1.1_10M_over50bp	ZAF001.A0103.SG1.4_10M_over50bp	BAN001.A0101.SG1.1_10M_under50bp	BAN001.A0102.SG1.4_10M_under50bp	CDM019.A0101.SG1.1_10M_under50bp	CDM019.A0102.SG1.4_10M_under50bp	CDM020.A0101.SG1.1_10M_under50bp	CDM020.A0102.SG1.4_10M_under50bp	FUM001.A0101.SG1.1_10M_under50bp	FUM001.A0102.SG1.4_10M_under50bp	FUM002.A0101.SG1.1_10M_under50bp	FUM002.A0102.SG1.5_10M_under50bp	FUM003.A0101.SG1.1_10M_under50bp	FUM003.A0102.SG1.4_10M_under50bp	GDN001.A0101.SG1.1_10M_under50bp	GDN001.A0102.SG1.3_10M_under50bp	GOY005.A0101.SG1.2_10M_under50bp	GOY005.A0103.SG1.4_10M_under50bp	GOY006.A0101.SG1.2_10M_under50bp	GOY006.A0102.SG1.5_10M_under50bp	GUE001.A0101.SG1.1_10M_under50bp	GUE001.A0102.SG1.4_10M_under50bp	PES001.B0101.SG1.3_10M_under50bp	PES001.B0102.SG1.5_10M_under50bp	SPM002.A0101.SG1.1_10M_under50bp	SPM002.A0103.SG1.4_10M_under50bp	VLD001.A0101.SG1.1_10M_under50bp	VLD001.A0102.SG1.2_10M_under50bp	ZAF001.A0101.SG1.1_10M_under50bp	ZAF001.A0103.SG1.4_10M_under50bp
Abiotrophia defectiva	0	0	117	129	4406	4026	249	38	78	75	71	21	0	0	1251	493	943	500	0	0	3557	2158	15	0	35	0	181	23	0	0	16	36	853	1272	59	14	60	74	60	30	0	0	867	653	387	411	0	0	488	679	0	0	11	0	21	15
Abiotrophia sp001815865	0	0	254	213	11330	11149	305	35	95	80	117	41	0	0	1676	662	1071	558	0	0	4278	2500	0	0	28	10	107	0	0	0	39	70	2489	3574	71	23	101	90	93	61	0	0	1182	833	421	443	0	0	566	759	0	0	11	0	19	0
Actinomyces dentalis	0	0	205141	51096	124419	34584	10352	583	5160	1190	642	73	100308	6188	1535	215	8227	1657	15	0	70789	15163	32	0	43522	5267	563	27	0	0	41202	23651	32910	18347	5898	579	2829	1236	331	90	31150	5043	1363	298	4473	1748	0	0	9264	6285	0	0	18827	5759	217	65
Actinomyces denticolens	0	0	165	41	166	57	147	0	288	76	60	10	1214	84	103	11	183	41	0	0	537	148	0	0	107	22	11	0	0	0	40	35	53	36	53	0	172	90	54	16	403	43	70	18	109	46	0	0	105	79	0	0	91	29	0	0
Actinomyces gerencseriae	0	0	11292	3008	8928	2475	16193	727	2222	581	769	93	10034	677	1938	200	3576	542	0	0	13457	3629	74	0	95065	9181	1393	112	0	0	2217	1366	2899	1621	8232	666	1020	487	353	117	2692	419	1316	293	1563	601	0	0	2260	1616	11	0	35155	8921	1544	336
Actinomyces howellii	0	0	442	124	649	191	244	13	1438	398	96	18	22506	1545	237	19	2150	514	0	0	7849	2066	0	0	1323	202	0	0	0	0	92	78	163	128	118	13	689	306	61	23	4868	825	193	70	1019	393	0	0	1074	833	0	0	677	227	0	0
Actinomyces israelii	0	0	1401	398	1025	338	540	26	684	190	126	16	4487	309	172	12	517	99	69	0	1952	553	95	0	2001	225	68	0	0	0	317	202	294	180	380	24	360	168	63	25	1425	205	156	39	307	127	0	0	361	271	13	0	1023	297	38	10
Actinomyces johnsonii	0	0	2372	836	8730	2760	15513	899	26451	7020	8692	1358	1320	97	5743	756	3768	811	0	0	19667	4732	10	0	3846	578	114	0	0	0	499	345	1729	1143	8083	758	12521	5678	5167	1660	405	63	4202	1099	2018	884	0	0	2887	2001	0	0	1875	583	128	25
Actinomyces massiliensis	0	0	837	230	645	215	881	46	1003	257	245	40	2485	158	283	31	490	111	55	0	1772	487	207	0	2983	297	110	0	0	0	195	129	194	135	488	40	563	245	87	41	620	120	216	51	282	111	0	0	309	234	0	0	1239	366	70	10
Actinomyces naeslundii	0	0	2122	647	12440	3851	22052	1246	22974	6047	3643	471	1105	72	11896	1431	4385	1042	22	0	20398	4822	114	0	1990	263	181	22	0	0	386	281	2728	1942	10379	950	10254	4749	1711	537	304	41	7678	1905	2350	966	0	0	2754	1953	0	0	1044	322	196	59
Actinomyces oricola	0	0	314	131	387	135	135	0	936	274	101	24	10030	675	173	23	904	213	0	0	3718	941	0	0	698	102	0	0	0	0	80	63	130	85	64	11	502	234	68	23	2772	454	142	40	515	203	0	0	529	435	0	0	391	131	0	0
Actinomyces oris	18	0	6747	2087	10240	3393	10641	654	71524	19627	8502	1200	8476	536	8868	1193	11083	2528	190	0	70721	16916	633	29	3802	521	1576	91	13	0	1613	944	2406	1683	5598	534	34540	15928	4221	1413	2049	365	6713	1784	6127	2616	25	0	10529	7827	34	0	1927	545	484	89
Actinomyces radicidentis	0	0	197	56	450	127	69	0	417	132	55	10	2512	165	148	20	332	99	0	0	923	274	0	0	208	24	0	0	0	0	59	42	125	68	93	0	237	101	39	12	741	97	130	37	239	108	0	0	194	152	0	0	130	43	0	0
Actinomyces slackii	0	0	270	82	371	86	204	12	783	220	99	0	3107	227	143	22	364	113	0	0	1280	357	0	0	294	44	0	0	0	0	75	40	92	70	87	12	468	215	58	18	941	143	134	34	227	101	0	0	283	199	0	0	170	60	0	0
Actinomyces sp000195595	0	0	326	109	1402	517	3325	166	13827	3589	2054	270	957	87	2604	339	2591	617	0	0	8347	2083	25	0	800	89	69	0	0	0	78	61	327	207	1742	134	6628	2898	1113	308	273	57	1880	522	1448	624	0	0	1356	963	0	0	382	122	49	14
Actinomyces sp000220835	0	0	784	268	608	209	724	26	718	219	586	93	2386	185	225	26	345	89	95	0	1150	359	138	0	1233	126	112	0	0	0	205	123	169	110	247	14	369	198	132	57	752	135	153	43	195	90	15	0	234	166	19	0	521	157	50	0
Actinomyces sp001278845	0	0	116927	32215	58004	16955	5450	308	3260	842	397	70	53741	3388	1055	113	4930	1101	0	0	42210	9159	23	0	28583	3497	190	15	0	0	24234	15118	14790	8646	2922	331	2013	878	236	64	16162	2502	857	188	2453	1072	0	0	5216	3744	0	0	11830	3725	78	15
Actinomyces sp002999235	0	0	1107	307	868	290	249	16	576	169	140	16	2979	219	126	24	383	86	0	0	1506	418	0	0	751	96	53	0	0	0	240	138	254	179	175	11	350	137	72	20	830	173	142	29	218	88	0	0	228	212	0	0	384	115	25	0
Actinomyces sp900323545	0	0	451	120	12624	3585	6473	372	137897	34252	13228	1930	1812	142	20014	2627	31187	6449	15	0	92922	21181	22	0	1367	178	112	14	0	0	89	54	2232	1494	3532	296	59996	26310	6060	1874	490	91	15024	3968	15634	6333	0	0	11728	8059	0	0	651	209	201	47
Actinomyces timonensis	0	0	257	89	347	113	164	0	874	315	132	17	1378	100	146	29	300	64	0	0	932	251	0	0	259	42	358	15	0	0	69	35	81	57	75	0	437	251	71	20	496	82	134	41	167	70	0	0	178	128	0	0	140	36	85	0
Actinomyces viscosus	0	0	353	113	819	311	1939	122	8580	2317	1257	194	892	56	1511	202	1486	334	0	0	5133	1307	14	0	799	94	27	0	0	0	92	48	260	164	1100	112	4252	2001	733	240	263	45	1262	339	917	361	0	0	884	657	0	0	339	110	22	0
Actinomyces weissii	0	0	153	56	243	77	42	0	324	88	91	20	1570	130	90	14	208	61	0	0	688	189	0	0	131	21	0	0	0	0	37	34	65	56	67	0	162	64	47	26	389	83	105	20	117	66	0	0	129	102	0	0	93	29	0	0
Aggregatibacter aphrophilus	0	0	26	27	474	497	17	0	65	69	675	245	0	0	8071	3235	650	417	0	0	380	310	0	0	0	0	24	0	0	0	0	20	118	187	26	0	90	113	582	374	0	0	5619	3968	431	499	0	0	188	273	0	0	0	0	0	0
Aggregatibacter kilianii	0	0	35	29	1372	1453	30	0	120	123	1300	545	0	0	15403	5943	686	480	0	0	374	311	0	0	0	0	20	0	0	0	0	0	416	561	41	0	132	147	1320	893	0	0	10438	7380	472	528	0	0	200	252	0	0	0	0	11	0
Aggregatibacter segnis	0	0	58	60	826	871	0	0	46	61	139	65	0	0	2161	787	348	216	0	0	98	100	0	0	0	0	0	0	0	0	15	24	260	328	0	0	67	58	139	89	0	0	1517	942	195	240	0	0	71	82	0	0	0	0	0	0
Aggregatibacter sp000466335	0	0	18	15	286	232	0	0	13	10	75	26	0	0	698	281	106	56	0	0	48	51	0	0	0	0	0	0	0	0	0	14	86	86	0	0	14	18	67	40	0	0	557	332	59	68	0	0	23	15	0	0	0	0	0	0
Anaerosphaera mikwangii	0	0	266	487	77	175	0	0	83	129	0	0	24	18	28	16	64	42	0	0	132	216	0	0	20	15	0	0	0	0	29	97	17	46	0	0	36	75	0	0	13	21	0	14	17	40	0	0	11	81	0	0	0	15	0	0
Arachnia propionica	0	0	69284	20694	85575	29542	5030	408	3803	1433	665	147	7056	639	4828	951	6943	1657	0	0	61698	15615	0	0	531	90	23	0	0	0	11083	8170	17199	12835	4484	502	2603	1540	507	217	1771	500	5378	1694	4179	1763	0	0	9743	7200	0	0	522	196	34	0
Arachnia rubra	0	0	1023	342	2318	930	132	12	222	92	50	10	174	17	271	59	303	82	15	0	2244	651	24	0	41	0	112	0	0	0	195	154	565	455	103	0	156	98	38	13	63	25	290	117	190	95	0	0	469	317	10	0	15	0	51	12
Arachnia sp013333945	0	0	3368	1147	21468	8059	798	79	3885	1645	1053	244	563	55	2737	540	2952	715	25	0	20716	5398	0	0	168	33	23	0	0	0	593	464	4320	3389	571	66	2898	1843	911	420	162	55	2782	862	1774	828	0	0	3356	2406	0	0	102	35	26	14
Arachnia sp905372155	0	0	33612	10199	57150	19349	5538	452	4866	1754	502	91	2487	214	3051	575	3721	874	13	0	31040	7848	0	0	1842	283	31	0	0	0	6134	4373	12041	8725	4867	547	3672	2135	365	154	743	182	3462	1084	2308	1038	0	0	5513	3908	0	0	1420	463	90	23
Bacteroides heparinolyticus	0	0	1283	1132	1098	1081	0	0	0	0	0	0	0	0	10	0	0	0	0	0	0	0	0	0	0	0	0	0	0	0	502	635	494	577	0	0	0	0	0	0	0	0	0	0	0	0	0	0	0	0	0	0	0	0	0	0
Brooklawnia sp000413315	0	0	9796	3827	32775	13465	1956	135	34010	9265	26493	4438	319	29	18731	1610	17014	2869	0	0	2686	796	0	0	1471	178	168	15	0	0	2013	1797	8300	6782	968	84	19863	8837	17281	5784	50	10	6762	1664	5719	2419	0	0	446	357	0	0	562	170	288	63
Bulleidia moorei	0	0	575	1069	254	436	48	0	135	125	0	0	0	0	13	0	27	28	0	0	0	11	0	0	0	0	33	0	0	0	111	325	63	157	0	0	77	99	0	0	0	0	0	0	0	21	0	0	0	0	0	0	0	0	0	0
CAJPNN01 sp905372035	0	0	5773	9718	1828	3040	59	20	50	69	0	0	875	510	80	36	288	282	0	0	993	1006	0	0	26	15	0	0	0	0	1307	3443	397	868	40	25	41	60	0	0	338	413	41	33	158	307	0	0	175	432	0	0	11	16	0	0
CAJPPJ01 sp905372515	0	0	11	63	239	913	0	0	0	35	85	93	0	0	25	25	32	70	0	0	0	0	0	0	0	0	0	0	0	0	0	21	53	187	0	0	0	20	77	111	0	0	13	21	0	48	0	0	0	0	0	0	0	0	0	0
CAJPQU01 sp905372875	0	0	5134	3214	1247	783	284	40	15	0	0	0	137	24	33	10	232	96	0	0	1357	682	0	0	69	17	0	0	0	0	834	1082	267	312	229	22	0	0	0	0	26	22	26	0	106	61	0	0	366	419	0	0	63	33	0	0
CAJPQU01 sp905373705	0	0	2069	1342	735	472	37	0	14	0	0	0	91	25	20	0	64	32	0	0	185	98	0	0	91	12	0	0	0	0	323	440	153	162	24	0	0	0	0	0	21	29	14	0	40	54	0	0	58	66	0	0	36	16	0	0
CAJPSE01 sp003860125	0	0	30270	12580	9204	4410	783	104	605	273	18	0	8176	1226	372	90	993	418	0	0	6665	2778	0	0	202	61	0	0	0	0	5676	5063	1859	1736	915	112	549	350	19	0	2632	1273	377	154	829	596	0	0	2329	1901	0	0	183	81	0	0
CAJPSE01 sp905373185	0	0	116206	43637	38450	15983	316	28	162	69	0	0	1952	314	562	95	986	374	0	0	3581	1534	0	0	117	28	0	0	0	0	21272	16678	8314	6653	358	66	156	93	12	0	751	402	562	167	822	489	0	0	1460	1278	0	0	131	50	0	0
Campylobacter A rectus	0	0	3636	3503	2580	2462	24	0	21	26	12	0	28	15	214	68	145	98	0	0	93	68	0	0	12	0	0	0	0	0	1044	1472	855	1094	31	0	43	49	11	11	27	24	187	103	133	124	0	0	49	50	0	0	0	0	0	0
Campylobacter A showae	0	0	1831	1565	7254	6516	79	18	156	157	50	35	13	0	1258	471	823	485	0	0	341	261	0	0	15	0	10	0	0	0	483	679	2213	2650	123	33	219	270	67	57	0	0	1095	652	607	648	0	0	211	228	0	0	11	12	0	0
Campylobacter A sp014253065	0	0	577	488	2489	2248	14	0	36	27	0	0	0	0	189	73	140	85	0	0	51	39	0	0	0	0	0	0	0	0	148	163	745	905	23	0	34	56	0	13	0	0	181	89	102	109	0	0	30	31	0	0	0	0	0	0
Campylobacter A sp905372745	0	0	285	279	1378	1222	0	0	23	29	0	0	0	0	139	54	103	60	0	0	39	20	0	0	0	0	0	0	0	0	95	95	432	515	14	0	26	28	0	0	0	0	127	71	57	65	0	0	18	28	0	0	0	0	0	0
Campylobacter B gracilis	0	0	1473	1197	1077	960	158	31	16	17	0	0	16	0	360	95	257	114	0	0	171	90	0	0	86	22	21	0	0	0	336	448	344	385	86	25	21	18	0	0	0	12	275	135	155	99	0	0	53	83	0	0	52	25	0	0
Campylobacter B sp905373215	0	0	928	716	688	558	115	11	18	13	0	0	12	0	229	52	160	71	0	0	82	58	0	0	32	15	0	0	0	0	237	296	204	268	127	12	12	15	0	0	0	0	179	89	97	78	0	0	34	34	0	0	25	17	0	0
Campylobacter B sp905373295	0	0	926	665	670	511	139	0	12	11	0	0	15	0	296	69	180	84	0	0	106	59	0	0	66	0	13	0	0	0	195	291	203	221	101	23	21	12	0	0	0	0	200	100	94	75	0	0	45	49	0	0	34	25	0	0
Capnocytophaga bilenii	0	0	32	44	1087	1544	0	0	0	0	0	0	0	0	61	39	36	50	0	0	11	19	0	0	0	0	0	0	0	0	12	24	360	623	0	0	0	0	0	0	0	0	49	76	24	46	0	0	0	0	0	0	0	0	0	0
Capnocytophaga endodontalis	0	0	311	465	1879	2845	31	0	21	23	20	11	0	0	488	364	243	239	0	0	148	147	0	0	0	0	147	32	0	0	90	172	704	1165	15	0	23	27	23	10	0	0	463	439	157	307	0	0	50	108	0	0	0	0	14	10
Capnocytophaga gingivalis	0	0	104	140	2573	3511	39	0	23	38	75	35	0	0	487	292	279	248	0	0	162	146	15	0	0	0	40	0	0	0	26	53	912	1332	0	0	24	31	46	41	0	0	345	322	214	328	0	0	34	69	0	0	0	0	0	0
Capnocytophaga granulosa	0	0	298	394	7175	8803	15	0	0	0	13	0	0	0	91	64	99	88	0	0	41	38	0	0	0	0	11	0	0	0	73	168	2449	3588	0	0	0	0	0	0	0	0	68	84	53	89	0	0	0	15	0	0	0	0	0	0
Capnocytophaga leadbetteri	10	0	146	208	1815	2447	43	12	43	30	50	22	0	0	466	314	111	144	0	0	65	74	0	0	13	0	28	0	0	0	30	65	528	804	0	0	19	47	29	33	0	0	402	398	87	122	0	0	25	34	0	0	0	0	0	0
Capnocytophaga ochracea	0	0	1695	2647	3877	5596	59	18	52	50	20	0	21	11	506	370	246	265	0	0	409	514	0	0	29	13	45	11	0	0	442	1076	1324	2266	37	28	37	79	10	11	0	11	574	556	207	373	0	0	190	365	0	0	26	28	18	0
Capnocytophaga sp000192225	0	0	108	169	275	487	0	0	0	0	0	0	0	0	53	57	27	29	0	0	38	41	0	0	0	0	0	0	0	0	26	57	71	176	0	0	0	0	10	0	0	0	57	51	21	41	0	0	12	20	0	0	0	0	0	0
Capnocytophaga sp000466425	0	0	38	51	1118	1394	0	0	0	0	0	0	0	0	66	51	62	55	0	0	28	28	0	0	0	0	0	0	0	0	0	22	402	524	0	0	0	0	11	0	0	0	57	59	37	64	0	0	11	0	0	0	0	0	0	0
Capnocytophaga sp002999135	0	0	43	48	313	465	0	0	25	35	50	18	11	0	812	522	183	162	0	0	64	56	0	0	0	0	0	0	0	0	11	20	95	156	11	0	48	50	48	56	0	0	677	711	108	209	0	0	21	33	0	0	0	0	0	0
Capnocytophaga sp905372595	0	0	0	10	502	692	0	0	0	0	0	13	0	0	74	51	35	50	0	0	34	21	0	0	0	0	0	0	0	0	0	0	165	277	0	0	0	0	15	0	0	0	72	81	16	33	0	0	0	13	0	0	0	0	0	0
Capnocytophaga sputigena	0	0	209	314	2546	3692	44	0	21	36	51	21	0	0	1021	672	417	461	0	0	229	251	0	0	10	0	76	13	0	0	59	125	974	1480	0	0	24	48	40	34	0	0	949	919	318	565	0	0	69	154	0	0	0	0	11	10
Cardiobacterium hominis	0	0	225	124	7025	3437	15	0	21	12	28	0	0	0	230	31	82	39	0	0	36	22	0	0	15	0	34	0	0	0	48	50	1948	1627	15	0	25	13	17	0	0	0	196	80	50	34	0	0	22	18	0	0	0	0	10	0
Cardiobacterium valvarum	0	0	1640	817	22208	11336	125	0	428	204	239	44	79	0	2766	476	1143	353	0	0	786	325	10	0	75	10	29	0	0	0	318	323	5204	4596	168	26	300	215	102	66	14	18	2025	633	615	416	0	0	255	228	0	0	75	31	0	0
Catonella massiliensis	0	0	171	307	122	238	0	0	0	21	0	0	0	0	18	0	25	14	0	0	29	21	0	0	20	15	0	0	0	0	28	80	31	73	0	0	0	14	0	0	0	0	0	0	0	13	0	0	0	16	0	0	15	0	0	0
Catonella morbi	0	0	1925	3388	3738	5875	11	0	43	59	0	0	25	14	147	100	104	97	0	0	52	78	0	0	32	16	12	0	0	0	519	1209	1217	2238	23	0	31	44	0	0	0	0	96	105	56	104	0	0	13	21	0	0	16	0	0	0
Centipeda infelix	0	0	1161	605	808	495	13	0	0	0	0	0	0	0	10	0	12	0	0	0	22	15	0	0	0	0	0	0	0	0	239	248	179	200	0	0	0	0	0	0	0	0	13	0	0	0	0	0	0	0	0	0	0	0	0	0
Centipeda noxia	0	0	2106	1207	2492	1655	32	0	13	11	0	0	10	0	28	0	36	18	0	0	137	61	0	0	40	11	88	0	0	0	497	623	792	817	17	0	0	0	0	0	0	0	14	0	35	20	0	0	48	53	0	0	30	18	24	0
Centipeda periodontii	0	0	2010	1116	1081	641	0	0	0	0	0	0	0	0	0	0	0	0	0	0	17	0	0	0	0	0	0	0	0	0	389	448	231	253	0	0	0	0	0	0	0	0	0	0	0	0	0	0	0	0	0	0	0	0	0	0
Centipeda sp000286455	0	0	379	221	240	126	0	0	0	0	0	0	0	0	0	0	0	0	0	0	13	0	0	0	0	0	17	0	0	0	78	85	61	57	0	0	0	0	0	0	0	0	0	0	0	0	0	0	0	0	0	0	0	0	0	0
Centipeda sp000318175	0	0	336	140	203	131	0	0	0	0	0	0	0	0	0	0	0	0	0	0	16	0	0	0	0	0	0	0	0	0	90	85	53	56	0	0	0	0	0	0	0	0	0	0	0	0	0	0	0	0	0	0	0	0	0	0
Centipeda sp000468035	0	0	1684	1004	4388	2590	14	0	0	0	0	0	0	0	23	0	57	17	0	0	51	24	0	0	12	0	0	0	0	0	402	481	1168	1131	17	0	0	0	0	0	0	0	17	0	20	25	0	0	11	16	0	0	0	0	0	0
Centipeda sp001683335	0	0	960	474	317	187	0	0	0	0	0	0	0	0	0	0	0	0	0	0	11	0	0	0	0	0	0	0	0	0	187	220	84	82	0	0	0	0	0	0	0	0	0	0	10	0	0	0	12	0	0	0	0	0	0	0
Centipeda sp001717585	0	0	2862	1554	759	438	0	0	0	0	0	0	0	0	10	0	14	0	0	0	22	15	0	0	0	0	0	0	0	0	623	712	180	222	13	0	0	0	0	0	0	0	0	0	0	0	0	0	0	0	0	0	0	0	0	0
Centipeda sp905372865	0	0	521	290	1748	923	23	0	0	0	0	0	0	0	0	0	11	0	0	0	15	0	0	0	0	0	0	0	0	0	112	130	433	406	0	0	0	0	0	0	0	0	10	0	0	0	0	0	0	0	0	0	0	0	0	0
Corynebacterium durum	16	0	0	0	298	202	299	29	530	175	122	23	12	0	890	192	3910	810	15	0	3903	1174	52	0	26	0	261	39	0	0	0	0	102	108	42	12	207	105	33	17	0	0	603	266	1314	641	0	0	391	411	0	0	0	0	150	37
Corynebacterium matruchotii	0	0	3233	1917	21721	15189	431	13	136	69	180	19	0	0	4644	1286	536	268	62	0	264	157	78	0	73	10	727	66	10	0	893	866	7004	6867	55	11	147	144	35	14	0	0	3989	1765	460	399	0	0	196	200	0	0	21	0	160	53
Desulfobulbus oralis	0	0	75191	33452	53029	22498	103195	9335	71155	29742	10830	2254	35920	4730	19237	2742	34664	10400	0	0	167180	55450	0	0	36421	8135	16	0	0	0	16275	15633	8335	8452	93371	11415	48420	29220	7407	3219	10756	4283	11754	3571	22042	12402	0	0	31733	27109	0	0	30917	13429	65	15
Desulfomicrobium orale	0	0	264517	114804	17645	9258	240	28	1317	640	69	21	4895	849	5331	931	8089	2393	0	0	1326	579	0	0	72	18	0	0	0	0	64117	53046	5709	4911	205	25	1447	1011	70	45	2081	816	4579	1569	5305	3158	0	0	725	686	0	0	65	28	0	0
Desulfovibrio sp003860215	0	0	2467	1126	4249	1876	19	0	0	0	0	0	0	0	48	0	21	0	0	0	14	0	0	0	0	0	0	0	0	0	623	538	1241	1073	0	0	0	0	0	0	0	0	35	0	17	0	0	0	0	0	0	0	0	0	0	0
Dialister invisus	22	0	2405	2918	536	461	61	0	0	0	29	0	13	0	16	0	16	12	14	0	170	96	0	0	0	0	29	0	0	0	415	863	75	115	13	0	0	0	0	0	0	0	0	0	0	0	0	0	0	24	0	0	0	0	0	0
Eikenella corrodens	0	0	484	296	4721	2758	48	0	42	23	177	42	0	0	2840	502	1959	689	0	0	300	130	0	0	0	0	35	0	0	0	113	99	1160	1122	56	0	52	29	127	57	0	0	1638	582	1247	786	0	0	83	69	0	0	0	0	0	0
Eubacterium B infirmum	0	0	247	364	88	143	20	0	52	49	10	0	0	14	42	34	75	53	0	0	194	225	0	0	52	11	0	0	0	0	32	88	11	42	0	0	56	48	12	0	0	12	29	28	26	35	0	0	54	78	0	0	15	21	0	0
Eubacterium M brachy	0	0	525	820	137	266	45	0	14	27	17	0	14	22	19	16	49	32	0	0	19	31	0	0	20	13	59	0	0	0	200	414	54	98	0	0	0	19	0	0	0	0	0	0	19	21	0	0	0	10	0	0	0	0	0	12
Eubacterium N saphenum	0	0	3562	5964	766	1169	0	0	0	0	0	0	208	104	0	0	59	43	0	0	30	40	0	0	0	0	0	0	0	0	490	1257	186	339	0	0	0	0	0	0	99	103	0	0	23	36	0	0	0	14	0	0	0	0	0	0
F0058 sp000163695	0	0	21236	25409	18415	21559	257	87	305	338	13	10	58	34	1184	669	768	670	0	0	2931	2813	0	0	240	96	24	0	0	0	4945	9585	5099	8000	503	172	378	556	17	25	46	42	1303	975	595	881	0	0	1191	2188	0	0	188	139	0	0
F0058 sp905372135	0	0	9337	10192	13657	14682	50	0	96	132	0	0	22	27	515	247	376	320	0	0	493	454	0	0	39	11	0	0	0	0	2319	4022	3276	4930	58	28	170	224	0	13	15	31	478	338	305	426	0	0	218	357	0	0	35	23	0	0
F0058 sp905372605	0	0	2467	2858	5282	5964	0	0	25	18	0	0	0	0	87	40	82	68	0	0	61	76	0	0	12	0	10	0	0	0	587	1066	1318	1989	12	10	31	45	0	0	0	0	78	54	54	78	0	0	26	52	0	0	0	0	0	0
Filifactor alocis	0	0	1964	3435	1293	2151	25	0	37	33	0	0	28	28	54	37	188	160	0	0	82	90	0	0	38	14	12	0	0	0	560	1365	362	702	0	13	19	43	0	0	46	34	55	48	102	214	0	0	14	53	0	0	0	16	0	0
Flexilinea sp001717545	0	0	216497	132430	104585	59879	7731	762	6240	3403	434	102	252107	41613	1431	310	26333	8368	0	0	106717	37150	0	0	27041	5657	15	0	0	0	24115	35583	13905	17606	5179	718	3148	2392	275	122	73161	35334	794	318	12297	7729	0	0	12844	12998	0	0	18175	7909	54	28
Fretibacterium fastidiosum	0	0	29899	11784	12672	5389	355	45	112	46	10	0	371	83	292	56	694	240	0	0	1300	602	0	0	65	15	0	0	0	0	5019	4315	2493	2118	514	56	88	57	12	0	236	96	294	84	537	333	0	0	565	547	0	0	82	25	0	0
Fusobacterium animalis	0	0	125	448	81	245	0	0	0	0	0	0	0	0	100	164	39	74	0	0	11	27	15	0	0	0	23	15	0	0	42	177	33	96	11	0	0	15	0	0	0	0	109	152	18	80	0	0	0	15	0	0	0	0	0	0
Fusobacterium hwasookii	0	0	71	288	418	1187	18	15	28	36	75	67	0	0	1799	2106	429	728	0	0	89	216	0	0	0	0	11	0	0	0	30	102	187	465	20	12	39	66	61	95	0	0	1413	2380	282	787	0	0	48	173	0	0	0	0	0	0
Fusobacterium nucleatum	0	0	453	1621	657	1811	36	20	18	32	29	26	0	16	746	1008	309	613	0	0	86	168	0	0	0	13	32	16	0	0	180	683	289	875	78	53	14	56	28	35	0	20	618	996	230	674	0	0	37	135	0	0	0	12	0	0
Fusobacterium periodonticum	0	0	31	90	39	121	0	0	0	12	13	10	0	0	407	459	77	131	0	0	10	36	0	0	0	0	0	0	0	0	11	35	13	48	0	0	0	11	0	12	0	0	301	443	46	161	0	0	0	21	0	0	0	0	0	0
Fusobacterium polymorphum	0	0	172	514	311	839	21	0	19	18	0	10	42	34	315	377	106	231	0	0	16	62	0	0	0	0	57	14	0	0	49	193	130	333	12	0	15	24	0	16	21	26	211	376	69	237	0	0	18	41	0	0	0	0	0	0
Fusobacterium sp000235465	0	0	32	116	38	88	0	0	0	10	0	0	0	0	200	313	64	95	0	0	0	15	0	0	0	0	0	0	0	0	13	44	15	44	0	0	0	12	0	0	0	0	171	272	40	102	0	0	0	26	0	0	0	0	0	0
Fusobacterium vincentii	0	0	74	231	57	215	18	0	0	11	20	0	0	0	149	174	50	104	0	0	0	38	0	0	0	0	10	10	0	0	35	100	37	92	0	11	0	0	0	0	0	0	93	169	42	85	0	0	0	17	0	0	0	0	0	0
GN02-872 sp003260325	0	0	0	18	1253	3296	0	0	0	0	0	0	0	0	15	18	0	0	0	0	0	0	0	0	0	0	0	0	0	0	0	0	389	1082	0	0	0	14	0	0	0	0	20	22	0	0	0	0	0	0	0	0	0	0	0	0
GN02-873 sp003260345	0	0	0	0	423	541	0	0	0	0	0	0	0	0	0	0	0	0	0	0	0	0	0	0	0	0	0	0	0	0	0	0	97	184	0	0	0	0	0	0	0	0	0	0	0	0	0	0	0	0	0	0	0	0	0	0
Gemella morbillorum	0	0	99	268	2224	5700	454	107	558	1076	24	18	0	12	1469	1372	4300	4595	0	0	2118	3136	0	0	31	18	89	23	0	0	28	95	489	1433	116	46	340	694	10	15	0	0	909	1382	1410	3164	0	0	230	744	0	0	0	0	0	15
Gemella sanguinis	11	0	0	0	25	66	64	24	0	19	15	0	0	0	25	30	94	71	0	0	53	87	0	0	0	0	409	130	0	0	0	0	0	12	0	0	0	19	0	0	0	0	16	28	22	63	0	0	0	15	0	0	0	0	32	57
Granulicatella adiacens	0	0	18	45	397	695	16	0	26	39	12	11	0	0	104	73	50	41	12	0	112	140	12	0	14	0	79	20	0	0	0	18	91	205	12	0	25	44	0	0	0	0	81	89	11	37	0	0	23	73	0	0	0	0	19	12
Granulicatella sp905371865	0	0	15	26	234	311	0	0	24	22	0	0	0	0	47	40	21	15	0	0	68	55	0	0	0	0	18	0	0	0	0	0	65	118	0	0	17	31	0	0	0	0	36	50	0	28	0	0	22	23	0	0	0	0	0	0
H1 sp001653155	0	0	1599	1616	2335	2485	74	0	306	280	0	0	305	96	689	352	274	187	0	0	1053	897	0	0	171	41	0	0	0	0	280	466	539	805	23	22	259	334	0	0	52	70	675	470	167	252	0	0	291	556	0	0	107	73	0	0
HOT-345 sp003260355	0	0	202	320	1019	1486	24	0	32	44	0	0	0	0	46	17	34	49	0	0	22	30	0	0	0	0	0	0	0	0	41	83	198	421	45	11	30	54	0	0	0	0	16	25	22	39	0	0	0	17	0	0	0	0	0	0
HOT-345 sp013333605	0	0	15	33	650	1123	0	0	0	0	14	0	0	0	85	75	51	37	0	0	0	0	0	0	0	0	0	0	0	0	0	0	144	338	0	0	0	0	15	12	0	0	79	80	23	49	0	0	0	0	0	0	0	0	0	0
Hornefia minuta	0	0	65266	65556	17636	18116	417	96	1689	1496	101	37	30661	9177	1030	456	4590	2746	0	0	27398	18442	0	0	11295	3919	0	0	0	0	12424	22315	4812	7135	392	114	1301	1307	74	47	10249	8174	1183	741	2841	3246	0	0	4955	7921	0	0	8831	5934	0	0
JABCPE02 sp013333255	0	0	27	64	587	916	173	54	144	211	2828	1259	0	0	2576	1374	315	280	0	0	1672	1543	0	0	0	0	16	0	0	0	0	13	106	215	119	49	112	165	1575	1280	0	0	1278	1122	152	218	0	0	160	371	0	0	0	0	0	0
JABCPE02 sp013333875	0	0	26	47	597	1128	275	98	233	287	3701	1771	20	11	3647	1939	483	374	0	0	2369	2238	0	0	0	0	13	0	0	0	0	16	149	236	151	69	159	214	2200	1757	0	0	1764	1686	209	352	0	0	217	502	0	0	0	0	0	0
Johnsonella ignava	0	0	4823	12758	6278	12671	8945	1753	593	738	71	34	520	350	6010	2939	10306	8055	0	0	18053	18631	0	0	241	116	17	18	0	0	841	3048	1464	3391	3343	1027	270	415	49	37	215	228	2151	2167	3278	5534	0	0	1909	4836	0	0	87	100	41	56
Johnsonella sp905373785	0	0	626	1296	4633	8446	166	45	250	311	18	13	0	0	526	228	1339	1051	0	0	896	1011	0	0	24	14	0	0	0	0	118	309	999	2282	74	23	159	245	12	11	0	0	156	197	339	598	0	0	120	273	0	0	0	0	0	0
Kingella A denitrificans	0	0	14	12	465	259	21	0	32	20	17	0	0	0	674	158	106	45	0	0	89	26	0	0	10	0	0	0	0	0	0	0	127	133	16	0	44	29	14	0	0	0	626	233	66	38	0	0	24	24	0	0	0	0	11	0
Lachnoanaerobaculum gingivalis	0	0	54	118	196	328	0	0	32	63	0	0	0	11	43	34	40	38	0	0	62	88	0	0	0	0	0	0	0	0	10	29	50	109	0	0	25	47	0	0	0	0	40	25	16	20	0	0	14	34	0	0	0	0	0	0
Lachnoanaerobaculum saburreum	0	0	120	289	347	648	32	0	0	38	0	0	18	17	41	34	55	55	0	0	84	88	0	0	0	0	93	24	0	0	30	76	76	193	12	0	12	31	0	0	18	14	23	35	30	36	0	0	0	32	0	0	0	0	0	0
Lachnoanaerobaculum sp000209465	0	0	293	673	4257	7465	17	0	158	276	10	0	13	0	360	252	151	151	0	0	151	196	0	0	15	0	0	0	0	0	51	147	1376	2610	0	0	134	266	0	11	11	0	229	286	60	127	0	0	38	97	0	0	0	0	0	0
Lautropia dentalis	17	0	27	0	832	322	56	0	25	11	134	22	0	0	1215	191	209	56	0	0	404	127	0	0	11	0	128	11	14	0	13	10	245	157	0	0	28	21	26	19	0	0	1029	266	182	71	0	0	212	144	0	0	0	0	46	0
Lautropia mirabilis	10	0	1943	644	56703	20490	241	21	921	384	450	80	22	0	35112	5049	6104	1778	34	0	14533	5029	60	0	56	12	125	0	0	0	537	327	14073	9344	187	33	825	572	450	213	0	0	26981	7091	4122	2263	16	0	6522	4503	0	0	27	10	42	0
Leptotrichia A sp000469505	0	0	12	44	416	870	0	0	21	39	0	0	0	0	505	503	94	141	0	0	68	120	0	0	0	0	69	24	0	0	10	23	101	300	0	0	20	31	0	0	0	0	342	472	62	128	0	0	24	64	0	0	0	0	0	0
Leptotrichia A sp001274535	0	0	42	136	4486	9067	12	0	45	99	20	10	14	0	3417	3064	565	697	0	0	336	676	0	0	0	0	44	0	0	0	15	52	1456	3160	15	0	65	157	13	29	0	17	2626	3498	323	673	0	0	125	475	0	0	0	0	0	0
Leptotrichia A sp905371725	0	0	18	47	1781	3473	25	0	20	44	0	0	0	0	867	796	179	224	0	0	90	172	0	0	0	0	26	0	0	0	0	15	523	1159	0	0	22	41	0	0	0	0	617	799	106	216	0	0	39	107	0	0	0	0	0	0
Leptotrichia buccalis	0	0	973	2178	823	1772	0	0	0	0	0	0	0	0	82	79	44	50	0	0	66	67	0	0	12	0	0	0	0	0	453	1069	398	741	0	0	0	0	0	0	0	0	67	96	22	53	0	0	21	60	0	0	0	0	0	0
Leptotrichia hofstadii	0	0	79	124	195	365	0	0	0	0	0	0	0	0	80	105	16	24	0	0	14	26	0	0	0	0	14	0	0	0	36	78	84	148	0	0	0	0	0	0	0	0	66	101	0	24	0	0	0	20	0	0	0	0	0	0
Leptotrichia massiliensis	0	0	71	184	689	1395	0	0	16	25	0	0	0	0	264	284	28	46	0	0	21	39	0	0	0	0	20	13	0	0	43	96	275	524	0	0	11	18	0	0	0	0	207	334	12	46	0	0	10	32	0	0	0	0	0	0
Leptotrichia sp013394795	0	0	140	270	104	223	0	0	0	0	0	0	0	0	68	43	0	13	0	0	18	28	0	0	0	0	0	0	0	0	52	134	49	82	0	0	0	0	0	0	0	0	42	57	0	17	0	0	11	0	0	0	0	0	0	0
Mesocricetibacter sp905373425	0	0	42	33	1810	2222	478	69	478	472	1212	536	0	0	10236	4748	2695	1755	0	0	921	692	0	0	0	0	0	0	0	0	0	15	524	795	230	62	421	517	1198	878	0	0	7114	5491	1366	1904	0	0	255	436	0	0	0	0	0	0
Methanobrevibacter A oralis	0	0	189	855	229	802	1047	390	467	863	105	38	22228	13833	225	216	3082	3542	0	0	6002	8425	0	0	2576	1728	0	0	0	0	26	178	43	142	427	208	300	536	35	37	1882	3519	107	144	1044	2425	0	0	564	1884	0	0	715	1099	0	0
Mogibacterium diversum	0	0	31	46	10	22	61	18	41	66	17	10	0	0	128	63	567	355	0	0	134	129	0	0	16	0	40	10	0	0	0	0	0	0	38	0	21	29	10	0	0	0	66	54	191	264	0	0	15	37	0	0	0	0	0	0
Mogibacterium pumilum	0	0	262	362	81	105	323	76	352	458	108	39	38	29	592	252	2657	1664	0	0	450	377	0	0	73	27	0	0	0	0	26	83	14	24	123	35	247	331	64	34	0	16	239	234	878	1171	0	0	56	112	0	0	33	34	0	0
Mogibacterium timidum	0	0	176	358	89	235	20	0	56	51	11	0	16	21	49	40	206	151	0	0	91	86	0	0	20	0	34	0	0	0	32	74	20	41	0	0	25	46	0	0	32	11	26	27	71	90	0	0	13	31	0	0	0	0	14	0
Nanoperiomorbus periodonticus	0	0	3640	2862	702	666	33	11	0	12	0	0	41	0	17	0	41	16	0	0	530	303	0	0	568	165	0	0	0	0	482	840	100	197	38	15	0	0	0	0	12	0	15	13	21	18	0	0	106	144	0	0	408	206	0	0
Nanoperiomorbus sp013333515	0	0	3933	3150	805	638	73	15	25	21	0	0	67	24	15	11	58	25	0	0	701	409	0	0	1236	316	0	0	0	0	538	915	95	160	83	20	24	20	0	0	15	16	19	13	17	20	0	0	131	188	0	0	685	332	0	0
Nanoperiomorbus sp905365345	0	0	4056	3172	790	607	97	13	10	12	0	0	35	14	21	0	64	26	0	0	729	391	0	0	692	209	0	0	0	0	554	901	116	204	106	11	12	12	0	0	21	0	22	14	24	19	0	0	125	172	0	0	543	284	0	0
Nanoperiomorbus sp905372225	0	0	3892	3393	772	609	71	12	18	11	0	0	41	0	16	0	43	24	0	0	640	330	0	0	644	168	0	0	0	0	567	932	110	180	40	0	16	10	0	0	11	15	15	0	31	20	0	0	125	157	0	0	465	258	0	0
Nanoperiomorbus sp905373275	0	0	3904	3039	802	618	48	14	14	0	0	0	42	0	17	0	34	15	0	0	619	357	0	0	632	180	0	0	0	0	523	893	107	189	41	11	0	0	0	0	10	0	24	0	26	17	0	0	107	159	0	0	481	219	0	0
Nanoperiomorbus sp905373385	0	0	4462	3725	904	760	55	13	0	0	0	0	16	0	18	0	48	23	0	0	685	438	0	0	706	175	0	0	0	0	623	1042	125	210	47	18	13	11	0	0	0	10	15	10	29	21	0	0	130	195	0	0	486	289	0	0
Nanosynbacter lyticus	0	0	920	757	981	834	126	23	488	336	373	133	1162	211	680	222	1809	828	0	0	382	225	0	0	97	30	0	0	0	0	113	194	129	205	111	19	272	241	193	123	179	156	271	170	562	554	0	0	66	81	0	0	91	35	0	0
Nanosynbacter sp005697215	0	0	1235	955	1786	1247	89	15	306	160	50	0	871	183	130	31	333	123	0	0	321	172	0	0	93	24	0	0	0	0	173	263	319	401	78	17	178	138	42	23	261	137	82	30	134	101	0	0	55	83	0	0	63	31	0	0
Nanosynbacter sp005697565	0	0	601	422	1174	885	112	11	2878	1951	277	115	510	141	446	104	790	336	0	0	1114	631	0	0	48	19	0	0	0	0	83	129	186	234	34	19	1615	1486	161	113	169	115	210	88	296	234	0	0	182	225	0	0	54	31	0	0
Nanosynbacter sp010202115	0	0	1138	865	1645	1004	96	0	319	163	65	30	670	126	199	49	350	130	0	0	397	180	0	0	57	20	0	0	0	0	173	230	275	343	87	13	187	162	45	28	137	91	121	58	173	113	0	0	92	91	0	0	43	16	0	0
Nanosynbacter sp010202465	0	0	840	668	1158	803	54	11	256	131	56	27	556	104	109	34	255	94	0	0	233	115	0	0	62	14	0	0	0	0	112	213	200	278	64	0	126	121	44	18	176	57	61	25	121	83	0	0	48	72	0	0	30	20	0	0
Nanosynbacter sp010202645	0	0	1498	949	1826	1260	53	0	254	125	62	0	778	136	137	25	378	117	0	0	353	157	0	0	79	23	0	0	0	0	214	291	303	427	62	16	158	119	28	18	128	85	75	32	150	76	0	0	69	71	0	0	41	32	0	0
Nanosynbacter sp010202845	0	0	1341	829	1934	1335	94	13	275	137	59	15	1010	168	138	29	323	117	0	0	288	153	0	0	74	19	0	0	0	0	210	247	367	410	85	14	175	107	41	20	205	139	86	29	167	102	0	0	68	74	0	0	57	30	0	0
Nanosynbacter sp013099015	0	0	1550	1135	2248	1655	93	12	308	184	84	25	683	152	172	43	369	140	0	0	468	199	0	0	368	100	0	0	0	0	244	291	425	556	53	12	187	160	54	24	177	91	99	46	193	93	0	0	89	89	0	0	111	57	0	0
Nanosynbacter sp013099195	0	0	1062	790	1566	1191	103	12	300	175	62	0	838	177	163	42	357	136	0	0	327	162	0	0	81	16	0	0	0	0	173	222	259	357	72	0	195	159	50	18	202	97	85	32	158	125	0	0	52	89	0	0	71	32	0	0
Nanosynbacter sp013100805	0	0	1344	842	1969	1446	111	0	256	125	54	11	696	166	115	29	310	122	0	0	349	194	0	0	85	31	0	0	0	0	185	269	364	462	83	16	155	127	37	20	167	127	81	38	151	100	0	0	77	90	0	0	50	25	0	0
Nanosynbacter sp013100825	0	0	632	458	1170	794	86	13	299	139	51	10	668	112	130	19	314	110	0	0	304	143	0	0	72	24	0	0	0	0	95	152	182	242	76	0	205	132	50	27	127	60	78	24	137	91	0	0	58	59	0	0	43	23	0	0
Nanosynbacter sp013333695	0	0	1200	818	1747	1301	72	0	205	123	52	23	813	175	125	27	295	142	0	0	330	155	0	0	71	21	0	0	0	0	183	263	289	389	86	13	127	80	39	0	156	98	66	20	146	101	0	0	63	70	0	0	58	27	0	0
Nanosynbacter sp015257635	0	0	229	242	172	185	0	0	23	18	0	0	38	0	11	0	27	14	0	0	0	0	0	0	11	0	17	0	0	0	33	62	26	34	0	0	21	14	0	0	24	0	0	0	12	0	0	0	0	0	0	0	0	0	0	0
Nanosynbacter sp905372305	0	0	17166	15510	6215	5302	628	95	782	462	108	31	13980	3208	350	79	2062	732	0	0	2156	1296	0	0	1391	380	0	0	0	0	2126	3680	936	1416	702	98	425	301	91	39	2983	1980	156	90	724	588	0	0	360	453	0	0	889	510	15	0
Nanosynbacter sp905372835	0	0	846	621	1145	928	108	17	3313	2066	370	115	631	161	493	110	878	368	0	0	1277	779	0	0	73	25	0	0	0	0	145	187	184	242	66	13	1829	1534	197	96	121	87	211	113	321	263	0	0	190	286	0	0	57	23	0	0
Nanosynbacter sp905373315	0	0	324	207	460	342	57	0	3737	2350	388	126	217	62	543	116	847	353	0	0	1291	769	0	0	39	11	0	0	0	0	47	54	79	105	31	10	1933	1674	214	113	66	36	238	111	305	244	0	0	228	261	0	0	26	12	0	0
Nanosynbacter sp905373795	0	0	18024	15543	6538	5539	520	90	689	375	95	28	12952	2839	307	83	1745	625	0	0	2000	1139	0	0	1357	419	0	0	0	0	2135	3582	968	1471	510	102	354	310	53	39	2476	1815	144	57	600	490	0	0	289	385	0	0	854	491	0	0
Neisseria elongata	0	0	220	118	7018	4101	34	0	1006	613	206	55	0	0	7092	1203	1088	387	16	0	705	297	0	0	0	0	17	0	0	0	42	65	1923	1867	13	0	836	672	147	80	0	0	4189	1433	725	506	0	0	178	214	0	0	0	0	0	0
Neisseria lactamica	0	0	19	17	569	413	21	0	34	14	10	0	0	0	734	199	108	55	0	0	248	140	0	0	0	0	21	0	0	0	0	0	185	182	0	0	44	48	0	0	0	0	584	328	97	58	0	0	107	106	0	0	0	0	0	0
Neisseria mucosa	0	0	24	19	1245	936	16	0	56	57	38	0	0	0	905	264	179	82	0	0	313	183	0	0	10	0	104	15	0	0	0	0	409	419	11	0	92	78	28	16	0	0	798	355	109	121	0	0	124	149	0	0	0	0	26	0
Neisseria sicca	0	0	69	60	3653	2541	37	0	202	174	69	25	0	0	3180	1056	531	298	17	0	1289	712	0	0	15	0	131	17	0	0	23	31	1109	1156	16	0	241	280	63	29	0	0	2762	1421	349	367	0	0	455	518	0	0	0	0	32	0
Neisseria sp000090875	0	0	309	190	3533	2412	29	0	36	32	0	0	0	0	1394	471	172	86	0	0	829	454	12	0	0	0	22	0	0	0	87	90	1117	1102	0	0	55	38	17	24	0	0	1561	727	145	109	0	0	456	465	0	0	0	0	0	0
Neisseria sp000227275	0	0	17	0	192	135	41	0	14	0	0	0	0	0	259	77	41	23	0	0	84	45	0	0	0	0	10	0	0	0	0	0	65	49	0	0	16	16	0	0	0	0	208	106	34	23	0	0	36	37	0	0	0	0	0	0
Olsenella F profusa	0	0	168	71	127	40	75	0	29	0	15	0	242	12	0	0	16	0	0	0	140	38	0	0	295	42	11	0	0	0	33	31	23	22	34	0	12	0	0	0	29	12	0	0	0	0	0	0	31	29	0	0	148	32	0	0
Olsenella F sp001189515	0	0	312557	132737	152682	65793	34962	2252	9884	3177	63	17	56209	5898	1855	264	4338	895	0	0	42281	15073	0	0	112742	13942	158	17	0	0	34748	41185	20582	22200	17239	1911	4317	2227	12	10	10789	3842	1183	318	2073	918	0	0	7978	6879	0	0	42766	12806	222	78
Olsenella uli	0	0	2672	917	188	79	46	0	18	0	0	0	154	12	0	0	13	0	0	0	95	29	0	0	200	19	0	0	0	0	355	356	37	44	30	0	0	0	0	0	58	15	0	0	0	0	0	0	18	17	0	0	75	26	0	0
Oribacterium sp000160135	0	0	223	157	124	107	19	0	0	0	0	0	0	0	0	0	13	0	0	0	197	99	0	0	0	0	22	0	0	0	47	57	35	30	0	0	0	0	0	0	14	0	0	0	0	0	0	0	42	54	0	0	0	0	0	0
Oribacterium sp013394775	0	0	2008	2059	291	324	0	0	0	0	0	0	0	0	0	0	11	0	0	0	23	14	0	0	0	0	0	0	0	0	415	809	62	110	0	0	0	0	0	0	0	0	0	0	0	0	0	0	0	0	0	0	0	0	0	0
Ottowia sp001262075	0	0	6078	2123	203032	77808	19	0	29	11	105	22	33	0	426	74	2785	813	10	0	744	302	0	0	0	0	0	0	0	0	1779	1244	57324	38338	18	0	20	0	50	39	11	0	202	74	2442	1314	0	0	500	371	0	0	0	0	0	0
Ottowia sp003859965	0	0	26	0	236	86	40	0	99	24	247	54	33	0	1257	124	617	129	0	0	277	68	0	0	14	0	0	0	0	0	0	0	86	49	50	0	43	19	118	59	0	0	409	95	220	95	0	0	38	21	0	0	0	0	0	0
Parvimonas micra	0	0	1120	3332	352	948	43	12	51	175	18	14	28	19	97	82	255	357	0	0	43	84	0	0	0	0	18	0	0	0	330	1112	81	260	13	13	56	143	14	42	15	14	61	104	110	271	0	0	25	42	0	0	0	0	0	0
Parvimonas sp000214475	0	0	160	487	111	282	41	10	80	177	18	32	21	10	135	177	355	502	0	0	46	92	0	0	0	0	0	0	0	0	37	150	22	84	15	16	69	153	24	41	0	0	95	162	145	417	0	0	12	49	0	0	0	0	0	0
Parvimonas sp000223315	0	0	388	1293	520	1525	41	18	168	466	21	16	24	72	131	166	508	734	0	0	105	212	0	0	0	0	0	0	0	0	106	416	133	401	0	16	174	360	36	42	32	81	93	140	204	600	0	0	24	109	0	0	0	0	0	0
Parvimonas sp015257355	0	0	31	126	42	164	0	0	59	150	0	0	16	0	54	75	162	238	0	0	16	45	0	0	0	0	0	0	0	0	10	29	0	37	0	0	39	134	12	12	0	10	33	57	54	179	0	0	0	29	0	0	0	0	0	0
Pauljensenia odontolytica	0	0	1118	335	303	101	402	22	381	116	3114	570	266	30	2452	338	2145	592	27	0	1914	472	32	0	111	18	545	23	0	0	228	154	66	42	148	22	202	93	1519	559	75	13	1743	433	1210	619	0	0	345	258	24	0	59	19	142	27
Pauljensenia sp000185285	0	0	263	114	212	67	350	24	194	55	636	139	848	64	660	84	1612	396	11	0	5314	1412	41	0	172	28	346	17	0	0	46	40	51	33	205	19	94	50	336	118	183	34	411	92	774	399	0	0	679	541	0	0	98	40	70	12
Pauljensenia sp000278725	0	0	47	20	53	26	328	26	125	73	267	60	112	0	295	33	311	84	59	0	557	147	108	0	73	0	829	45	0	0	16	16	10	10	137	21	76	30	143	46	33	0	154	46	167	88	0	0	115	74	0	0	41	12	202	47
Pauljensenia sp000466265	0	0	64	22	101	24	316	15	162	51	250	43	156	18	251	47	340	96	0	0	666	178	22	0	49	0	54	0	0	0	15	0	16	17	153	14	108	41	121	57	70	0	196	46	199	89	0	0	112	117	0	0	34	13	12	0
Pauljensenia sp001838165	0	0	31	0	40	17	75	0	31	12	129	21	27	0	104	12	100	38	0	0	185	65	0	0	0	0	44	0	0	0	0	0	0	0	35	0	26	11	69	25	17	0	82	23	71	34	0	0	55	32	0	0	0	0	11	0
Peptidiphaga gingivicola	0	0	1205	430	1143	465	16	0	117	20	57	0	36	0	279	37	127	20	0	0	118	32	0	0	25	0	61	0	0	0	258	212	322	230	16	0	72	16	15	0	25	0	248	46	68	35	0	0	20	20	0	0	0	0	0	0
Peptidiphaga sp000466165	0	0	297	111	62	31	101	0	98	34	83	12	77	0	41	0	37	0	35	0	90	26	71	0	52	11	324	14	0	0	88	58	19	0	21	0	49	26	16	0	36	0	15	0	23	0	0	0	21	12	0	0	16	0	70	11
Peptidiphaga sp905373325	0	0	1083	385	3286	1369	17	0	37	14	11	0	38	0	395	49	165	35	0	0	74	33	0	0	24	0	0	0	0	0	248	164	977	730	0	0	32	15	13	0	0	0	360	105	87	39	0	0	26	19	0	0	0	0	0	0
Peptoanaerobacter yurii	0	0	520	1115	8212	16019	29	11	233	466	190	147	0	0	2706	2552	1202	1512	0	0	682	1066	0	0	0	0	0	0	0	0	94	380	2686	5492	12	12	264	509	282	313	0	0	2124	2708	666	1488	0	0	233	607	0	0	0	0	0	0
Peptostreptococcus stomatis	0	0	738	1486	624	1326	1542	435	2601	3392	163	95	230	179	1037	564	1937	1595	0	0	3753	3844	0	0	360	214	24	0	0	0	136	327	107	289	571	238	1512	2152	91	90	105	116	408	461	617	1078	0	0	340	847	0	0	149	143	0	0
Phocaeicola abscessus	0	0	7369	6332	1441	1316	0	0	0	0	0	0	0	0	0	0	0	0	0	0	14	12	0	0	0	0	0	0	0	0	2227	3100	527	665	0	0	0	0	0	0	0	0	0	0	0	0	0	0	0	0	0	0	0	0	0	0
Porphyromonas catoniae	0	0	0	0	744	563	0	0	0	0	25	15	0	0	382	137	68	34	0	0	10	12	0	0	0	0	81	0	0	0	0	0	170	205	0	0	10	0	60	26	0	0	304	148	50	54	0	0	0	0	0	0	0	0	11	0
Porphyromonas endodontalis	0	0	242	244	564	570	166	15	0	0	13	0	0	0	13	0	15	0	0	0	0	0	0	0	15	0	58	0	0	0	80	107	182	245	0	0	14	11	0	0	0	0	0	0	10	0	0	0	0	10	0	0	0	0	0	0
Porphyromonas gingivalis	0	0	4702	3708	1333	1162	23	0	201	161	19	0	16	0	36	12	48	33	0	0	45	38	0	0	30	14	34	0	0	0	1566	1936	552	596	0	0	287	239	0	0	34	20	32	22	57	79	0	0	20	24	0	0	28	13	0	0
Porphyromonas pasteri	0	0	0	0	81	58	110	12	0	0	20	0	0	0	451	127	164	87	0	0	0	0	21	0	32	10	180	0	0	0	0	0	21	32	10	0	0	0	0	0	0	0	307	140	121	89	0	0	0	0	0	0	12	0	35	15
Porphyromonas sp000467855	0	0	99	50	802	521	29	0	0	0	0	0	0	0	200	54	103	52	0	0	0	0	0	0	0	0	339	24	0	0	22	20	191	192	0	0	12	0	0	0	0	0	113	62	72	77	0	0	0	0	0	0	0	0	55	12
Porphyromonas sp018127745	0	0	0	0	318	140	13	0	0	0	0	0	0	0	302	67	50	17	0	0	0	0	0	0	0	0	0	0	0	0	0	0	88	55	0	0	0	0	0	0	0	0	199	73	28	26	0	0	0	0	0	0	0	0	0	0
Porphyromonas sp905372525	0	0	14	13	2310	1554	15	0	24	14	64	22	0	0	991	263	146	87	0	0	69	31	0	0	0	0	276	35	0	0	0	0	585	602	0	0	33	25	74	43	0	0	699	349	100	78	0	0	13	29	0	0	0	0	25	0
Prevotella buccae	0	0	480	360	297	233	0	0	0	0	0	0	0	0	0	0	0	0	0	0	0	0	0	0	0	0	13	0	0	0	123	173	82	122	0	0	0	0	0	0	0	0	0	0	0	0	0	0	0	0	0	0	0	0	0	0
Prevotella conceptionensis	0	0	2999	2550	3343	2987	79	0	12	11	10	0	0	0	401	174	161	115	0	0	45	25	20	0	19	0	50	0	0	0	1004	1340	1030	1237	33	0	22	27	0	0	0	0	388	212	135	155	0	0	23	42	0	0	0	0	0	0
Prevotella intermedia	0	0	388	430	361	389	38	0	17	14	0	0	0	0	120	55	91	78	0	0	49	44	0	0	14	0	29	0	0	0	130	199	149	208	15	0	40	51	0	0	0	0	103	91	63	107	0	0	33	30	0	0	0	0	0	0
Prevotella koreensis	0	0	1886	1951	369	433	0	0	11	10	0	0	11	0	59	37	123	102	0	0	88	75	0	0	71	28	15	0	0	0	477	803	137	201	48	15	14	34	0	0	0	0	77	45	86	116	0	0	31	85	0	0	85	49	0	0
Prevotella loescheii	0	0	1333	1209	6908	6649	29	0	53	47	10	0	0	0	5680	2649	1654	1114	0	0	543	450	10	0	35	10	66	0	0	0	399	589	2532	3059	55	0	106	123	12	17	0	0	5749	3816	1326	1617	0	0	333	490	0	0	23	16	0	0
Prevotella maculosa	0	0	833	769	238	232	17	0	0	0	14	0	0	0	11	0	0	0	0	0	0	0	0	0	0	0	28	0	0	0	238	381	75	104	0	0	0	0	0	0	0	0	0	0	0	0	0	0	0	10	0	0	0	0	0	0
Prevotella micans	0	0	401	392	230	285	12	0	0	0	0	0	0	0	0	0	0	0	0	0	0	0	0	0	0	0	0	0	0	0	110	208	84	139	0	0	0	0	0	0	0	0	0	0	0	0	0	0	0	0	0	0	0	0	0	0
Prevotella shahii	0	0	153	177	264	275	0	0	0	0	0	0	0	0	78	56	24	23	0	0	0	0	0	0	0	0	0	0	0	0	60	87	87	131	0	0	0	0	0	0	0	0	78	41	15	21	0	0	12	0	0	0	0	0	0	0
Prevotella sp905373605	0	0	670	554	126	139	0	0	0	0	0	0	0	0	41	17	0	0	0	0	0	0	0	0	0	0	0	0	0	0	277	348	53	78	0	0	0	0	0	0	0	0	36	21	11	14	0	0	0	0	0	0	0	0	0	0
Pyramidobacter piscolens	0	0	653	338	793	412	0	0	0	0	0	0	0	0	0	0	0	0	0	0	0	0	0	0	0	0	0	0	0	0	143	169	239	224	0	0	0	0	0	0	0	0	0	0	0	0	0	0	0	0	0	0	0	0	0	0
Rothia aeria	14	0	329	174	2479	1785	275	20	16	0	135	25	12	0	868	140	6664	1380	60	0	6142	1974	85	0	44	0	359	39	0	0	87	76	714	803	54	0	0	0	0	0	0	0	438	161	2207	1123	0	0	867	819	13	0	0	0	121	32
Rothia dentocariosa	29	0	453	307	229	171	914	72	69	21	844	197	55	0	506	42	683	124	100	0	456	166	273	17	133	20	1200	133	11	12	115	139	73	90	119	21	15	17	87	65	0	0	63	39	194	84	14	0	83	69	0	11	46	25	253	64
Rothia mucilaginosa	34	0	0	0	0	0	209	20	0	0	76	11	19	0	69	0	29	0	16	0	0	0	77	0	46	0	454	35	0	0	0	0	0	0	33	0	0	0	0	0	0	0	10	0	0	0	0	0	0	0	0	0	11	0	84	20
SDRW01 sp007845485	0	0	1354	1793	20577	34500	41	0	146	122	25	0	409	119	38	13	162	66	0	0	182	135	0	0	118	40	80	0	0	0	183	440	3202	7508	22	0	102	69	21	0	75	82	20	14	58	51	0	0	28	50	0	0	80	42	0	0
Saccharimonas sp010202265	0	0	3528	3063	9886	8600	251	32	1168	847	69	25	113	32	1003	221	694	299	0	0	265	160	0	0	82	38	0	0	0	0	534	846	1387	2249	126	37	596	613	37	22	18	31	244	116	204	179	0	0	50	59	0	0	42	32	0	0
Saccharimonas sp013333625	0	0	4606	3380	2294	1792	535	53	646	486	70	16	388	84	105	34	329	143	0	0	878	536	0	0	63	0	14	0	0	0	648	961	345	451	252	57	358	289	28	10	71	58	49	21	109	90	0	0	126	168	0	0	54	13	0	0
Saccharimonas sp013333645	0	0	134	91	54	45	0	0	119	62	0	0	71	12	120	15	115	34	0	0	35	24	0	0	216	52	0	0	0	0	13	17	11	0	0	0	59	39	0	0	15	0	43	17	55	26	0	0	0	0	0	0	62	39	0	0
Saccharimonas sp013333795	0	0	4110	3475	2063	1747	419	37	76	47	14	0	423	93	35	0	160	66	0	0	520	334	0	0	228	69	26	0	0	0	613	894	298	478	260	29	51	33	0	0	90	54	21	0	53	54	0	0	81	104	0	0	93	46	0	0
Saccharimonas sp013333845	0	0	5675	5445	2328	2009	619	51	86	46	0	0	326	65	44	15	236	104	0	0	740	458	0	0	18	0	0	0	0	0	787	1418	370	498	341	31	57	32	0	0	59	51	16	12	79	65	0	0	109	157	0	0	19	0	0	0
Saccharimonas sp015257605	0	0	4396	3316	2031	1671	333	48	91	44	0	0	360	79	40	0	172	61	0	0	504	257	0	0	50	11	13	0	0	0	592	955	272	436	261	28	44	27	0	0	100	42	16	0	52	38	0	0	77	118	0	0	36	18	0	0
Saccharimonas sp015257665	0	0	93	69	70	61	52	0	376	142	36	10	37	0	176	19	170	50	0	0	86	28	0	0	75	0	12	0	0	0	17	16	17	23	23	0	177	117	24	0	10	0	76	51	67	44	0	0	15	11	0	0	20	0	0	0
Saccharimonas sp905365145	0	0	5169	4031	2576	2163	549	71	142	105	30	0	736	169	59	20	286	99	0	0	777	461	0	0	64	19	11	0	0	0	706	1089	364	545	390	65	93	75	17	0	158	128	27	14	103	69	0	0	130	157	0	0	36	17	0	0
Saccharimonas sp905371595	0	0	4868	3838	2373	1940	416	62	161	106	21	0	444	95	53	12	243	89	0	0	533	333	0	0	48	19	17	0	0	0	677	1057	325	499	299	51	82	76	13	0	78	67	22	13	92	62	0	0	112	111	0	0	42	13	0	0
Saccharimonas sp905372095	0	0	6943	5569	3088	2508	589	70	132	83	17	0	502	116	61	10	268	94	0	0	702	358	0	0	63	20	13	0	0	0	979	1552	427	652	413	53	67	57	10	0	117	88	34	16	97	75	0	0	116	153	0	0	41	19	0	0
Saccharimonas sp905372275	0	0	5320	4208	2741	2157	594	57	108	74	12	0	804	200	83	15	345	157	0	0	678	356	0	0	58	25	13	0	0	0	783	1135	413	592	375	63	68	61	14	0	163	112	36	18	109	96	0	0	106	136	0	0	41	16	0	0
Saccharimonas sp905373835	0	0	86	39	56	62	20	0	116	54	0	0	33	0	115	23	144	46	0	0	28	14	0	0	0	0	0	0	0	0	0	22	12	17	12	0	58	40	0	0	10	0	68	20	48	47	0	0	0	0	0	0	0	0	0	0
Selenomonas sputigena	0	0	3224	1657	334	204	15	0	41	25	0	0	0	0	12	0	22	0	0	0	62	37	0	0	14	0	11	0	0	0	593	682	75	85	0	0	41	27	0	0	0	0	10	0	10	0	0	0	28	23	0	0	0	0	0	0
Slackia exigua	0	0	7078	2711	1376	604	85	14	102	57	0	0	20	0	10	0	24	0	0	0	427	169	0	0	1244	228	22	0	0	0	1361	1150	312	237	175	22	128	88	0	0	0	0	14	0	13	0	0	0	185	124	0	0	1303	533	0	0
Streptococcus anginosus	0	0	739	1090	222	411	66	0	37	43	27	14	0	0	39	15	37	22	0	0	312	273	0	0	29	12	39	0	0	0	124	316	49	114	52	0	28	42	0	0	0	0	22	18	24	26	0	0	43	90	0	0	0	0	0	0
Streptococcus constellatus	0	0	7432	10855	343	487	166	31	82	89	41	15	0	0	91	53	97	75	0	0	753	525	0	0	84	29	15	0	0	0	1278	3109	58	164	85	13	45	67	23	15	0	0	51	44	30	64	0	0	72	159	0	0	17	21	0	0
Streptococcus cristatus	0	0	3700	4296	5287	6190	2974	426	1165	989	848	228	12	0	1556	538	1276	667	0	0	15813	8350	0	0	821	302	122	16	0	0	588	1195	1129	1808	1245	224	605	668	376	198	0	0	855	619	466	549	0	0	1537	2329	0	0	355	219	69	33
Streptococcus gordonii	0	0	474	785	1967	2479	784	91	181	162	312	124	21	0	716	301	1004	717	12	0	6088	3232	37	0	151	33	532	113	0	0	101	238	382	736	277	50	107	98	169	94	0	0	439	312	418	695	0	0	584	897	0	0	41	28	106	63
Streptococcus intermedius	0	0	795	1161	112	151	195	14	40	32	74	26	0	0	106	44	81	46	0	0	1117	707	0	0	26	0	26	0	0	0	145	331	28	46	52	12	18	19	28	0	0	0	52	50	27	40	0	0	92	180	0	0	15	0	0	0
Streptococcus oralis	0	0	0	0	103	178	55	0	12	11	14	0	0	0	50	23	24	18	0	0	272	183	0	0	0	0	21	0	0	0	0	0	18	36	0	0	0	0	10	0	0	0	13	18	0	0	0	0	13	44	0	0	0	0	0	0
Streptococcus sanguinis	10	0	1318	1408	20899	24215	14785	1977	3297	2604	7149	2297	42	0	12972	4666	6598	3306	29	0	124611	64752	46	12	1243	306	445	111	0	0	278	454	3467	5886	4914	942	1615	1566	3374	1924	0	0	6600	4537	2065	2334	0	0	9417	14920	0	0	368	224	358	173
Streptococcus sinensis	0	0	21354	26664	20862	26367	9462	1550	5692	5106	474	131	59	22	2502	1041	4881	2650	0	0	39404	22435	0	0	5459	1518	36	21	0	0	3166	6806	3632	6745	3495	794	2823	3141	241	139	0	0	1178	898	1687	2108	0	0	3457	5628	0	0	1981	1204	92	60
Streptococcus sp000220065	0	0	81	98	1242	1794	444	69	83	80	166	45	0	0	264	117	163	100	0	0	2760	1482	0	0	49	11	12	0	0	0	11	39	299	492	139	33	38	45	57	40	0	0	151	95	63	82	0	0	250	403	0	0	16	12	0	12
Streptococcus sp905372115	0	0	188	226	3848	4326	1696	228	379	258	834	254	0	0	1460	561	779	378	0	0	14357	7318	0	0	139	33	35	0	0	0	42	58	572	1082	535	119	196	173	362	185	0	0	731	477	277	304	0	0	1147	1719	0	0	36	26	44	15
Tannerella forsythia	0	0	20314	15188	14652	11941	85	14	137	140	22	0	115	66	769	266	658	391	0	0	513	433	0	0	30	11	60	0	0	0	4653	5915	3314	4116	103	33	192	204	0	0	137	115	698	400	565	622	0	0	257	403	0	0	42	34	0	0
Tannerella sp002890585	0	0	2878	1464	2953	1514	16	0	17	0	0	0	0	0	194	32	113	63	0	0	162	65	0	0	0	0	20	0	0	0	565	520	667	539	12	0	0	14	0	0	0	0	183	54	78	57	0	0	75	55	0	0	0	0	0	0
Tannerella sp003033925	0	0	6534	3599	26833	13453	41	0	51	43	15	0	0	0	1594	305	621	253	0	0	1031	451	0	0	25	0	28	0	0	0	1519	1526	5721	5290	14	0	56	48	18	0	0	0	1138	411	388	300	0	0	432	361	0	0	0	0	14	0
Treponema B denticola	0	0	4170	7313	3162	5097	139	41	32	47	0	0	137	145	60	36	125	104	0	0	628	677	0	0	152	44	0	0	0	0	916	2271	733	1428	113	46	39	58	0	0	104	128	48	44	69	114	0	0	149	381	0	0	57	35	0	0
Treponema B putidum	0	0	516	1070	598	1119	26	11	0	0	0	0	32	28	0	0	20	19	0	0	69	100	0	0	13	0	0	0	0	0	132	314	127	324	11	0	0	0	0	0	23	14	10	0	0	27	0	0	15	38	0	0	0	0	0	0
Treponema B sp905372345	0	0	578	912	460	706	19	0	0	0	0	0	28	25	0	0	24	19	0	0	69	82	0	0	23	0	0	0	0	0	144	308	114	209	0	0	0	11	0	0	12	27	10	0	12	14	0	0	16	46	0	0	0	10	0	0
Treponema C lecithinolyticum	0	0	203	201	229	232	0	0	0	0	0	0	33	10	0	0	0	0	0	0	26	15	0	0	0	0	0	0	0	0	52	87	81	141	16	0	0	0	0	0	13	13	0	0	0	0	0	0	0	10	0	0	0	0	0	0
Treponema C maltophilum	0	0	1819	1493	1726	1313	130	16	25	18	0	0	97	24	46	0	52	16	0	0	467	317	0	0	43	0	0	0	0	0	441	592	392	481	55	0	33	28	0	0	29	27	45	16	38	35	0	0	126	155	0	0	34	17	0	0
Treponema C sp905372025	0	0	2374	1956	1824	1391	84	0	27	27	0	0	278	79	47	14	57	31	0	0	498	340	0	0	46	0	0	0	0	0	648	860	441	533	95	23	27	23	0	0	128	105	49	21	37	44	0	0	128	189	0	0	23	15	0	0
Treponema D buccale	0	0	1958	1405	854	655	58	0	17	10	0	0	115	29	30	0	60	27	0	0	401	252	0	0	54	17	0	0	0	0	472	557	207	255	75	0	12	0	0	0	26	61	34	22	33	29	0	0	120	174	0	0	25	20	0	0
Treponema D paredis	0	0	2471	1785	2276	1596	124	22	28	29	0	0	190	52	97	23	127	59	0	0	684	400	0	0	62	11	0	0	0	0	572	680	569	681	90	18	33	23	0	0	41	50	82	36	74	64	0	0	231	198	0	0	49	25	0	0
Treponema D parvum	0	0	344	493	276	295	0	0	0	0	0	0	18	0	0	0	0	0	0	0	88	54	0	0	40	0	0	0	0	0	96	159	70	94	0	0	0	0	0	0	0	0	0	0	0	0	0	0	0	28	0	0	10	0	0	0
Treponema D socranskii	0	0	3194	2418	1383	1050	45	0	0	0	0	0	78	40	22	0	35	20	0	0	267	135	0	0	42	0	0	0	0	0	811	1004	394	444	20	0	13	0	0	0	33	29	15	0	12	18	0	0	88	124	0	0	26	13	0	0
Treponema D sp014334325	0	0	1278	885	1019	744	31	0	10	0	0	0	57	13	17	0	29	10	0	0	137	81	0	0	22	0	0	0	0	0	275	370	246	251	32	0	0	0	0	0	0	13	15	11	13	16	0	0	50	65	0	0	0	10	0	0
Treponema D sp014334335	0	0	271	387	188	230	0	0	0	0	0	0	0	0	0	0	0	0	0	0	0	0	0	0	0	0	0	0	0	0	107	158	61	99	0	0	0	0	0	0	0	0	0	0	0	0	0	0	0	0	0	0	0	0	0	0
Treponema sp000775995	0	0	463	527	671	689	0	0	11	0	0	0	0	0	22	0	30	14	0	0	21	33	0	0	0	0	0	0	0	0	105	215	170	196	13	0	0	0	0	0	0	0	15	11	15	17	0	0	0	14	0	0	0	0	0	0
Veillonella parvula	0	0	16	33	0	17	76	10	0	0	19	11	13	0	103	46	40	37	30	0	41	37	47	0	37	13	455	73	0	0	0	21	0	0	0	0	0	0	0	0	0	0	38	42	16	33	0	0	0	14	0	0	16	0	49	28
W11650 sp002999035	0	0	12168	10665	8786	8105	51	14	179	188	11	0	35	38	279	104	357	268	0	0	270	224	0	0	60	15	0	0	0	0	3467	4551	2530	3071	34	20	170	189	17	0	22	27	233	139	233	316	0	0	82	119	0	0	29	20	0	0
W5053 sp000467935	0	0	11090	18796	3888	5960	77	21	273	392	14	0	2132	1540	101	59	600	445	0	0	1557	1574	0	0	135	74	0	0	0	0	2098	5309	1101	2050	27	21	165	286	13	13	1108	1397	75	57	249	469	0	0	264	604	0	0	83	85	0	0
