Length,counts_length,Study
36,3,BAN001.A0101.SG1.1_5M.oral_gc_rl.tsv.gz
37,7,BAN001.A0101.SG1.1_5M.oral_gc_rl.tsv.gz
38,10,BAN001.A0101.SG1.1_5M.oral_gc_rl.tsv.gz
39,8,BAN001.A0101.SG1.1_5M.oral_gc_rl.tsv.gz
40,7,BAN001.A0101.SG1.1_5M.oral_gc_rl.tsv.gz
41,7,BAN001.A0101.SG1.1_5M.oral_gc_rl.tsv.gz
42,13,BAN001.A0101.SG1.1_5M.oral_gc_rl.tsv.gz
43,6,BAN001.A0101.SG1.1_5M.oral_gc_rl.tsv.gz
44,5,BAN001.A0101.SG1.1_5M.oral_gc_rl.tsv.gz
45,6,BAN001.A0101.SG1.1_5M.oral_gc_rl.tsv.gz
46,9,BAN001.A0101.SG1.1_5M.oral_gc_rl.tsv.gz
47,6,BAN001.A0101.SG1.1_5M.oral_gc_rl.tsv.gz
48,10,BAN001.A0101.SG1.1_5M.oral_gc_rl.tsv.gz
49,13,BAN001.A0101.SG1.1_5M.oral_gc_rl.tsv.gz
50,7,BAN001.A0101.SG1.1_5M.oral_gc_rl.tsv.gz
51,10,BAN001.A0101.SG1.1_5M.oral_gc_rl.tsv.gz
52,13,BAN001.A0101.SG1.1_5M.oral_gc_rl.tsv.gz
53,2,BAN001.A0101.SG1.1_5M.oral_gc_rl.tsv.gz
54,9,BAN001.A0101.SG1.1_5M.oral_gc_rl.tsv.gz
56,11,BAN001.A0101.SG1.1_5M.oral_gc_rl.tsv.gz
57,11,BAN001.A0101.SG1.1_5M.oral_gc_rl.tsv.gz
58,8,BAN001.A0101.SG1.1_5M.oral_gc_rl.tsv.gz
59,8,BAN001.A0101.SG1.1_5M.oral_gc_rl.tsv.gz
60,3,BAN001.A0101.SG1.1_5M.oral_gc_rl.tsv.gz
61,9,BAN001.A0101.SG1.1_5M.oral_gc_rl.tsv.gz
62,8,BAN001.A0101.SG1.1_5M.oral_gc_rl.tsv.gz
63,6,BAN001.A0101.SG1.1_5M.oral_gc_rl.tsv.gz
64,3,BAN001.A0101.SG1.1_5M.oral_gc_rl.tsv.gz
65,4,BAN001.A0101.SG1.1_5M.oral_gc_rl.tsv.gz
66,1,BAN001.A0101.SG1.1_5M.oral_gc_rl.tsv.gz
67,4,BAN001.A0101.SG1.1_5M.oral_gc_rl.tsv.gz
68,2,BAN001.A0101.SG1.1_5M.oral_gc_rl.tsv.gz
69,8,BAN001.A0101.SG1.1_5M.oral_gc_rl.tsv.gz
70,3,BAN001.A0101.SG1.1_5M.oral_gc_rl.tsv.gz
71,5,BAN001.A0101.SG1.1_5M.oral_gc_rl.tsv.gz
72,6,BAN001.A0101.SG1.1_5M.oral_gc_rl.tsv.gz
73,5,BAN001.A0101.SG1.1_5M.oral_gc_rl.tsv.gz
74,1,BAN001.A0101.SG1.1_5M.oral_gc_rl.tsv.gz
75,3,BAN001.A0101.SG1.1_5M.oral_gc_rl.tsv.gz
76,15,BAN001.A0101.SG1.1_5M.oral_gc_rl.tsv.gz
77,2,BAN001.A0101.SG1.1_5M.oral_gc_rl.tsv.gz
78,4,BAN001.A0101.SG1.1_5M.oral_gc_rl.tsv.gz
79,3,BAN001.A0101.SG1.1_5M.oral_gc_rl.tsv.gz
80,5,BAN001.A0101.SG1.1_5M.oral_gc_rl.tsv.gz
81,1,BAN001.A0101.SG1.1_5M.oral_gc_rl.tsv.gz
82,7,BAN001.A0101.SG1.1_5M.oral_gc_rl.tsv.gz
83,3,BAN001.A0101.SG1.1_5M.oral_gc_rl.tsv.gz
84,2,BAN001.A0101.SG1.1_5M.oral_gc_rl.tsv.gz
85,1,BAN001.A0101.SG1.1_5M.oral_gc_rl.tsv.gz
86,1,BAN001.A0101.SG1.1_5M.oral_gc_rl.tsv.gz
87,1,BAN001.A0101.SG1.1_5M.oral_gc_rl.tsv.gz
88,1,BAN001.A0101.SG1.1_5M.oral_gc_rl.tsv.gz
90,2,BAN001.A0101.SG1.1_5M.oral_gc_rl.tsv.gz
91,3,BAN001.A0101.SG1.1_5M.oral_gc_rl.tsv.gz
92,3,BAN001.A0101.SG1.1_5M.oral_gc_rl.tsv.gz
93,1,BAN001.A0101.SG1.1_5M.oral_gc_rl.tsv.gz
94,1,BAN001.A0101.SG1.1_5M.oral_gc_rl.tsv.gz
95,1,BAN001.A0101.SG1.1_5M.oral_gc_rl.tsv.gz
96,1,BAN001.A0101.SG1.1_5M.oral_gc_rl.tsv.gz
97,2,BAN001.A0101.SG1.1_5M.oral_gc_rl.tsv.gz
98,3,BAN001.A0101.SG1.1_5M.oral_gc_rl.tsv.gz
99,1,BAN001.A0101.SG1.1_5M.oral_gc_rl.tsv.gz
100,2,BAN001.A0101.SG1.1_5M.oral_gc_rl.tsv.gz
101,1,BAN001.A0101.SG1.1_5M.oral_gc_rl.tsv.gz
102,2,BAN001.A0101.SG1.1_5M.oral_gc_rl.tsv.gz
103,2,BAN001.A0101.SG1.1_5M.oral_gc_rl.tsv.gz
104,3,BAN001.A0101.SG1.1_5M.oral_gc_rl.tsv.gz
105,2,BAN001.A0101.SG1.1_5M.oral_gc_rl.tsv.gz
109,1,BAN001.A0101.SG1.1_5M.oral_gc_rl.tsv.gz
110,1,BAN001.A0101.SG1.1_5M.oral_gc_rl.tsv.gz
111,2,BAN001.A0101.SG1.1_5M.oral_gc_rl.tsv.gz
112,1,BAN001.A0101.SG1.1_5M.oral_gc_rl.tsv.gz
114,1,BAN001.A0101.SG1.1_5M.oral_gc_rl.tsv.gz
115,2,BAN001.A0101.SG1.1_5M.oral_gc_rl.tsv.gz
117,1,BAN001.A0101.SG1.1_5M.oral_gc_rl.tsv.gz
121,2,BAN001.A0101.SG1.1_5M.oral_gc_rl.tsv.gz
123,1,BAN001.A0101.SG1.1_5M.oral_gc_rl.tsv.gz
126,3,BAN001.A0101.SG1.1_5M.oral_gc_rl.tsv.gz
129,1,BAN001.A0101.SG1.1_5M.oral_gc_rl.tsv.gz
130,2,BAN001.A0101.SG1.1_5M.oral_gc_rl.tsv.gz
139,1,BAN001.A0101.SG1.1_5M.oral_gc_rl.tsv.gz
36,12,BAN001.A0102.SG1.4_5M.oral_gc_rl.tsv.gz
37,21,BAN001.A0102.SG1.4_5M.oral_gc_rl.tsv.gz
38,30,BAN001.A0102.SG1.4_5M.oral_gc_rl.tsv.gz
39,23,BAN001.A0102.SG1.4_5M.oral_gc_rl.tsv.gz
40,27,BAN001.A0102.SG1.4_5M.oral_gc_rl.tsv.gz
41,25,BAN001.A0102.SG1.4_5M.oral_gc_rl.tsv.gz
42,25,BAN001.A0102.SG1.4_5M.oral_gc_rl.tsv.gz
43,26,BAN001.A0102.SG1.4_5M.oral_gc_rl.tsv.gz
44,25,BAN001.A0102.SG1.4_5M.oral_gc_rl.tsv.gz
45,26,BAN001.A0102.SG1.4_5M.oral_gc_rl.tsv.gz
46,22,BAN001.A0102.SG1.4_5M.oral_gc_rl.tsv.gz
47,20,BAN001.A0102.SG1.4_5M.oral_gc_rl.tsv.gz
48,19,BAN001.A0102.SG1.4_5M.oral_gc_rl.tsv.gz
49,19,BAN001.A0102.SG1.4_5M.oral_gc_rl.tsv.gz
50,20,BAN001.A0102.SG1.4_5M.oral_gc_rl.tsv.gz
51,12,BAN001.A0102.SG1.4_5M.oral_gc_rl.tsv.gz
52,12,BAN001.A0102.SG1.4_5M.oral_gc_rl.tsv.gz
53,17,BAN001.A0102.SG1.4_5M.oral_gc_rl.tsv.gz
54,10,BAN001.A0102.SG1.4_5M.oral_gc_rl.tsv.gz
55,10,BAN001.A0102.SG1.4_5M.oral_gc_rl.tsv.gz
56,5,BAN001.A0102.SG1.4_5M.oral_gc_rl.tsv.gz
57,11,BAN001.A0102.SG1.4_5M.oral_gc_rl.tsv.gz
58,6,BAN001.A0102.SG1.4_5M.oral_gc_rl.tsv.gz
59,13,BAN001.A0102.SG1.4_5M.oral_gc_rl.tsv.gz
60,12,BAN001.A0102.SG1.4_5M.oral_gc_rl.tsv.gz
61,7,BAN001.A0102.SG1.4_5M.oral_gc_rl.tsv.gz
62,8,BAN001.A0102.SG1.4_5M.oral_gc_rl.tsv.gz
63,8,BAN001.A0102.SG1.4_5M.oral_gc_rl.tsv.gz
64,3,BAN001.A0102.SG1.4_5M.oral_gc_rl.tsv.gz
65,3,BAN001.A0102.SG1.4_5M.oral_gc_rl.tsv.gz
66,3,BAN001.A0102.SG1.4_5M.oral_gc_rl.tsv.gz
67,3,BAN001.A0102.SG1.4_5M.oral_gc_rl.tsv.gz
68,4,BAN001.A0102.SG1.4_5M.oral_gc_rl.tsv.gz
69,4,BAN001.A0102.SG1.4_5M.oral_gc_rl.tsv.gz
70,6,BAN001.A0102.SG1.4_5M.oral_gc_rl.tsv.gz
71,3,BAN001.A0102.SG1.4_5M.oral_gc_rl.tsv.gz
72,2,BAN001.A0102.SG1.4_5M.oral_gc_rl.tsv.gz
73,6,BAN001.A0102.SG1.4_5M.oral_gc_rl.tsv.gz
74,5,BAN001.A0102.SG1.4_5M.oral_gc_rl.tsv.gz
75,4,BAN001.A0102.SG1.4_5M.oral_gc_rl.tsv.gz
76,7,BAN001.A0102.SG1.4_5M.oral_gc_rl.tsv.gz
77,3,BAN001.A0102.SG1.4_5M.oral_gc_rl.tsv.gz
78,1,BAN001.A0102.SG1.4_5M.oral_gc_rl.tsv.gz
80,2,BAN001.A0102.SG1.4_5M.oral_gc_rl.tsv.gz
81,2,BAN001.A0102.SG1.4_5M.oral_gc_rl.tsv.gz
83,1,BAN001.A0102.SG1.4_5M.oral_gc_rl.tsv.gz
84,1,BAN001.A0102.SG1.4_5M.oral_gc_rl.tsv.gz
85,1,BAN001.A0102.SG1.4_5M.oral_gc_rl.tsv.gz
86,1,BAN001.A0102.SG1.4_5M.oral_gc_rl.tsv.gz
87,2,BAN001.A0102.SG1.4_5M.oral_gc_rl.tsv.gz
89,2,BAN001.A0102.SG1.4_5M.oral_gc_rl.tsv.gz
90,2,BAN001.A0102.SG1.4_5M.oral_gc_rl.tsv.gz
91,1,BAN001.A0102.SG1.4_5M.oral_gc_rl.tsv.gz
94,1,BAN001.A0102.SG1.4_5M.oral_gc_rl.tsv.gz
95,1,BAN001.A0102.SG1.4_5M.oral_gc_rl.tsv.gz
96,1,BAN001.A0102.SG1.4_5M.oral_gc_rl.tsv.gz
98,1,BAN001.A0102.SG1.4_5M.oral_gc_rl.tsv.gz
101,2,BAN001.A0102.SG1.4_5M.oral_gc_rl.tsv.gz
104,2,BAN001.A0102.SG1.4_5M.oral_gc_rl.tsv.gz
105,1,BAN001.A0102.SG1.4_5M.oral_gc_rl.tsv.gz
109,1,BAN001.A0102.SG1.4_5M.oral_gc_rl.tsv.gz
111,1,BAN001.A0102.SG1.4_5M.oral_gc_rl.tsv.gz
112,2,BAN001.A0102.SG1.4_5M.oral_gc_rl.tsv.gz
114,1,BAN001.A0102.SG1.4_5M.oral_gc_rl.tsv.gz
116,1,BAN001.A0102.SG1.4_5M.oral_gc_rl.tsv.gz
117,1,BAN001.A0102.SG1.4_5M.oral_gc_rl.tsv.gz
124,1,BAN001.A0102.SG1.4_5M.oral_gc_rl.tsv.gz
125,1,BAN001.A0102.SG1.4_5M.oral_gc_rl.tsv.gz
138,1,BAN001.A0102.SG1.4_5M.oral_gc_rl.tsv.gz
36,2699,CDM019.A0101.SG1.1_5M.oral_gc_rl.tsv.gz
37,5707,CDM019.A0101.SG1.1_5M.oral_gc_rl.tsv.gz
38,7842,CDM019.A0101.SG1.1_5M.oral_gc_rl.tsv.gz
39,9937,CDM019.A0101.SG1.1_5M.oral_gc_rl.tsv.gz
40,11790,CDM019.A0101.SG1.1_5M.oral_gc_rl.tsv.gz
41,12339,CDM019.A0101.SG1.1_5M.oral_gc_rl.tsv.gz
42,13538,CDM019.A0101.SG1.1_5M.oral_gc_rl.tsv.gz
43,14340,CDM019.A0101.SG1.1_5M.oral_gc_rl.tsv.gz
44,14929,CDM019.A0101.SG1.1_5M.oral_gc_rl.tsv.gz
45,15850,CDM019.A0101.SG1.1_5M.oral_gc_rl.tsv.gz
46,16869,CDM019.A0101.SG1.1_5M.oral_gc_rl.tsv.gz
47,17254,CDM019.A0101.SG1.1_5M.oral_gc_rl.tsv.gz
48,17159,CDM019.A0101.SG1.1_5M.oral_gc_rl.tsv.gz
49,17421,CDM019.A0101.SG1.1_5M.oral_gc_rl.tsv.gz
50,17305,CDM019.A0101.SG1.1_5M.oral_gc_rl.tsv.gz
51,17948,CDM019.A0101.SG1.1_5M.oral_gc_rl.tsv.gz
52,18080,CDM019.A0101.SG1.1_5M.oral_gc_rl.tsv.gz
53,18452,CDM019.A0101.SG1.1_5M.oral_gc_rl.tsv.gz
54,18443,CDM019.A0101.SG1.1_5M.oral_gc_rl.tsv.gz
55,18003,CDM019.A0101.SG1.1_5M.oral_gc_rl.tsv.gz
56,18251,CDM019.A0101.SG1.1_5M.oral_gc_rl.tsv.gz
57,18585,CDM019.A0101.SG1.1_5M.oral_gc_rl.tsv.gz
58,18575,CDM019.A0101.SG1.1_5M.oral_gc_rl.tsv.gz
59,18205,CDM019.A0101.SG1.1_5M.oral_gc_rl.tsv.gz
60,18485,CDM019.A0101.SG1.1_5M.oral_gc_rl.tsv.gz
61,17385,CDM019.A0101.SG1.1_5M.oral_gc_rl.tsv.gz
62,16922,CDM019.A0101.SG1.1_5M.oral_gc_rl.tsv.gz
63,17511,CDM019.A0101.SG1.1_5M.oral_gc_rl.tsv.gz
64,17180,CDM019.A0101.SG1.1_5M.oral_gc_rl.tsv.gz
65,16921,CDM019.A0101.SG1.1_5M.oral_gc_rl.tsv.gz
66,17142,CDM019.A0101.SG1.1_5M.oral_gc_rl.tsv.gz
67,16937,CDM019.A0101.SG1.1_5M.oral_gc_rl.tsv.gz
68,15669,CDM019.A0101.SG1.1_5M.oral_gc_rl.tsv.gz
69,15808,CDM019.A0101.SG1.1_5M.oral_gc_rl.tsv.gz
70,15544,CDM019.A0101.SG1.1_5M.oral_gc_rl.tsv.gz
71,15582,CDM019.A0101.SG1.1_5M.oral_gc_rl.tsv.gz
72,16943,CDM019.A0101.SG1.1_5M.oral_gc_rl.tsv.gz
73,18953,CDM019.A0101.SG1.1_5M.oral_gc_rl.tsv.gz
74,16996,CDM019.A0101.SG1.1_5M.oral_gc_rl.tsv.gz
75,29984,CDM019.A0101.SG1.1_5M.oral_gc_rl.tsv.gz
76,100277,CDM019.A0101.SG1.1_5M.oral_gc_rl.tsv.gz
77,13177,CDM019.A0101.SG1.1_5M.oral_gc_rl.tsv.gz
78,13191,CDM019.A0101.SG1.1_5M.oral_gc_rl.tsv.gz
79,13038,CDM019.A0101.SG1.1_5M.oral_gc_rl.tsv.gz
80,12671,CDM019.A0101.SG1.1_5M.oral_gc_rl.tsv.gz
81,11747,CDM019.A0101.SG1.1_5M.oral_gc_rl.tsv.gz
82,11616,CDM019.A0101.SG1.1_5M.oral_gc_rl.tsv.gz
83,11475,CDM019.A0101.SG1.1_5M.oral_gc_rl.tsv.gz
84,11177,CDM019.A0101.SG1.1_5M.oral_gc_rl.tsv.gz
85,10895,CDM019.A0101.SG1.1_5M.oral_gc_rl.tsv.gz
86,10776,CDM019.A0101.SG1.1_5M.oral_gc_rl.tsv.gz
87,10616,CDM019.A0101.SG1.1_5M.oral_gc_rl.tsv.gz
88,10312,CDM019.A0101.SG1.1_5M.oral_gc_rl.tsv.gz
89,9823,CDM019.A0101.SG1.1_5M.oral_gc_rl.tsv.gz
90,9872,CDM019.A0101.SG1.1_5M.oral_gc_rl.tsv.gz
91,9677,CDM019.A0101.SG1.1_5M.oral_gc_rl.tsv.gz
92,9187,CDM019.A0101.SG1.1_5M.oral_gc_rl.tsv.gz
93,9106,CDM019.A0101.SG1.1_5M.oral_gc_rl.tsv.gz
94,9127,CDM019.A0101.SG1.1_5M.oral_gc_rl.tsv.gz
95,8510,CDM019.A0101.SG1.1_5M.oral_gc_rl.tsv.gz
96,8301,CDM019.A0101.SG1.1_5M.oral_gc_rl.tsv.gz
97,8312,CDM019.A0101.SG1.1_5M.oral_gc_rl.tsv.gz
98,7950,CDM019.A0101.SG1.1_5M.oral_gc_rl.tsv.gz
99,7824,CDM019.A0101.SG1.1_5M.oral_gc_rl.tsv.gz
100,7892,CDM019.A0101.SG1.1_5M.oral_gc_rl.tsv.gz
101,7077,CDM019.A0101.SG1.1_5M.oral_gc_rl.tsv.gz
102,7016,CDM019.A0101.SG1.1_5M.oral_gc_rl.tsv.gz
103,6830,CDM019.A0101.SG1.1_5M.oral_gc_rl.tsv.gz
104,6676,CDM019.A0101.SG1.1_5M.oral_gc_rl.tsv.gz
105,6633,CDM019.A0101.SG1.1_5M.oral_gc_rl.tsv.gz
106,6490,CDM019.A0101.SG1.1_5M.oral_gc_rl.tsv.gz
107,6284,CDM019.A0101.SG1.1_5M.oral_gc_rl.tsv.gz
108,5993,CDM019.A0101.SG1.1_5M.oral_gc_rl.tsv.gz
109,5889,CDM019.A0101.SG1.1_5M.oral_gc_rl.tsv.gz
110,5620,CDM019.A0101.SG1.1_5M.oral_gc_rl.tsv.gz
111,5607,CDM019.A0101.SG1.1_5M.oral_gc_rl.tsv.gz
112,5404,CDM019.A0101.SG1.1_5M.oral_gc_rl.tsv.gz
113,5290,CDM019.A0101.SG1.1_5M.oral_gc_rl.tsv.gz
114,5370,CDM019.A0101.SG1.1_5M.oral_gc_rl.tsv.gz
115,4906,CDM019.A0101.SG1.1_5M.oral_gc_rl.tsv.gz
116,4869,CDM019.A0101.SG1.1_5M.oral_gc_rl.tsv.gz
117,4628,CDM019.A0101.SG1.1_5M.oral_gc_rl.tsv.gz
118,4621,CDM019.A0101.SG1.1_5M.oral_gc_rl.tsv.gz
119,4382,CDM019.A0101.SG1.1_5M.oral_gc_rl.tsv.gz
120,4432,CDM019.A0101.SG1.1_5M.oral_gc_rl.tsv.gz
121,4255,CDM019.A0101.SG1.1_5M.oral_gc_rl.tsv.gz
122,3982,CDM019.A0101.SG1.1_5M.oral_gc_rl.tsv.gz
123,4048,CDM019.A0101.SG1.1_5M.oral_gc_rl.tsv.gz
124,3812,CDM019.A0101.SG1.1_5M.oral_gc_rl.tsv.gz
125,3734,CDM019.A0101.SG1.1_5M.oral_gc_rl.tsv.gz
126,3586,CDM019.A0101.SG1.1_5M.oral_gc_rl.tsv.gz
127,3579,CDM019.A0101.SG1.1_5M.oral_gc_rl.tsv.gz
128,3250,CDM019.A0101.SG1.1_5M.oral_gc_rl.tsv.gz
129,3344,CDM019.A0101.SG1.1_5M.oral_gc_rl.tsv.gz
130,3220,CDM019.A0101.SG1.1_5M.oral_gc_rl.tsv.gz
131,3183,CDM019.A0101.SG1.1_5M.oral_gc_rl.tsv.gz
132,3089,CDM019.A0101.SG1.1_5M.oral_gc_rl.tsv.gz
133,3033,CDM019.A0101.SG1.1_5M.oral_gc_rl.tsv.gz
134,2905,CDM019.A0101.SG1.1_5M.oral_gc_rl.tsv.gz
135,2766,CDM019.A0101.SG1.1_5M.oral_gc_rl.tsv.gz
136,2696,CDM019.A0101.SG1.1_5M.oral_gc_rl.tsv.gz
137,2642,CDM019.A0101.SG1.1_5M.oral_gc_rl.tsv.gz
138,2542,CDM019.A0101.SG1.1_5M.oral_gc_rl.tsv.gz
139,2457,CDM019.A0101.SG1.1_5M.oral_gc_rl.tsv.gz
140,2413,CDM019.A0101.SG1.1_5M.oral_gc_rl.tsv.gz
141,2163,CDM019.A0101.SG1.1_5M.oral_gc_rl.tsv.gz
36,4970,CDM019.A0102.SG1.4_5M.oral_gc_rl.tsv.gz
37,9287,CDM019.A0102.SG1.4_5M.oral_gc_rl.tsv.gz
38,12577,CDM019.A0102.SG1.4_5M.oral_gc_rl.tsv.gz
39,14907,CDM019.A0102.SG1.4_5M.oral_gc_rl.tsv.gz
40,17652,CDM019.A0102.SG1.4_5M.oral_gc_rl.tsv.gz
41,18316,CDM019.A0102.SG1.4_5M.oral_gc_rl.tsv.gz
42,18170,CDM019.A0102.SG1.4_5M.oral_gc_rl.tsv.gz
43,18512,CDM019.A0102.SG1.4_5M.oral_gc_rl.tsv.gz
44,19108,CDM019.A0102.SG1.4_5M.oral_gc_rl.tsv.gz
45,18962,CDM019.A0102.SG1.4_5M.oral_gc_rl.tsv.gz
46,19027,CDM019.A0102.SG1.4_5M.oral_gc_rl.tsv.gz
47,19498,CDM019.A0102.SG1.4_5M.oral_gc_rl.tsv.gz
48,18670,CDM019.A0102.SG1.4_5M.oral_gc_rl.tsv.gz
49,18768,CDM019.A0102.SG1.4_5M.oral_gc_rl.tsv.gz
50,18956,CDM019.A0102.SG1.4_5M.oral_gc_rl.tsv.gz
51,18110,CDM019.A0102.SG1.4_5M.oral_gc_rl.tsv.gz
52,18216,CDM019.A0102.SG1.4_5M.oral_gc_rl.tsv.gz
53,17969,CDM019.A0102.SG1.4_5M.oral_gc_rl.tsv.gz
54,17263,CDM019.A0102.SG1.4_5M.oral_gc_rl.tsv.gz
55,16448,CDM019.A0102.SG1.4_5M.oral_gc_rl.tsv.gz
56,16226,CDM019.A0102.SG1.4_5M.oral_gc_rl.tsv.gz
57,15697,CDM019.A0102.SG1.4_5M.oral_gc_rl.tsv.gz
58,15398,CDM019.A0102.SG1.4_5M.oral_gc_rl.tsv.gz
59,15197,CDM019.A0102.SG1.4_5M.oral_gc_rl.tsv.gz
60,14697,CDM019.A0102.SG1.4_5M.oral_gc_rl.tsv.gz
61,14193,CDM019.A0102.SG1.4_5M.oral_gc_rl.tsv.gz
62,13666,CDM019.A0102.SG1.4_5M.oral_gc_rl.tsv.gz
63,13258,CDM019.A0102.SG1.4_5M.oral_gc_rl.tsv.gz
64,13029,CDM019.A0102.SG1.4_5M.oral_gc_rl.tsv.gz
65,12652,CDM019.A0102.SG1.4_5M.oral_gc_rl.tsv.gz
66,11999,CDM019.A0102.SG1.4_5M.oral_gc_rl.tsv.gz
67,12017,CDM019.A0102.SG1.4_5M.oral_gc_rl.tsv.gz
68,11099,CDM019.A0102.SG1.4_5M.oral_gc_rl.tsv.gz
69,10593,CDM019.A0102.SG1.4_5M.oral_gc_rl.tsv.gz
70,10600,CDM019.A0102.SG1.4_5M.oral_gc_rl.tsv.gz
71,10713,CDM019.A0102.SG1.4_5M.oral_gc_rl.tsv.gz
72,11531,CDM019.A0102.SG1.4_5M.oral_gc_rl.tsv.gz
73,15449,CDM019.A0102.SG1.4_5M.oral_gc_rl.tsv.gz
74,9960,CDM019.A0102.SG1.4_5M.oral_gc_rl.tsv.gz
75,12843,CDM019.A0102.SG1.4_5M.oral_gc_rl.tsv.gz
76,60399,CDM019.A0102.SG1.4_5M.oral_gc_rl.tsv.gz
77,8028,CDM019.A0102.SG1.4_5M.oral_gc_rl.tsv.gz
78,7637,CDM019.A0102.SG1.4_5M.oral_gc_rl.tsv.gz
79,7587,CDM019.A0102.SG1.4_5M.oral_gc_rl.tsv.gz
80,7346,CDM019.A0102.SG1.4_5M.oral_gc_rl.tsv.gz
81,6595,CDM019.A0102.SG1.4_5M.oral_gc_rl.tsv.gz
82,6651,CDM019.A0102.SG1.4_5M.oral_gc_rl.tsv.gz
83,6581,CDM019.A0102.SG1.4_5M.oral_gc_rl.tsv.gz
84,6099,CDM019.A0102.SG1.4_5M.oral_gc_rl.tsv.gz
85,6060,CDM019.A0102.SG1.4_5M.oral_gc_rl.tsv.gz
86,5945,CDM019.A0102.SG1.4_5M.oral_gc_rl.tsv.gz
87,5561,CDM019.A0102.SG1.4_5M.oral_gc_rl.tsv.gz
88,5203,CDM019.A0102.SG1.4_5M.oral_gc_rl.tsv.gz
89,5303,CDM019.A0102.SG1.4_5M.oral_gc_rl.tsv.gz
90,4866,CDM019.A0102.SG1.4_5M.oral_gc_rl.tsv.gz
91,4938,CDM019.A0102.SG1.4_5M.oral_gc_rl.tsv.gz
92,4772,CDM019.A0102.SG1.4_5M.oral_gc_rl.tsv.gz
93,4505,CDM019.A0102.SG1.4_5M.oral_gc_rl.tsv.gz
94,4477,CDM019.A0102.SG1.4_5M.oral_gc_rl.tsv.gz
95,4181,CDM019.A0102.SG1.4_5M.oral_gc_rl.tsv.gz
96,3908,CDM019.A0102.SG1.4_5M.oral_gc_rl.tsv.gz
97,3894,CDM019.A0102.SG1.4_5M.oral_gc_rl.tsv.gz
98,3886,CDM019.A0102.SG1.4_5M.oral_gc_rl.tsv.gz
99,3900,CDM019.A0102.SG1.4_5M.oral_gc_rl.tsv.gz
100,3642,CDM019.A0102.SG1.4_5M.oral_gc_rl.tsv.gz
101,3385,CDM019.A0102.SG1.4_5M.oral_gc_rl.tsv.gz
102,3228,CDM019.A0102.SG1.4_5M.oral_gc_rl.tsv.gz
103,3151,CDM019.A0102.SG1.4_5M.oral_gc_rl.tsv.gz
104,3158,CDM019.A0102.SG1.4_5M.oral_gc_rl.tsv.gz
105,2956,CDM019.A0102.SG1.4_5M.oral_gc_rl.tsv.gz
106,2996,CDM019.A0102.SG1.4_5M.oral_gc_rl.tsv.gz
107,2920,CDM019.A0102.SG1.4_5M.oral_gc_rl.tsv.gz
108,2579,CDM019.A0102.SG1.4_5M.oral_gc_rl.tsv.gz
109,2629,CDM019.A0102.SG1.4_5M.oral_gc_rl.tsv.gz
110,2574,CDM019.A0102.SG1.4_5M.oral_gc_rl.tsv.gz
111,2377,CDM019.A0102.SG1.4_5M.oral_gc_rl.tsv.gz
112,2386,CDM019.A0102.SG1.4_5M.oral_gc_rl.tsv.gz
113,2331,CDM019.A0102.SG1.4_5M.oral_gc_rl.tsv.gz
114,2202,CDM019.A0102.SG1.4_5M.oral_gc_rl.tsv.gz
115,2126,CDM019.A0102.SG1.4_5M.oral_gc_rl.tsv.gz
116,2072,CDM019.A0102.SG1.4_5M.oral_gc_rl.tsv.gz
117,2024,CDM019.A0102.SG1.4_5M.oral_gc_rl.tsv.gz
118,1969,CDM019.A0102.SG1.4_5M.oral_gc_rl.tsv.gz
119,1890,CDM019.A0102.SG1.4_5M.oral_gc_rl.tsv.gz
120,1898,CDM019.A0102.SG1.4_5M.oral_gc_rl.tsv.gz
121,1734,CDM019.A0102.SG1.4_5M.oral_gc_rl.tsv.gz
122,1658,CDM019.A0102.SG1.4_5M.oral_gc_rl.tsv.gz
123,1664,CDM019.A0102.SG1.4_5M.oral_gc_rl.tsv.gz
124,1658,CDM019.A0102.SG1.4_5M.oral_gc_rl.tsv.gz
125,1601,CDM019.A0102.SG1.4_5M.oral_gc_rl.tsv.gz
126,1580,CDM019.A0102.SG1.4_5M.oral_gc_rl.tsv.gz
127,1509,CDM019.A0102.SG1.4_5M.oral_gc_rl.tsv.gz
128,1493,CDM019.A0102.SG1.4_5M.oral_gc_rl.tsv.gz
129,1372,CDM019.A0102.SG1.4_5M.oral_gc_rl.tsv.gz
130,1339,CDM019.A0102.SG1.4_5M.oral_gc_rl.tsv.gz
131,1298,CDM019.A0102.SG1.4_5M.oral_gc_rl.tsv.gz
132,1279,CDM019.A0102.SG1.4_5M.oral_gc_rl.tsv.gz
133,1303,CDM019.A0102.SG1.4_5M.oral_gc_rl.tsv.gz
134,1216,CDM019.A0102.SG1.4_5M.oral_gc_rl.tsv.gz
135,1181,CDM019.A0102.SG1.4_5M.oral_gc_rl.tsv.gz
136,1165,CDM019.A0102.SG1.4_5M.oral_gc_rl.tsv.gz
137,1168,CDM019.A0102.SG1.4_5M.oral_gc_rl.tsv.gz
138,1010,CDM019.A0102.SG1.4_5M.oral_gc_rl.tsv.gz
139,1025,CDM019.A0102.SG1.4_5M.oral_gc_rl.tsv.gz
140,1020,CDM019.A0102.SG1.4_5M.oral_gc_rl.tsv.gz
141,860,CDM019.A0102.SG1.4_5M.oral_gc_rl.tsv.gz
36,2941,CDM020.A0101.SG1.1_5M.oral_gc_rl.tsv.gz
37,5862,CDM020.A0101.SG1.1_5M.oral_gc_rl.tsv.gz
38,8208,CDM020.A0101.SG1.1_5M.oral_gc_rl.tsv.gz
39,10539,CDM020.A0101.SG1.1_5M.oral_gc_rl.tsv.gz
40,12528,CDM020.A0101.SG1.1_5M.oral_gc_rl.tsv.gz
41,12988,CDM020.A0101.SG1.1_5M.oral_gc_rl.tsv.gz
42,14289,CDM020.A0101.SG1.1_5M.oral_gc_rl.tsv.gz
43,15243,CDM020.A0101.SG1.1_5M.oral_gc_rl.tsv.gz
44,15701,CDM020.A0101.SG1.1_5M.oral_gc_rl.tsv.gz
45,16615,CDM020.A0101.SG1.1_5M.oral_gc_rl.tsv.gz
46,17750,CDM020.A0101.SG1.1_5M.oral_gc_rl.tsv.gz
47,18038,CDM020.A0101.SG1.1_5M.oral_gc_rl.tsv.gz
48,17738,CDM020.A0101.SG1.1_5M.oral_gc_rl.tsv.gz
49,17801,CDM020.A0101.SG1.1_5M.oral_gc_rl.tsv.gz
50,17818,CDM020.A0101.SG1.1_5M.oral_gc_rl.tsv.gz
51,18130,CDM020.A0101.SG1.1_5M.oral_gc_rl.tsv.gz
52,18331,CDM020.A0101.SG1.1_5M.oral_gc_rl.tsv.gz
53,18279,CDM020.A0101.SG1.1_5M.oral_gc_rl.tsv.gz
54,18590,CDM020.A0101.SG1.1_5M.oral_gc_rl.tsv.gz
55,17458,CDM020.A0101.SG1.1_5M.oral_gc_rl.tsv.gz
56,17632,CDM020.A0101.SG1.1_5M.oral_gc_rl.tsv.gz
57,17850,CDM020.A0101.SG1.1_5M.oral_gc_rl.tsv.gz
58,17680,CDM020.A0101.SG1.1_5M.oral_gc_rl.tsv.gz
59,17273,CDM020.A0101.SG1.1_5M.oral_gc_rl.tsv.gz
60,17292,CDM020.A0101.SG1.1_5M.oral_gc_rl.tsv.gz
61,16219,CDM020.A0101.SG1.1_5M.oral_gc_rl.tsv.gz
62,15985,CDM020.A0101.SG1.1_5M.oral_gc_rl.tsv.gz
63,15898,CDM020.A0101.SG1.1_5M.oral_gc_rl.tsv.gz
64,15613,CDM020.A0101.SG1.1_5M.oral_gc_rl.tsv.gz
65,15293,CDM020.A0101.SG1.1_5M.oral_gc_rl.tsv.gz
66,15681,CDM020.A0101.SG1.1_5M.oral_gc_rl.tsv.gz
67,15242,CDM020.A0101.SG1.1_5M.oral_gc_rl.tsv.gz
68,13913,CDM020.A0101.SG1.1_5M.oral_gc_rl.tsv.gz
69,13833,CDM020.A0101.SG1.1_5M.oral_gc_rl.tsv.gz
70,13542,CDM020.A0101.SG1.1_5M.oral_gc_rl.tsv.gz
71,13514,CDM020.A0101.SG1.1_5M.oral_gc_rl.tsv.gz
72,14323,CDM020.A0101.SG1.1_5M.oral_gc_rl.tsv.gz
73,16193,CDM020.A0101.SG1.1_5M.oral_gc_rl.tsv.gz
74,14453,CDM020.A0101.SG1.1_5M.oral_gc_rl.tsv.gz
75,25084,CDM020.A0101.SG1.1_5M.oral_gc_rl.tsv.gz
76,78431,CDM020.A0101.SG1.1_5M.oral_gc_rl.tsv.gz
77,10960,CDM020.A0101.SG1.1_5M.oral_gc_rl.tsv.gz
78,10781,CDM020.A0101.SG1.1_5M.oral_gc_rl.tsv.gz
79,10467,CDM020.A0101.SG1.1_5M.oral_gc_rl.tsv.gz
80,10270,CDM020.A0101.SG1.1_5M.oral_gc_rl.tsv.gz
81,9436,CDM020.A0101.SG1.1_5M.oral_gc_rl.tsv.gz
82,9319,CDM020.A0101.SG1.1_5M.oral_gc_rl.tsv.gz
83,9075,CDM020.A0101.SG1.1_5M.oral_gc_rl.tsv.gz
84,8943,CDM020.A0101.SG1.1_5M.oral_gc_rl.tsv.gz
85,8797,CDM020.A0101.SG1.1_5M.oral_gc_rl.tsv.gz
86,8459,CDM020.A0101.SG1.1_5M.oral_gc_rl.tsv.gz
87,8516,CDM020.A0101.SG1.1_5M.oral_gc_rl.tsv.gz
88,7837,CDM020.A0101.SG1.1_5M.oral_gc_rl.tsv.gz
89,7452,CDM020.A0101.SG1.1_5M.oral_gc_rl.tsv.gz
90,7448,CDM020.A0101.SG1.1_5M.oral_gc_rl.tsv.gz
91,7141,CDM020.A0101.SG1.1_5M.oral_gc_rl.tsv.gz
92,6864,CDM020.A0101.SG1.1_5M.oral_gc_rl.tsv.gz
93,6965,CDM020.A0101.SG1.1_5M.oral_gc_rl.tsv.gz
94,6831,CDM020.A0101.SG1.1_5M.oral_gc_rl.tsv.gz
95,6274,CDM020.A0101.SG1.1_5M.oral_gc_rl.tsv.gz
96,6201,CDM020.A0101.SG1.1_5M.oral_gc_rl.tsv.gz
97,6047,CDM020.A0101.SG1.1_5M.oral_gc_rl.tsv.gz
98,5871,CDM020.A0101.SG1.1_5M.oral_gc_rl.tsv.gz
99,5909,CDM020.A0101.SG1.1_5M.oral_gc_rl.tsv.gz
100,5659,CDM020.A0101.SG1.1_5M.oral_gc_rl.tsv.gz
101,5230,CDM020.A0101.SG1.1_5M.oral_gc_rl.tsv.gz
102,5097,CDM020.A0101.SG1.1_5M.oral_gc_rl.tsv.gz
103,4811,CDM020.A0101.SG1.1_5M.oral_gc_rl.tsv.gz
104,4848,CDM020.A0101.SG1.1_5M.oral_gc_rl.tsv.gz
105,4731,CDM020.A0101.SG1.1_5M.oral_gc_rl.tsv.gz
106,4619,CDM020.A0101.SG1.1_5M.oral_gc_rl.tsv.gz
107,4445,CDM020.A0101.SG1.1_5M.oral_gc_rl.tsv.gz
108,4220,CDM020.A0101.SG1.1_5M.oral_gc_rl.tsv.gz
109,4086,CDM020.A0101.SG1.1_5M.oral_gc_rl.tsv.gz
110,3992,CDM020.A0101.SG1.1_5M.oral_gc_rl.tsv.gz
111,3911,CDM020.A0101.SG1.1_5M.oral_gc_rl.tsv.gz
112,3785,CDM020.A0101.SG1.1_5M.oral_gc_rl.tsv.gz
113,3657,CDM020.A0101.SG1.1_5M.oral_gc_rl.tsv.gz
114,3641,CDM020.A0101.SG1.1_5M.oral_gc_rl.tsv.gz
115,3397,CDM020.A0101.SG1.1_5M.oral_gc_rl.tsv.gz
116,3329,CDM020.A0101.SG1.1_5M.oral_gc_rl.tsv.gz
117,3258,CDM020.A0101.SG1.1_5M.oral_gc_rl.tsv.gz
118,3210,CDM020.A0101.SG1.1_5M.oral_gc_rl.tsv.gz
119,3064,CDM020.A0101.SG1.1_5M.oral_gc_rl.tsv.gz
120,2967,CDM020.A0101.SG1.1_5M.oral_gc_rl.tsv.gz
121,2840,CDM020.A0101.SG1.1_5M.oral_gc_rl.tsv.gz
122,2784,CDM020.A0101.SG1.1_5M.oral_gc_rl.tsv.gz
123,2727,CDM020.A0101.SG1.1_5M.oral_gc_rl.tsv.gz
124,2574,CDM020.A0101.SG1.1_5M.oral_gc_rl.tsv.gz
125,2499,CDM020.A0101.SG1.1_5M.oral_gc_rl.tsv.gz
126,2432,CDM020.A0101.SG1.1_5M.oral_gc_rl.tsv.gz
127,2487,CDM020.A0101.SG1.1_5M.oral_gc_rl.tsv.gz
128,2230,CDM020.A0101.SG1.1_5M.oral_gc_rl.tsv.gz
129,2264,CDM020.A0101.SG1.1_5M.oral_gc_rl.tsv.gz
130,2094,CDM020.A0101.SG1.1_5M.oral_gc_rl.tsv.gz
131,2078,CDM020.A0101.SG1.1_5M.oral_gc_rl.tsv.gz
132,2076,CDM020.A0101.SG1.1_5M.oral_gc_rl.tsv.gz
133,1972,CDM020.A0101.SG1.1_5M.oral_gc_rl.tsv.gz
134,2084,CDM020.A0101.SG1.1_5M.oral_gc_rl.tsv.gz
135,1881,CDM020.A0101.SG1.1_5M.oral_gc_rl.tsv.gz
136,1870,CDM020.A0101.SG1.1_5M.oral_gc_rl.tsv.gz
137,1799,CDM020.A0101.SG1.1_5M.oral_gc_rl.tsv.gz
138,1724,CDM020.A0101.SG1.1_5M.oral_gc_rl.tsv.gz
139,1650,CDM020.A0101.SG1.1_5M.oral_gc_rl.tsv.gz
140,1642,CDM020.A0101.SG1.1_5M.oral_gc_rl.tsv.gz
141,1395,CDM020.A0101.SG1.1_5M.oral_gc_rl.tsv.gz
36,4510,CDM020.A0102.SG1.4_5M.oral_gc_rl.tsv.gz
37,8254,CDM020.A0102.SG1.4_5M.oral_gc_rl.tsv.gz
38,11470,CDM020.A0102.SG1.4_5M.oral_gc_rl.tsv.gz
39,13890,CDM020.A0102.SG1.4_5M.oral_gc_rl.tsv.gz
40,16700,CDM020.A0102.SG1.4_5M.oral_gc_rl.tsv.gz
41,16675,CDM020.A0102.SG1.4_5M.oral_gc_rl.tsv.gz
42,17153,CDM020.A0102.SG1.4_5M.oral_gc_rl.tsv.gz
43,17753,CDM020.A0102.SG1.4_5M.oral_gc_rl.tsv.gz
44,18244,CDM020.A0102.SG1.4_5M.oral_gc_rl.tsv.gz
45,18252,CDM020.A0102.SG1.4_5M.oral_gc_rl.tsv.gz
46,18842,CDM020.A0102.SG1.4_5M.oral_gc_rl.tsv.gz
47,19021,CDM020.A0102.SG1.4_5M.oral_gc_rl.tsv.gz
48,17885,CDM020.A0102.SG1.4_5M.oral_gc_rl.tsv.gz
49,18161,CDM020.A0102.SG1.4_5M.oral_gc_rl.tsv.gz
50,18318,CDM020.A0102.SG1.4_5M.oral_gc_rl.tsv.gz
51,17989,CDM020.A0102.SG1.4_5M.oral_gc_rl.tsv.gz
52,17782,CDM020.A0102.SG1.4_5M.oral_gc_rl.tsv.gz
53,17532,CDM020.A0102.SG1.4_5M.oral_gc_rl.tsv.gz
54,17066,CDM020.A0102.SG1.4_5M.oral_gc_rl.tsv.gz
55,16276,CDM020.A0102.SG1.4_5M.oral_gc_rl.tsv.gz
56,15934,CDM020.A0102.SG1.4_5M.oral_gc_rl.tsv.gz
57,15307,CDM020.A0102.SG1.4_5M.oral_gc_rl.tsv.gz
58,15050,CDM020.A0102.SG1.4_5M.oral_gc_rl.tsv.gz
59,15034,CDM020.A0102.SG1.4_5M.oral_gc_rl.tsv.gz
60,14635,CDM020.A0102.SG1.4_5M.oral_gc_rl.tsv.gz
61,13843,CDM020.A0102.SG1.4_5M.oral_gc_rl.tsv.gz
62,13172,CDM020.A0102.SG1.4_5M.oral_gc_rl.tsv.gz
63,12892,CDM020.A0102.SG1.4_5M.oral_gc_rl.tsv.gz
64,12553,CDM020.A0102.SG1.4_5M.oral_gc_rl.tsv.gz
65,12565,CDM020.A0102.SG1.4_5M.oral_gc_rl.tsv.gz
66,11933,CDM020.A0102.SG1.4_5M.oral_gc_rl.tsv.gz
67,11522,CDM020.A0102.SG1.4_5M.oral_gc_rl.tsv.gz
68,10575,CDM020.A0102.SG1.4_5M.oral_gc_rl.tsv.gz
69,10050,CDM020.A0102.SG1.4_5M.oral_gc_rl.tsv.gz
70,9865,CDM020.A0102.SG1.4_5M.oral_gc_rl.tsv.gz
71,10155,CDM020.A0102.SG1.4_5M.oral_gc_rl.tsv.gz
72,10672,CDM020.A0102.SG1.4_5M.oral_gc_rl.tsv.gz
73,13296,CDM020.A0102.SG1.4_5M.oral_gc_rl.tsv.gz
74,9027,CDM020.A0102.SG1.4_5M.oral_gc_rl.tsv.gz
75,10935,CDM020.A0102.SG1.4_5M.oral_gc_rl.tsv.gz
76,45080,CDM020.A0102.SG1.4_5M.oral_gc_rl.tsv.gz
77,7477,CDM020.A0102.SG1.4_5M.oral_gc_rl.tsv.gz
78,7024,CDM020.A0102.SG1.4_5M.oral_gc_rl.tsv.gz
79,7008,CDM020.A0102.SG1.4_5M.oral_gc_rl.tsv.gz
80,6839,CDM020.A0102.SG1.4_5M.oral_gc_rl.tsv.gz
81,6272,CDM020.A0102.SG1.4_5M.oral_gc_rl.tsv.gz
82,5985,CDM020.A0102.SG1.4_5M.oral_gc_rl.tsv.gz
83,5817,CDM020.A0102.SG1.4_5M.oral_gc_rl.tsv.gz
84,5529,CDM020.A0102.SG1.4_5M.oral_gc_rl.tsv.gz
85,5365,CDM020.A0102.SG1.4_5M.oral_gc_rl.tsv.gz
86,5327,CDM020.A0102.SG1.4_5M.oral_gc_rl.tsv.gz
87,5136,CDM020.A0102.SG1.4_5M.oral_gc_rl.tsv.gz
88,4685,CDM020.A0102.SG1.4_5M.oral_gc_rl.tsv.gz
89,4516,CDM020.A0102.SG1.4_5M.oral_gc_rl.tsv.gz
90,4310,CDM020.A0102.SG1.4_5M.oral_gc_rl.tsv.gz
91,4338,CDM020.A0102.SG1.4_5M.oral_gc_rl.tsv.gz
92,4154,CDM020.A0102.SG1.4_5M.oral_gc_rl.tsv.gz
93,3983,CDM020.A0102.SG1.4_5M.oral_gc_rl.tsv.gz
94,3860,CDM020.A0102.SG1.4_5M.oral_gc_rl.tsv.gz
95,3675,CDM020.A0102.SG1.4_5M.oral_gc_rl.tsv.gz
96,3412,CDM020.A0102.SG1.4_5M.oral_gc_rl.tsv.gz
97,3272,CDM020.A0102.SG1.4_5M.oral_gc_rl.tsv.gz
98,3226,CDM020.A0102.SG1.4_5M.oral_gc_rl.tsv.gz
99,3115,CDM020.A0102.SG1.4_5M.oral_gc_rl.tsv.gz
100,2967,CDM020.A0102.SG1.4_5M.oral_gc_rl.tsv.gz
101,2811,CDM020.A0102.SG1.4_5M.oral_gc_rl.tsv.gz
102,2640,CDM020.A0102.SG1.4_5M.oral_gc_rl.tsv.gz
103,2613,CDM020.A0102.SG1.4_5M.oral_gc_rl.tsv.gz
104,2542,CDM020.A0102.SG1.4_5M.oral_gc_rl.tsv.gz
105,2400,CDM020.A0102.SG1.4_5M.oral_gc_rl.tsv.gz
106,2448,CDM020.A0102.SG1.4_5M.oral_gc_rl.tsv.gz
107,2326,CDM020.A0102.SG1.4_5M.oral_gc_rl.tsv.gz
108,2150,CDM020.A0102.SG1.4_5M.oral_gc_rl.tsv.gz
109,2138,CDM020.A0102.SG1.4_5M.oral_gc_rl.tsv.gz
110,1987,CDM020.A0102.SG1.4_5M.oral_gc_rl.tsv.gz
111,1887,CDM020.A0102.SG1.4_5M.oral_gc_rl.tsv.gz
112,1965,CDM020.A0102.SG1.4_5M.oral_gc_rl.tsv.gz
113,1892,CDM020.A0102.SG1.4_5M.oral_gc_rl.tsv.gz
114,1786,CDM020.A0102.SG1.4_5M.oral_gc_rl.tsv.gz
115,1669,CDM020.A0102.SG1.4_5M.oral_gc_rl.tsv.gz
116,1637,CDM020.A0102.SG1.4_5M.oral_gc_rl.tsv.gz
117,1524,CDM020.A0102.SG1.4_5M.oral_gc_rl.tsv.gz
118,1504,CDM020.A0102.SG1.4_5M.oral_gc_rl.tsv.gz
119,1479,CDM020.A0102.SG1.4_5M.oral_gc_rl.tsv.gz
120,1425,CDM020.A0102.SG1.4_5M.oral_gc_rl.tsv.gz
121,1367,CDM020.A0102.SG1.4_5M.oral_gc_rl.tsv.gz
122,1428,CDM020.A0102.SG1.4_5M.oral_gc_rl.tsv.gz
123,1274,CDM020.A0102.SG1.4_5M.oral_gc_rl.tsv.gz
124,1204,CDM020.A0102.SG1.4_5M.oral_gc_rl.tsv.gz
125,1226,CDM020.A0102.SG1.4_5M.oral_gc_rl.tsv.gz
126,1219,CDM020.A0102.SG1.4_5M.oral_gc_rl.tsv.gz
127,1133,CDM020.A0102.SG1.4_5M.oral_gc_rl.tsv.gz
128,1070,CDM020.A0102.SG1.4_5M.oral_gc_rl.tsv.gz
129,1036,CDM020.A0102.SG1.4_5M.oral_gc_rl.tsv.gz
130,1065,CDM020.A0102.SG1.4_5M.oral_gc_rl.tsv.gz
131,964,CDM020.A0102.SG1.4_5M.oral_gc_rl.tsv.gz
132,931,CDM020.A0102.SG1.4_5M.oral_gc_rl.tsv.gz
133,932,CDM020.A0102.SG1.4_5M.oral_gc_rl.tsv.gz
134,923,CDM020.A0102.SG1.4_5M.oral_gc_rl.tsv.gz
135,884,CDM020.A0102.SG1.4_5M.oral_gc_rl.tsv.gz
136,851,CDM020.A0102.SG1.4_5M.oral_gc_rl.tsv.gz
137,833,CDM020.A0102.SG1.4_5M.oral_gc_rl.tsv.gz
138,759,CDM020.A0102.SG1.4_5M.oral_gc_rl.tsv.gz
139,715,CDM020.A0102.SG1.4_5M.oral_gc_rl.tsv.gz
140,701,CDM020.A0102.SG1.4_5M.oral_gc_rl.tsv.gz
141,627,CDM020.A0102.SG1.4_5M.oral_gc_rl.tsv.gz
36,2813,FUM002.A0101.SG1.1_5M.oral_gc_rl.tsv.gz
37,5789,FUM002.A0101.SG1.1_5M.oral_gc_rl.tsv.gz
38,7875,FUM002.A0101.SG1.1_5M.oral_gc_rl.tsv.gz
39,9786,FUM002.A0101.SG1.1_5M.oral_gc_rl.tsv.gz
40,11564,FUM002.A0101.SG1.1_5M.oral_gc_rl.tsv.gz
41,10646,FUM002.A0101.SG1.1_5M.oral_gc_rl.tsv.gz
42,11831,FUM002.A0101.SG1.1_5M.oral_gc_rl.tsv.gz
43,12780,FUM002.A0101.SG1.1_5M.oral_gc_rl.tsv.gz
44,12423,FUM002.A0101.SG1.1_5M.oral_gc_rl.tsv.gz
45,13087,FUM002.A0101.SG1.1_5M.oral_gc_rl.tsv.gz
46,13301,FUM002.A0101.SG1.1_5M.oral_gc_rl.tsv.gz
47,12648,FUM002.A0101.SG1.1_5M.oral_gc_rl.tsv.gz
48,12101,FUM002.A0101.SG1.1_5M.oral_gc_rl.tsv.gz
49,12229,FUM002.A0101.SG1.1_5M.oral_gc_rl.tsv.gz
50,11500,FUM002.A0101.SG1.1_5M.oral_gc_rl.tsv.gz
51,12023,FUM002.A0101.SG1.1_5M.oral_gc_rl.tsv.gz
52,11883,FUM002.A0101.SG1.1_5M.oral_gc_rl.tsv.gz
53,11254,FUM002.A0101.SG1.1_5M.oral_gc_rl.tsv.gz
54,11449,FUM002.A0101.SG1.1_5M.oral_gc_rl.tsv.gz
55,10460,FUM002.A0101.SG1.1_5M.oral_gc_rl.tsv.gz
56,9957,FUM002.A0101.SG1.1_5M.oral_gc_rl.tsv.gz
57,9807,FUM002.A0101.SG1.1_5M.oral_gc_rl.tsv.gz
58,9428,FUM002.A0101.SG1.1_5M.oral_gc_rl.tsv.gz
59,8870,FUM002.A0101.SG1.1_5M.oral_gc_rl.tsv.gz
60,9149,FUM002.A0101.SG1.1_5M.oral_gc_rl.tsv.gz
61,8295,FUM002.A0101.SG1.1_5M.oral_gc_rl.tsv.gz
62,7636,FUM002.A0101.SG1.1_5M.oral_gc_rl.tsv.gz
63,7663,FUM002.A0101.SG1.1_5M.oral_gc_rl.tsv.gz
64,7489,FUM002.A0101.SG1.1_5M.oral_gc_rl.tsv.gz
65,7068,FUM002.A0101.SG1.1_5M.oral_gc_rl.tsv.gz
66,6938,FUM002.A0101.SG1.1_5M.oral_gc_rl.tsv.gz
67,6870,FUM002.A0101.SG1.1_5M.oral_gc_rl.tsv.gz
68,5396,FUM002.A0101.SG1.1_5M.oral_gc_rl.tsv.gz
69,5524,FUM002.A0101.SG1.1_5M.oral_gc_rl.tsv.gz
70,5309,FUM002.A0101.SG1.1_5M.oral_gc_rl.tsv.gz
71,4785,FUM002.A0101.SG1.1_5M.oral_gc_rl.tsv.gz
72,4803,FUM002.A0101.SG1.1_5M.oral_gc_rl.tsv.gz
73,4691,FUM002.A0101.SG1.1_5M.oral_gc_rl.tsv.gz
74,4544,FUM002.A0101.SG1.1_5M.oral_gc_rl.tsv.gz
75,4401,FUM002.A0101.SG1.1_5M.oral_gc_rl.tsv.gz
76,7447,FUM002.A0101.SG1.1_5M.oral_gc_rl.tsv.gz
77,3438,FUM002.A0101.SG1.1_5M.oral_gc_rl.tsv.gz
78,3505,FUM002.A0101.SG1.1_5M.oral_gc_rl.tsv.gz
79,3366,FUM002.A0101.SG1.1_5M.oral_gc_rl.tsv.gz
80,3092,FUM002.A0101.SG1.1_5M.oral_gc_rl.tsv.gz
81,2814,FUM002.A0101.SG1.1_5M.oral_gc_rl.tsv.gz
82,2680,FUM002.A0101.SG1.1_5M.oral_gc_rl.tsv.gz
83,2409,FUM002.A0101.SG1.1_5M.oral_gc_rl.tsv.gz
84,2450,FUM002.A0101.SG1.1_5M.oral_gc_rl.tsv.gz
85,2398,FUM002.A0101.SG1.1_5M.oral_gc_rl.tsv.gz
86,2272,FUM002.A0101.SG1.1_5M.oral_gc_rl.tsv.gz
87,2171,FUM002.A0101.SG1.1_5M.oral_gc_rl.tsv.gz
88,2014,FUM002.A0101.SG1.1_5M.oral_gc_rl.tsv.gz
89,1755,FUM002.A0101.SG1.1_5M.oral_gc_rl.tsv.gz
90,1743,FUM002.A0101.SG1.1_5M.oral_gc_rl.tsv.gz
91,1754,FUM002.A0101.SG1.1_5M.oral_gc_rl.tsv.gz
92,1673,FUM002.A0101.SG1.1_5M.oral_gc_rl.tsv.gz
93,1564,FUM002.A0101.SG1.1_5M.oral_gc_rl.tsv.gz
94,1545,FUM002.A0101.SG1.1_5M.oral_gc_rl.tsv.gz
95,1292,FUM002.A0101.SG1.1_5M.oral_gc_rl.tsv.gz
96,1277,FUM002.A0101.SG1.1_5M.oral_gc_rl.tsv.gz
97,1213,FUM002.A0101.SG1.1_5M.oral_gc_rl.tsv.gz
98,1133,FUM002.A0101.SG1.1_5M.oral_gc_rl.tsv.gz
99,1120,FUM002.A0101.SG1.1_5M.oral_gc_rl.tsv.gz
100,1047,FUM002.A0101.SG1.1_5M.oral_gc_rl.tsv.gz
101,915,FUM002.A0101.SG1.1_5M.oral_gc_rl.tsv.gz
102,869,FUM002.A0101.SG1.1_5M.oral_gc_rl.tsv.gz
103,809,FUM002.A0101.SG1.1_5M.oral_gc_rl.tsv.gz
104,816,FUM002.A0101.SG1.1_5M.oral_gc_rl.tsv.gz
105,818,FUM002.A0101.SG1.1_5M.oral_gc_rl.tsv.gz
106,763,FUM002.A0101.SG1.1_5M.oral_gc_rl.tsv.gz
107,696,FUM002.A0101.SG1.1_5M.oral_gc_rl.tsv.gz
108,621,FUM002.A0101.SG1.1_5M.oral_gc_rl.tsv.gz
109,619,FUM002.A0101.SG1.1_5M.oral_gc_rl.tsv.gz
110,597,FUM002.A0101.SG1.1_5M.oral_gc_rl.tsv.gz
111,565,FUM002.A0101.SG1.1_5M.oral_gc_rl.tsv.gz
112,563,FUM002.A0101.SG1.1_5M.oral_gc_rl.tsv.gz
113,494,FUM002.A0101.SG1.1_5M.oral_gc_rl.tsv.gz
114,497,FUM002.A0101.SG1.1_5M.oral_gc_rl.tsv.gz
115,434,FUM002.A0101.SG1.1_5M.oral_gc_rl.tsv.gz
116,418,FUM002.A0101.SG1.1_5M.oral_gc_rl.tsv.gz
117,378,FUM002.A0101.SG1.1_5M.oral_gc_rl.tsv.gz
118,377,FUM002.A0101.SG1.1_5M.oral_gc_rl.tsv.gz
119,331,FUM002.A0101.SG1.1_5M.oral_gc_rl.tsv.gz
120,381,FUM002.A0101.SG1.1_5M.oral_gc_rl.tsv.gz
121,293,FUM002.A0101.SG1.1_5M.oral_gc_rl.tsv.gz
122,261,FUM002.A0101.SG1.1_5M.oral_gc_rl.tsv.gz
123,301,FUM002.A0101.SG1.1_5M.oral_gc_rl.tsv.gz
124,268,FUM002.A0101.SG1.1_5M.oral_gc_rl.tsv.gz
125,227,FUM002.A0101.SG1.1_5M.oral_gc_rl.tsv.gz
126,228,FUM002.A0101.SG1.1_5M.oral_gc_rl.tsv.gz
127,261,FUM002.A0101.SG1.1_5M.oral_gc_rl.tsv.gz
128,206,FUM002.A0101.SG1.1_5M.oral_gc_rl.tsv.gz
129,191,FUM002.A0101.SG1.1_5M.oral_gc_rl.tsv.gz
130,192,FUM002.A0101.SG1.1_5M.oral_gc_rl.tsv.gz
131,173,FUM002.A0101.SG1.1_5M.oral_gc_rl.tsv.gz
132,169,FUM002.A0101.SG1.1_5M.oral_gc_rl.tsv.gz
133,192,FUM002.A0101.SG1.1_5M.oral_gc_rl.tsv.gz
134,147,FUM002.A0101.SG1.1_5M.oral_gc_rl.tsv.gz
135,126,FUM002.A0101.SG1.1_5M.oral_gc_rl.tsv.gz
136,150,FUM002.A0101.SG1.1_5M.oral_gc_rl.tsv.gz
137,126,FUM002.A0101.SG1.1_5M.oral_gc_rl.tsv.gz
138,141,FUM002.A0101.SG1.1_5M.oral_gc_rl.tsv.gz
139,120,FUM002.A0101.SG1.1_5M.oral_gc_rl.tsv.gz
140,115,FUM002.A0101.SG1.1_5M.oral_gc_rl.tsv.gz
141,91,FUM002.A0101.SG1.1_5M.oral_gc_rl.tsv.gz
36,3053,FUM002.A0102.SG1.5_5M.oral_gc_rl.tsv.gz
37,6026,FUM002.A0102.SG1.5_5M.oral_gc_rl.tsv.gz
38,8213,FUM002.A0102.SG1.5_5M.oral_gc_rl.tsv.gz
39,9338,FUM002.A0102.SG1.5_5M.oral_gc_rl.tsv.gz
40,10704,FUM002.A0102.SG1.5_5M.oral_gc_rl.tsv.gz
41,10329,FUM002.A0102.SG1.5_5M.oral_gc_rl.tsv.gz
42,10243,FUM002.A0102.SG1.5_5M.oral_gc_rl.tsv.gz
43,10611,FUM002.A0102.SG1.5_5M.oral_gc_rl.tsv.gz
44,10911,FUM002.A0102.SG1.5_5M.oral_gc_rl.tsv.gz
45,10201,FUM002.A0102.SG1.5_5M.oral_gc_rl.tsv.gz
46,10482,FUM002.A0102.SG1.5_5M.oral_gc_rl.tsv.gz
47,10446,FUM002.A0102.SG1.5_5M.oral_gc_rl.tsv.gz
48,9119,FUM002.A0102.SG1.5_5M.oral_gc_rl.tsv.gz
49,8964,FUM002.A0102.SG1.5_5M.oral_gc_rl.tsv.gz
50,8597,FUM002.A0102.SG1.5_5M.oral_gc_rl.tsv.gz
51,8059,FUM002.A0102.SG1.5_5M.oral_gc_rl.tsv.gz
52,8129,FUM002.A0102.SG1.5_5M.oral_gc_rl.tsv.gz
53,7895,FUM002.A0102.SG1.5_5M.oral_gc_rl.tsv.gz
54,7294,FUM002.A0102.SG1.5_5M.oral_gc_rl.tsv.gz
55,6681,FUM002.A0102.SG1.5_5M.oral_gc_rl.tsv.gz
56,6541,FUM002.A0102.SG1.5_5M.oral_gc_rl.tsv.gz
57,5985,FUM002.A0102.SG1.5_5M.oral_gc_rl.tsv.gz
58,5867,FUM002.A0102.SG1.5_5M.oral_gc_rl.tsv.gz
59,5654,FUM002.A0102.SG1.5_5M.oral_gc_rl.tsv.gz
60,5246,FUM002.A0102.SG1.5_5M.oral_gc_rl.tsv.gz
61,4849,FUM002.A0102.SG1.5_5M.oral_gc_rl.tsv.gz
62,4537,FUM002.A0102.SG1.5_5M.oral_gc_rl.tsv.gz
63,4031,FUM002.A0102.SG1.5_5M.oral_gc_rl.tsv.gz
64,3999,FUM002.A0102.SG1.5_5M.oral_gc_rl.tsv.gz
65,4012,FUM002.A0102.SG1.5_5M.oral_gc_rl.tsv.gz
66,3680,FUM002.A0102.SG1.5_5M.oral_gc_rl.tsv.gz
67,3574,FUM002.A0102.SG1.5_5M.oral_gc_rl.tsv.gz
68,2926,FUM002.A0102.SG1.5_5M.oral_gc_rl.tsv.gz
69,2685,FUM002.A0102.SG1.5_5M.oral_gc_rl.tsv.gz
70,2646,FUM002.A0102.SG1.5_5M.oral_gc_rl.tsv.gz
71,2509,FUM002.A0102.SG1.5_5M.oral_gc_rl.tsv.gz
72,2287,FUM002.A0102.SG1.5_5M.oral_gc_rl.tsv.gz
73,2383,FUM002.A0102.SG1.5_5M.oral_gc_rl.tsv.gz
74,2221,FUM002.A0102.SG1.5_5M.oral_gc_rl.tsv.gz
75,1936,FUM002.A0102.SG1.5_5M.oral_gc_rl.tsv.gz
76,2421,FUM002.A0102.SG1.5_5M.oral_gc_rl.tsv.gz
77,1657,FUM002.A0102.SG1.5_5M.oral_gc_rl.tsv.gz
78,1526,FUM002.A0102.SG1.5_5M.oral_gc_rl.tsv.gz
79,1506,FUM002.A0102.SG1.5_5M.oral_gc_rl.tsv.gz
80,1435,FUM002.A0102.SG1.5_5M.oral_gc_rl.tsv.gz
81,1187,FUM002.A0102.SG1.5_5M.oral_gc_rl.tsv.gz
82,1176,FUM002.A0102.SG1.5_5M.oral_gc_rl.tsv.gz
83,1081,FUM002.A0102.SG1.5_5M.oral_gc_rl.tsv.gz
84,1041,FUM002.A0102.SG1.5_5M.oral_gc_rl.tsv.gz
85,987,FUM002.A0102.SG1.5_5M.oral_gc_rl.tsv.gz
86,948,FUM002.A0102.SG1.5_5M.oral_gc_rl.tsv.gz
87,804,FUM002.A0102.SG1.5_5M.oral_gc_rl.tsv.gz
88,758,FUM002.A0102.SG1.5_5M.oral_gc_rl.tsv.gz
89,750,FUM002.A0102.SG1.5_5M.oral_gc_rl.tsv.gz
90,638,FUM002.A0102.SG1.5_5M.oral_gc_rl.tsv.gz
91,622,FUM002.A0102.SG1.5_5M.oral_gc_rl.tsv.gz
92,659,FUM002.A0102.SG1.5_5M.oral_gc_rl.tsv.gz
93,580,FUM002.A0102.SG1.5_5M.oral_gc_rl.tsv.gz
94,513,FUM002.A0102.SG1.5_5M.oral_gc_rl.tsv.gz
95,487,FUM002.A0102.SG1.5_5M.oral_gc_rl.tsv.gz
96,464,FUM002.A0102.SG1.5_5M.oral_gc_rl.tsv.gz
97,448,FUM002.A0102.SG1.5_5M.oral_gc_rl.tsv.gz
98,403,FUM002.A0102.SG1.5_5M.oral_gc_rl.tsv.gz
99,376,FUM002.A0102.SG1.5_5M.oral_gc_rl.tsv.gz
100,381,FUM002.A0102.SG1.5_5M.oral_gc_rl.tsv.gz
101,326,FUM002.A0102.SG1.5_5M.oral_gc_rl.tsv.gz
102,311,FUM002.A0102.SG1.5_5M.oral_gc_rl.tsv.gz
103,296,FUM002.A0102.SG1.5_5M.oral_gc_rl.tsv.gz
104,277,FUM002.A0102.SG1.5_5M.oral_gc_rl.tsv.gz
105,237,FUM002.A0102.SG1.5_5M.oral_gc_rl.tsv.gz
106,248,FUM002.A0102.SG1.5_5M.oral_gc_rl.tsv.gz
107,240,FUM002.A0102.SG1.5_5M.oral_gc_rl.tsv.gz
108,171,FUM002.A0102.SG1.5_5M.oral_gc_rl.tsv.gz
109,203,FUM002.A0102.SG1.5_5M.oral_gc_rl.tsv.gz
110,179,FUM002.A0102.SG1.5_5M.oral_gc_rl.tsv.gz
111,200,FUM002.A0102.SG1.5_5M.oral_gc_rl.tsv.gz
112,168,FUM002.A0102.SG1.5_5M.oral_gc_rl.tsv.gz
113,159,FUM002.A0102.SG1.5_5M.oral_gc_rl.tsv.gz
114,161,FUM002.A0102.SG1.5_5M.oral_gc_rl.tsv.gz
115,150,FUM002.A0102.SG1.5_5M.oral_gc_rl.tsv.gz
116,111,FUM002.A0102.SG1.5_5M.oral_gc_rl.tsv.gz
117,116,FUM002.A0102.SG1.5_5M.oral_gc_rl.tsv.gz
118,90,FUM002.A0102.SG1.5_5M.oral_gc_rl.tsv.gz
119,99,FUM002.A0102.SG1.5_5M.oral_gc_rl.tsv.gz
120,77,FUM002.A0102.SG1.5_5M.oral_gc_rl.tsv.gz
121,102,FUM002.A0102.SG1.5_5M.oral_gc_rl.tsv.gz
122,67,FUM002.A0102.SG1.5_5M.oral_gc_rl.tsv.gz
123,73,FUM002.A0102.SG1.5_5M.oral_gc_rl.tsv.gz
124,75,FUM002.A0102.SG1.5_5M.oral_gc_rl.tsv.gz
125,78,FUM002.A0102.SG1.5_5M.oral_gc_rl.tsv.gz
126,54,FUM002.A0102.SG1.5_5M.oral_gc_rl.tsv.gz
127,41,FUM002.A0102.SG1.5_5M.oral_gc_rl.tsv.gz
128,48,FUM002.A0102.SG1.5_5M.oral_gc_rl.tsv.gz
129,50,FUM002.A0102.SG1.5_5M.oral_gc_rl.tsv.gz
130,51,FUM002.A0102.SG1.5_5M.oral_gc_rl.tsv.gz
131,55,FUM002.A0102.SG1.5_5M.oral_gc_rl.tsv.gz
132,49,FUM002.A0102.SG1.5_5M.oral_gc_rl.tsv.gz
133,35,FUM002.A0102.SG1.5_5M.oral_gc_rl.tsv.gz
134,38,FUM002.A0102.SG1.5_5M.oral_gc_rl.tsv.gz
135,37,FUM002.A0102.SG1.5_5M.oral_gc_rl.tsv.gz
136,32,FUM002.A0102.SG1.5_5M.oral_gc_rl.tsv.gz
137,34,FUM002.A0102.SG1.5_5M.oral_gc_rl.tsv.gz
138,29,FUM002.A0102.SG1.5_5M.oral_gc_rl.tsv.gz
139,23,FUM002.A0102.SG1.5_5M.oral_gc_rl.tsv.gz
140,28,FUM002.A0102.SG1.5_5M.oral_gc_rl.tsv.gz
141,25,FUM002.A0102.SG1.5_5M.oral_gc_rl.tsv.gz
36,743,FUM003.A0101.SG1.1_5M.oral_gc_rl.tsv.gz
37,1456,FUM003.A0101.SG1.1_5M.oral_gc_rl.tsv.gz
38,2051,FUM003.A0101.SG1.1_5M.oral_gc_rl.tsv.gz
39,2624,FUM003.A0101.SG1.1_5M.oral_gc_rl.tsv.gz
40,2857,FUM003.A0101.SG1.1_5M.oral_gc_rl.tsv.gz
41,2756,FUM003.A0101.SG1.1_5M.oral_gc_rl.tsv.gz
42,2965,FUM003.A0101.SG1.1_5M.oral_gc_rl.tsv.gz
43,3088,FUM003.A0101.SG1.1_5M.oral_gc_rl.tsv.gz
44,2911,FUM003.A0101.SG1.1_5M.oral_gc_rl.tsv.gz
45,3156,FUM003.A0101.SG1.1_5M.oral_gc_rl.tsv.gz
46,3092,FUM003.A0101.SG1.1_5M.oral_gc_rl.tsv.gz
47,3033,FUM003.A0101.SG1.1_5M.oral_gc_rl.tsv.gz
48,2867,FUM003.A0101.SG1.1_5M.oral_gc_rl.tsv.gz
49,2855,FUM003.A0101.SG1.1_5M.oral_gc_rl.tsv.gz
50,2883,FUM003.A0101.SG1.1_5M.oral_gc_rl.tsv.gz
51,2811,FUM003.A0101.SG1.1_5M.oral_gc_rl.tsv.gz
52,2798,FUM003.A0101.SG1.1_5M.oral_gc_rl.tsv.gz
53,2559,FUM003.A0101.SG1.1_5M.oral_gc_rl.tsv.gz
54,2582,FUM003.A0101.SG1.1_5M.oral_gc_rl.tsv.gz
55,2349,FUM003.A0101.SG1.1_5M.oral_gc_rl.tsv.gz
56,2199,FUM003.A0101.SG1.1_5M.oral_gc_rl.tsv.gz
57,2217,FUM003.A0101.SG1.1_5M.oral_gc_rl.tsv.gz
58,2058,FUM003.A0101.SG1.1_5M.oral_gc_rl.tsv.gz
59,2045,FUM003.A0101.SG1.1_5M.oral_gc_rl.tsv.gz
60,2060,FUM003.A0101.SG1.1_5M.oral_gc_rl.tsv.gz
61,1870,FUM003.A0101.SG1.1_5M.oral_gc_rl.tsv.gz
62,1625,FUM003.A0101.SG1.1_5M.oral_gc_rl.tsv.gz
63,1744,FUM003.A0101.SG1.1_5M.oral_gc_rl.tsv.gz
64,1739,FUM003.A0101.SG1.1_5M.oral_gc_rl.tsv.gz
65,1544,FUM003.A0101.SG1.1_5M.oral_gc_rl.tsv.gz
66,1591,FUM003.A0101.SG1.1_5M.oral_gc_rl.tsv.gz
67,1474,FUM003.A0101.SG1.1_5M.oral_gc_rl.tsv.gz
68,1178,FUM003.A0101.SG1.1_5M.oral_gc_rl.tsv.gz
69,1270,FUM003.A0101.SG1.1_5M.oral_gc_rl.tsv.gz
70,1176,FUM003.A0101.SG1.1_5M.oral_gc_rl.tsv.gz
71,1015,FUM003.A0101.SG1.1_5M.oral_gc_rl.tsv.gz
72,1064,FUM003.A0101.SG1.1_5M.oral_gc_rl.tsv.gz
73,1105,FUM003.A0101.SG1.1_5M.oral_gc_rl.tsv.gz
74,999,FUM003.A0101.SG1.1_5M.oral_gc_rl.tsv.gz
75,1085,FUM003.A0101.SG1.1_5M.oral_gc_rl.tsv.gz
76,2078,FUM003.A0101.SG1.1_5M.oral_gc_rl.tsv.gz
77,786,FUM003.A0101.SG1.1_5M.oral_gc_rl.tsv.gz
78,709,FUM003.A0101.SG1.1_5M.oral_gc_rl.tsv.gz
79,685,FUM003.A0101.SG1.1_5M.oral_gc_rl.tsv.gz
80,678,FUM003.A0101.SG1.1_5M.oral_gc_rl.tsv.gz
81,612,FUM003.A0101.SG1.1_5M.oral_gc_rl.tsv.gz
82,546,FUM003.A0101.SG1.1_5M.oral_gc_rl.tsv.gz
83,503,FUM003.A0101.SG1.1_5M.oral_gc_rl.tsv.gz
84,556,FUM003.A0101.SG1.1_5M.oral_gc_rl.tsv.gz
85,499,FUM003.A0101.SG1.1_5M.oral_gc_rl.tsv.gz
86,448,FUM003.A0101.SG1.1_5M.oral_gc_rl.tsv.gz
87,484,FUM003.A0101.SG1.1_5M.oral_gc_rl.tsv.gz
88,437,FUM003.A0101.SG1.1_5M.oral_gc_rl.tsv.gz
89,389,FUM003.A0101.SG1.1_5M.oral_gc_rl.tsv.gz
90,394,FUM003.A0101.SG1.1_5M.oral_gc_rl.tsv.gz
91,338,FUM003.A0101.SG1.1_5M.oral_gc_rl.tsv.gz
92,358,FUM003.A0101.SG1.1_5M.oral_gc_rl.tsv.gz
93,352,FUM003.A0101.SG1.1_5M.oral_gc_rl.tsv.gz
94,292,FUM003.A0101.SG1.1_5M.oral_gc_rl.tsv.gz
95,283,FUM003.A0101.SG1.1_5M.oral_gc_rl.tsv.gz
96,253,FUM003.A0101.SG1.1_5M.oral_gc_rl.tsv.gz
97,261,FUM003.A0101.SG1.1_5M.oral_gc_rl.tsv.gz
98,238,FUM003.A0101.SG1.1_5M.oral_gc_rl.tsv.gz
99,219,FUM003.A0101.SG1.1_5M.oral_gc_rl.tsv.gz
100,247,FUM003.A0101.SG1.1_5M.oral_gc_rl.tsv.gz
101,183,FUM003.A0101.SG1.1_5M.oral_gc_rl.tsv.gz
102,212,FUM003.A0101.SG1.1_5M.oral_gc_rl.tsv.gz
103,164,FUM003.A0101.SG1.1_5M.oral_gc_rl.tsv.gz
104,169,FUM003.A0101.SG1.1_5M.oral_gc_rl.tsv.gz
105,202,FUM003.A0101.SG1.1_5M.oral_gc_rl.tsv.gz
106,154,FUM003.A0101.SG1.1_5M.oral_gc_rl.tsv.gz
107,148,FUM003.A0101.SG1.1_5M.oral_gc_rl.tsv.gz
108,151,FUM003.A0101.SG1.1_5M.oral_gc_rl.tsv.gz
109,144,FUM003.A0101.SG1.1_5M.oral_gc_rl.tsv.gz
110,125,FUM003.A0101.SG1.1_5M.oral_gc_rl.tsv.gz
111,109,FUM003.A0101.SG1.1_5M.oral_gc_rl.tsv.gz
112,115,FUM003.A0101.SG1.1_5M.oral_gc_rl.tsv.gz
113,107,FUM003.A0101.SG1.1_5M.oral_gc_rl.tsv.gz
114,107,FUM003.A0101.SG1.1_5M.oral_gc_rl.tsv.gz
115,84,FUM003.A0101.SG1.1_5M.oral_gc_rl.tsv.gz
116,88,FUM003.A0101.SG1.1_5M.oral_gc_rl.tsv.gz
117,98,FUM003.A0101.SG1.1_5M.oral_gc_rl.tsv.gz
118,78,FUM003.A0101.SG1.1_5M.oral_gc_rl.tsv.gz
119,79,FUM003.A0101.SG1.1_5M.oral_gc_rl.tsv.gz
120,64,FUM003.A0101.SG1.1_5M.oral_gc_rl.tsv.gz
121,69,FUM003.A0101.SG1.1_5M.oral_gc_rl.tsv.gz
122,54,FUM003.A0101.SG1.1_5M.oral_gc_rl.tsv.gz
123,54,FUM003.A0101.SG1.1_5M.oral_gc_rl.tsv.gz
124,68,FUM003.A0101.SG1.1_5M.oral_gc_rl.tsv.gz
125,69,FUM003.A0101.SG1.1_5M.oral_gc_rl.tsv.gz
126,55,FUM003.A0101.SG1.1_5M.oral_gc_rl.tsv.gz
127,48,FUM003.A0101.SG1.1_5M.oral_gc_rl.tsv.gz
128,51,FUM003.A0101.SG1.1_5M.oral_gc_rl.tsv.gz
129,36,FUM003.A0101.SG1.1_5M.oral_gc_rl.tsv.gz
130,47,FUM003.A0101.SG1.1_5M.oral_gc_rl.tsv.gz
131,46,FUM003.A0101.SG1.1_5M.oral_gc_rl.tsv.gz
132,47,FUM003.A0101.SG1.1_5M.oral_gc_rl.tsv.gz
133,46,FUM003.A0101.SG1.1_5M.oral_gc_rl.tsv.gz
134,39,FUM003.A0101.SG1.1_5M.oral_gc_rl.tsv.gz
135,42,FUM003.A0101.SG1.1_5M.oral_gc_rl.tsv.gz
136,39,FUM003.A0101.SG1.1_5M.oral_gc_rl.tsv.gz
137,36,FUM003.A0101.SG1.1_5M.oral_gc_rl.tsv.gz
138,40,FUM003.A0101.SG1.1_5M.oral_gc_rl.tsv.gz
139,24,FUM003.A0101.SG1.1_5M.oral_gc_rl.tsv.gz
140,28,FUM003.A0101.SG1.1_5M.oral_gc_rl.tsv.gz
141,27,FUM003.A0101.SG1.1_5M.oral_gc_rl.tsv.gz
36,1215,FUM003.A0102.SG1.4_5M.oral_gc_rl.tsv.gz
37,2089,FUM003.A0102.SG1.4_5M.oral_gc_rl.tsv.gz
38,2737,FUM003.A0102.SG1.4_5M.oral_gc_rl.tsv.gz
39,2995,FUM003.A0102.SG1.4_5M.oral_gc_rl.tsv.gz
40,3392,FUM003.A0102.SG1.4_5M.oral_gc_rl.tsv.gz
41,3156,FUM003.A0102.SG1.4_5M.oral_gc_rl.tsv.gz
42,3157,FUM003.A0102.SG1.4_5M.oral_gc_rl.tsv.gz
43,3191,FUM003.A0102.SG1.4_5M.oral_gc_rl.tsv.gz
44,3148,FUM003.A0102.SG1.4_5M.oral_gc_rl.tsv.gz
45,2949,FUM003.A0102.SG1.4_5M.oral_gc_rl.tsv.gz
46,2835,FUM003.A0102.SG1.4_5M.oral_gc_rl.tsv.gz
47,2757,FUM003.A0102.SG1.4_5M.oral_gc_rl.tsv.gz
48,2370,FUM003.A0102.SG1.4_5M.oral_gc_rl.tsv.gz
49,2326,FUM003.A0102.SG1.4_5M.oral_gc_rl.tsv.gz
50,2331,FUM003.A0102.SG1.4_5M.oral_gc_rl.tsv.gz
51,2026,FUM003.A0102.SG1.4_5M.oral_gc_rl.tsv.gz
52,1965,FUM003.A0102.SG1.4_5M.oral_gc_rl.tsv.gz
53,1772,FUM003.A0102.SG1.4_5M.oral_gc_rl.tsv.gz
54,1751,FUM003.A0102.SG1.4_5M.oral_gc_rl.tsv.gz
55,1623,FUM003.A0102.SG1.4_5M.oral_gc_rl.tsv.gz
56,1499,FUM003.A0102.SG1.4_5M.oral_gc_rl.tsv.gz
57,1354,FUM003.A0102.SG1.4_5M.oral_gc_rl.tsv.gz
58,1324,FUM003.A0102.SG1.4_5M.oral_gc_rl.tsv.gz
59,1229,FUM003.A0102.SG1.4_5M.oral_gc_rl.tsv.gz
60,1096,FUM003.A0102.SG1.4_5M.oral_gc_rl.tsv.gz
61,1009,FUM003.A0102.SG1.4_5M.oral_gc_rl.tsv.gz
62,958,FUM003.A0102.SG1.4_5M.oral_gc_rl.tsv.gz
63,869,FUM003.A0102.SG1.4_5M.oral_gc_rl.tsv.gz
64,737,FUM003.A0102.SG1.4_5M.oral_gc_rl.tsv.gz
65,807,FUM003.A0102.SG1.4_5M.oral_gc_rl.tsv.gz
66,718,FUM003.A0102.SG1.4_5M.oral_gc_rl.tsv.gz
67,726,FUM003.A0102.SG1.4_5M.oral_gc_rl.tsv.gz
68,598,FUM003.A0102.SG1.4_5M.oral_gc_rl.tsv.gz
69,515,FUM003.A0102.SG1.4_5M.oral_gc_rl.tsv.gz
70,506,FUM003.A0102.SG1.4_5M.oral_gc_rl.tsv.gz
71,513,FUM003.A0102.SG1.4_5M.oral_gc_rl.tsv.gz
72,396,FUM003.A0102.SG1.4_5M.oral_gc_rl.tsv.gz
73,471,FUM003.A0102.SG1.4_5M.oral_gc_rl.tsv.gz
74,399,FUM003.A0102.SG1.4_5M.oral_gc_rl.tsv.gz
75,354,FUM003.A0102.SG1.4_5M.oral_gc_rl.tsv.gz
76,625,FUM003.A0102.SG1.4_5M.oral_gc_rl.tsv.gz
77,286,FUM003.A0102.SG1.4_5M.oral_gc_rl.tsv.gz
78,272,FUM003.A0102.SG1.4_5M.oral_gc_rl.tsv.gz
79,261,FUM003.A0102.SG1.4_5M.oral_gc_rl.tsv.gz
80,242,FUM003.A0102.SG1.4_5M.oral_gc_rl.tsv.gz
81,221,FUM003.A0102.SG1.4_5M.oral_gc_rl.tsv.gz
82,198,FUM003.A0102.SG1.4_5M.oral_gc_rl.tsv.gz
83,222,FUM003.A0102.SG1.4_5M.oral_gc_rl.tsv.gz
84,183,FUM003.A0102.SG1.4_5M.oral_gc_rl.tsv.gz
85,183,FUM003.A0102.SG1.4_5M.oral_gc_rl.tsv.gz
86,171,FUM003.A0102.SG1.4_5M.oral_gc_rl.tsv.gz
87,159,FUM003.A0102.SG1.4_5M.oral_gc_rl.tsv.gz
88,127,FUM003.A0102.SG1.4_5M.oral_gc_rl.tsv.gz
89,122,FUM003.A0102.SG1.4_5M.oral_gc_rl.tsv.gz
90,104,FUM003.A0102.SG1.4_5M.oral_gc_rl.tsv.gz
91,102,FUM003.A0102.SG1.4_5M.oral_gc_rl.tsv.gz
92,103,FUM003.A0102.SG1.4_5M.oral_gc_rl.tsv.gz
93,84,FUM003.A0102.SG1.4_5M.oral_gc_rl.tsv.gz
94,88,FUM003.A0102.SG1.4_5M.oral_gc_rl.tsv.gz
95,58,FUM003.A0102.SG1.4_5M.oral_gc_rl.tsv.gz
96,73,FUM003.A0102.SG1.4_5M.oral_gc_rl.tsv.gz
97,61,FUM003.A0102.SG1.4_5M.oral_gc_rl.tsv.gz
98,70,FUM003.A0102.SG1.4_5M.oral_gc_rl.tsv.gz
99,51,FUM003.A0102.SG1.4_5M.oral_gc_rl.tsv.gz
100,71,FUM003.A0102.SG1.4_5M.oral_gc_rl.tsv.gz
101,54,FUM003.A0102.SG1.4_5M.oral_gc_rl.tsv.gz
102,46,FUM003.A0102.SG1.4_5M.oral_gc_rl.tsv.gz
103,55,FUM003.A0102.SG1.4_5M.oral_gc_rl.tsv.gz
104,54,FUM003.A0102.SG1.4_5M.oral_gc_rl.tsv.gz
105,52,FUM003.A0102.SG1.4_5M.oral_gc_rl.tsv.gz
106,47,FUM003.A0102.SG1.4_5M.oral_gc_rl.tsv.gz
107,35,FUM003.A0102.SG1.4_5M.oral_gc_rl.tsv.gz
108,45,FUM003.A0102.SG1.4_5M.oral_gc_rl.tsv.gz
109,30,FUM003.A0102.SG1.4_5M.oral_gc_rl.tsv.gz
110,28,FUM003.A0102.SG1.4_5M.oral_gc_rl.tsv.gz
111,26,FUM003.A0102.SG1.4_5M.oral_gc_rl.tsv.gz
112,35,FUM003.A0102.SG1.4_5M.oral_gc_rl.tsv.gz
113,29,FUM003.A0102.SG1.4_5M.oral_gc_rl.tsv.gz
114,24,FUM003.A0102.SG1.4_5M.oral_gc_rl.tsv.gz
115,21,FUM003.A0102.SG1.4_5M.oral_gc_rl.tsv.gz
116,22,FUM003.A0102.SG1.4_5M.oral_gc_rl.tsv.gz
117,23,FUM003.A0102.SG1.4_5M.oral_gc_rl.tsv.gz
118,21,FUM003.A0102.SG1.4_5M.oral_gc_rl.tsv.gz
119,22,FUM003.A0102.SG1.4_5M.oral_gc_rl.tsv.gz
120,18,FUM003.A0102.SG1.4_5M.oral_gc_rl.tsv.gz
121,13,FUM003.A0102.SG1.4_5M.oral_gc_rl.tsv.gz
122,19,FUM003.A0102.SG1.4_5M.oral_gc_rl.tsv.gz
123,11,FUM003.A0102.SG1.4_5M.oral_gc_rl.tsv.gz
124,14,FUM003.A0102.SG1.4_5M.oral_gc_rl.tsv.gz
125,14,FUM003.A0102.SG1.4_5M.oral_gc_rl.tsv.gz
126,14,FUM003.A0102.SG1.4_5M.oral_gc_rl.tsv.gz
127,14,FUM003.A0102.SG1.4_5M.oral_gc_rl.tsv.gz
128,13,FUM003.A0102.SG1.4_5M.oral_gc_rl.tsv.gz
129,7,FUM003.A0102.SG1.4_5M.oral_gc_rl.tsv.gz
130,12,FUM003.A0102.SG1.4_5M.oral_gc_rl.tsv.gz
131,12,FUM003.A0102.SG1.4_5M.oral_gc_rl.tsv.gz
132,11,FUM003.A0102.SG1.4_5M.oral_gc_rl.tsv.gz
133,10,FUM003.A0102.SG1.4_5M.oral_gc_rl.tsv.gz
134,5,FUM003.A0102.SG1.4_5M.oral_gc_rl.tsv.gz
135,6,FUM003.A0102.SG1.4_5M.oral_gc_rl.tsv.gz
136,6,FUM003.A0102.SG1.4_5M.oral_gc_rl.tsv.gz
137,5,FUM003.A0102.SG1.4_5M.oral_gc_rl.tsv.gz
138,7,FUM003.A0102.SG1.4_5M.oral_gc_rl.tsv.gz
139,6,FUM003.A0102.SG1.4_5M.oral_gc_rl.tsv.gz
140,6,FUM003.A0102.SG1.4_5M.oral_gc_rl.tsv.gz
141,4,FUM003.A0102.SG1.4_5M.oral_gc_rl.tsv.gz
36,1289,GDN001.A0101.SG1.1_5M.oral_gc_rl.tsv.gz
37,2938,GDN001.A0101.SG1.1_5M.oral_gc_rl.tsv.gz
38,4404,GDN001.A0101.SG1.1_5M.oral_gc_rl.tsv.gz
39,5506,GDN001.A0101.SG1.1_5M.oral_gc_rl.tsv.gz
40,6742,GDN001.A0101.SG1.1_5M.oral_gc_rl.tsv.gz
41,7172,GDN001.A0101.SG1.1_5M.oral_gc_rl.tsv.gz
42,8082,GDN001.A0101.SG1.1_5M.oral_gc_rl.tsv.gz
43,9285,GDN001.A0101.SG1.1_5M.oral_gc_rl.tsv.gz
44,9570,GDN001.A0101.SG1.1_5M.oral_gc_rl.tsv.gz
45,10781,GDN001.A0101.SG1.1_5M.oral_gc_rl.tsv.gz
46,11210,GDN001.A0101.SG1.1_5M.oral_gc_rl.tsv.gz
47,11951,GDN001.A0101.SG1.1_5M.oral_gc_rl.tsv.gz
48,11688,GDN001.A0101.SG1.1_5M.oral_gc_rl.tsv.gz
49,12235,GDN001.A0101.SG1.1_5M.oral_gc_rl.tsv.gz
50,12923,GDN001.A0101.SG1.1_5M.oral_gc_rl.tsv.gz
51,13045,GDN001.A0101.SG1.1_5M.oral_gc_rl.tsv.gz
52,13593,GDN001.A0101.SG1.1_5M.oral_gc_rl.tsv.gz
53,13882,GDN001.A0101.SG1.1_5M.oral_gc_rl.tsv.gz
54,14294,GDN001.A0101.SG1.1_5M.oral_gc_rl.tsv.gz
55,13964,GDN001.A0101.SG1.1_5M.oral_gc_rl.tsv.gz
56,13392,GDN001.A0101.SG1.1_5M.oral_gc_rl.tsv.gz
57,13991,GDN001.A0101.SG1.1_5M.oral_gc_rl.tsv.gz
58,13794,GDN001.A0101.SG1.1_5M.oral_gc_rl.tsv.gz
59,13845,GDN001.A0101.SG1.1_5M.oral_gc_rl.tsv.gz
60,13610,GDN001.A0101.SG1.1_5M.oral_gc_rl.tsv.gz
61,13000,GDN001.A0101.SG1.1_5M.oral_gc_rl.tsv.gz
62,12275,GDN001.A0101.SG1.1_5M.oral_gc_rl.tsv.gz
63,12485,GDN001.A0101.SG1.1_5M.oral_gc_rl.tsv.gz
64,11880,GDN001.A0101.SG1.1_5M.oral_gc_rl.tsv.gz
65,12137,GDN001.A0101.SG1.1_5M.oral_gc_rl.tsv.gz
66,11548,GDN001.A0101.SG1.1_5M.oral_gc_rl.tsv.gz
67,11273,GDN001.A0101.SG1.1_5M.oral_gc_rl.tsv.gz
68,9152,GDN001.A0101.SG1.1_5M.oral_gc_rl.tsv.gz
69,9253,GDN001.A0101.SG1.1_5M.oral_gc_rl.tsv.gz
70,9310,GDN001.A0101.SG1.1_5M.oral_gc_rl.tsv.gz
71,8236,GDN001.A0101.SG1.1_5M.oral_gc_rl.tsv.gz
72,8307,GDN001.A0101.SG1.1_5M.oral_gc_rl.tsv.gz
73,8078,GDN001.A0101.SG1.1_5M.oral_gc_rl.tsv.gz
74,7888,GDN001.A0101.SG1.1_5M.oral_gc_rl.tsv.gz
75,7447,GDN001.A0101.SG1.1_5M.oral_gc_rl.tsv.gz
76,8809,GDN001.A0101.SG1.1_5M.oral_gc_rl.tsv.gz
77,6202,GDN001.A0101.SG1.1_5M.oral_gc_rl.tsv.gz
78,5895,GDN001.A0101.SG1.1_5M.oral_gc_rl.tsv.gz
79,5972,GDN001.A0101.SG1.1_5M.oral_gc_rl.tsv.gz
80,5255,GDN001.A0101.SG1.1_5M.oral_gc_rl.tsv.gz
81,4763,GDN001.A0101.SG1.1_5M.oral_gc_rl.tsv.gz
82,4528,GDN001.A0101.SG1.1_5M.oral_gc_rl.tsv.gz
83,4217,GDN001.A0101.SG1.1_5M.oral_gc_rl.tsv.gz
84,4042,GDN001.A0101.SG1.1_5M.oral_gc_rl.tsv.gz
85,4020,GDN001.A0101.SG1.1_5M.oral_gc_rl.tsv.gz
86,3567,GDN001.A0101.SG1.1_5M.oral_gc_rl.tsv.gz
87,3392,GDN001.A0101.SG1.1_5M.oral_gc_rl.tsv.gz
88,3160,GDN001.A0101.SG1.1_5M.oral_gc_rl.tsv.gz
89,2974,GDN001.A0101.SG1.1_5M.oral_gc_rl.tsv.gz
90,2778,GDN001.A0101.SG1.1_5M.oral_gc_rl.tsv.gz
91,2774,GDN001.A0101.SG1.1_5M.oral_gc_rl.tsv.gz
92,2493,GDN001.A0101.SG1.1_5M.oral_gc_rl.tsv.gz
93,2227,GDN001.A0101.SG1.1_5M.oral_gc_rl.tsv.gz
94,2291,GDN001.A0101.SG1.1_5M.oral_gc_rl.tsv.gz
95,1877,GDN001.A0101.SG1.1_5M.oral_gc_rl.tsv.gz
96,1804,GDN001.A0101.SG1.1_5M.oral_gc_rl.tsv.gz
97,1798,GDN001.A0101.SG1.1_5M.oral_gc_rl.tsv.gz
98,1581,GDN001.A0101.SG1.1_5M.oral_gc_rl.tsv.gz
99,1515,GDN001.A0101.SG1.1_5M.oral_gc_rl.tsv.gz
100,1459,GDN001.A0101.SG1.1_5M.oral_gc_rl.tsv.gz
101,1298,GDN001.A0101.SG1.1_5M.oral_gc_rl.tsv.gz
102,1299,GDN001.A0101.SG1.1_5M.oral_gc_rl.tsv.gz
103,1051,GDN001.A0101.SG1.1_5M.oral_gc_rl.tsv.gz
104,1048,GDN001.A0101.SG1.1_5M.oral_gc_rl.tsv.gz
105,1115,GDN001.A0101.SG1.1_5M.oral_gc_rl.tsv.gz
106,811,GDN001.A0101.SG1.1_5M.oral_gc_rl.tsv.gz
107,857,GDN001.A0101.SG1.1_5M.oral_gc_rl.tsv.gz
108,750,GDN001.A0101.SG1.1_5M.oral_gc_rl.tsv.gz
109,653,GDN001.A0101.SG1.1_5M.oral_gc_rl.tsv.gz
110,672,GDN001.A0101.SG1.1_5M.oral_gc_rl.tsv.gz
111,621,GDN001.A0101.SG1.1_5M.oral_gc_rl.tsv.gz
112,597,GDN001.A0101.SG1.1_5M.oral_gc_rl.tsv.gz
113,631,GDN001.A0101.SG1.1_5M.oral_gc_rl.tsv.gz
114,524,GDN001.A0101.SG1.1_5M.oral_gc_rl.tsv.gz
115,417,GDN001.A0101.SG1.1_5M.oral_gc_rl.tsv.gz
116,447,GDN001.A0101.SG1.1_5M.oral_gc_rl.tsv.gz
117,396,GDN001.A0101.SG1.1_5M.oral_gc_rl.tsv.gz
118,332,GDN001.A0101.SG1.1_5M.oral_gc_rl.tsv.gz
119,377,GDN001.A0101.SG1.1_5M.oral_gc_rl.tsv.gz
120,343,GDN001.A0101.SG1.1_5M.oral_gc_rl.tsv.gz
121,305,GDN001.A0101.SG1.1_5M.oral_gc_rl.tsv.gz
122,291,GDN001.A0101.SG1.1_5M.oral_gc_rl.tsv.gz
123,274,GDN001.A0101.SG1.1_5M.oral_gc_rl.tsv.gz
124,238,GDN001.A0101.SG1.1_5M.oral_gc_rl.tsv.gz
125,236,GDN001.A0101.SG1.1_5M.oral_gc_rl.tsv.gz
126,244,GDN001.A0101.SG1.1_5M.oral_gc_rl.tsv.gz
127,181,GDN001.A0101.SG1.1_5M.oral_gc_rl.tsv.gz
128,215,GDN001.A0101.SG1.1_5M.oral_gc_rl.tsv.gz
129,147,GDN001.A0101.SG1.1_5M.oral_gc_rl.tsv.gz
130,175,GDN001.A0101.SG1.1_5M.oral_gc_rl.tsv.gz
131,149,GDN001.A0101.SG1.1_5M.oral_gc_rl.tsv.gz
132,124,GDN001.A0101.SG1.1_5M.oral_gc_rl.tsv.gz
133,126,GDN001.A0101.SG1.1_5M.oral_gc_rl.tsv.gz
134,100,GDN001.A0101.SG1.1_5M.oral_gc_rl.tsv.gz
135,79,GDN001.A0101.SG1.1_5M.oral_gc_rl.tsv.gz
136,88,GDN001.A0101.SG1.1_5M.oral_gc_rl.tsv.gz
137,82,GDN001.A0101.SG1.1_5M.oral_gc_rl.tsv.gz
138,88,GDN001.A0101.SG1.1_5M.oral_gc_rl.tsv.gz
139,69,GDN001.A0101.SG1.1_5M.oral_gc_rl.tsv.gz
140,85,GDN001.A0101.SG1.1_5M.oral_gc_rl.tsv.gz
141,60,GDN001.A0101.SG1.1_5M.oral_gc_rl.tsv.gz
36,2600,GDN001.A0102.SG1.3_5M.oral_gc_rl.tsv.gz
37,5104,GDN001.A0102.SG1.3_5M.oral_gc_rl.tsv.gz
38,7143,GDN001.A0102.SG1.3_5M.oral_gc_rl.tsv.gz
39,8672,GDN001.A0102.SG1.3_5M.oral_gc_rl.tsv.gz
40,9689,GDN001.A0102.SG1.3_5M.oral_gc_rl.tsv.gz
41,9975,GDN001.A0102.SG1.3_5M.oral_gc_rl.tsv.gz
42,10039,GDN001.A0102.SG1.3_5M.oral_gc_rl.tsv.gz
43,10253,GDN001.A0102.SG1.3_5M.oral_gc_rl.tsv.gz
44,10427,GDN001.A0102.SG1.3_5M.oral_gc_rl.tsv.gz
45,9955,GDN001.A0102.SG1.3_5M.oral_gc_rl.tsv.gz
46,10423,GDN001.A0102.SG1.3_5M.oral_gc_rl.tsv.gz
47,10151,GDN001.A0102.SG1.3_5M.oral_gc_rl.tsv.gz
48,9372,GDN001.A0102.SG1.3_5M.oral_gc_rl.tsv.gz
49,9450,GDN001.A0102.SG1.3_5M.oral_gc_rl.tsv.gz
50,9462,GDN001.A0102.SG1.3_5M.oral_gc_rl.tsv.gz
51,8839,GDN001.A0102.SG1.3_5M.oral_gc_rl.tsv.gz
52,8572,GDN001.A0102.SG1.3_5M.oral_gc_rl.tsv.gz
53,8407,GDN001.A0102.SG1.3_5M.oral_gc_rl.tsv.gz
54,8179,GDN001.A0102.SG1.3_5M.oral_gc_rl.tsv.gz
55,7403,GDN001.A0102.SG1.3_5M.oral_gc_rl.tsv.gz
56,7366,GDN001.A0102.SG1.3_5M.oral_gc_rl.tsv.gz
57,6686,GDN001.A0102.SG1.3_5M.oral_gc_rl.tsv.gz
58,6699,GDN001.A0102.SG1.3_5M.oral_gc_rl.tsv.gz
59,6525,GDN001.A0102.SG1.3_5M.oral_gc_rl.tsv.gz
60,5976,GDN001.A0102.SG1.3_5M.oral_gc_rl.tsv.gz
61,5567,GDN001.A0102.SG1.3_5M.oral_gc_rl.tsv.gz
62,5310,GDN001.A0102.SG1.3_5M.oral_gc_rl.tsv.gz
63,4889,GDN001.A0102.SG1.3_5M.oral_gc_rl.tsv.gz
64,4658,GDN001.A0102.SG1.3_5M.oral_gc_rl.tsv.gz
65,4521,GDN001.A0102.SG1.3_5M.oral_gc_rl.tsv.gz
66,3950,GDN001.A0102.SG1.3_5M.oral_gc_rl.tsv.gz
67,4068,GDN001.A0102.SG1.3_5M.oral_gc_rl.tsv.gz
68,3651,GDN001.A0102.SG1.3_5M.oral_gc_rl.tsv.gz
69,3172,GDN001.A0102.SG1.3_5M.oral_gc_rl.tsv.gz
70,3117,GDN001.A0102.SG1.3_5M.oral_gc_rl.tsv.gz
71,2887,GDN001.A0102.SG1.3_5M.oral_gc_rl.tsv.gz
72,2811,GDN001.A0102.SG1.3_5M.oral_gc_rl.tsv.gz
73,2698,GDN001.A0102.SG1.3_5M.oral_gc_rl.tsv.gz
74,2458,GDN001.A0102.SG1.3_5M.oral_gc_rl.tsv.gz
75,2043,GDN001.A0102.SG1.3_5M.oral_gc_rl.tsv.gz
76,2472,GDN001.A0102.SG1.3_5M.oral_gc_rl.tsv.gz
77,1937,GDN001.A0102.SG1.3_5M.oral_gc_rl.tsv.gz
78,1694,GDN001.A0102.SG1.3_5M.oral_gc_rl.tsv.gz
79,1700,GDN001.A0102.SG1.3_5M.oral_gc_rl.tsv.gz
80,1540,GDN001.A0102.SG1.3_5M.oral_gc_rl.tsv.gz
81,1263,GDN001.A0102.SG1.3_5M.oral_gc_rl.tsv.gz
82,1166,GDN001.A0102.SG1.3_5M.oral_gc_rl.tsv.gz
83,1141,GDN001.A0102.SG1.3_5M.oral_gc_rl.tsv.gz
84,1132,GDN001.A0102.SG1.3_5M.oral_gc_rl.tsv.gz
85,958,GDN001.A0102.SG1.3_5M.oral_gc_rl.tsv.gz
86,932,GDN001.A0102.SG1.3_5M.oral_gc_rl.tsv.gz
87,826,GDN001.A0102.SG1.3_5M.oral_gc_rl.tsv.gz
88,753,GDN001.A0102.SG1.3_5M.oral_gc_rl.tsv.gz
89,729,GDN001.A0102.SG1.3_5M.oral_gc_rl.tsv.gz
90,688,GDN001.A0102.SG1.3_5M.oral_gc_rl.tsv.gz
91,706,GDN001.A0102.SG1.3_5M.oral_gc_rl.tsv.gz
92,601,GDN001.A0102.SG1.3_5M.oral_gc_rl.tsv.gz
93,527,GDN001.A0102.SG1.3_5M.oral_gc_rl.tsv.gz
94,476,GDN001.A0102.SG1.3_5M.oral_gc_rl.tsv.gz
95,464,GDN001.A0102.SG1.3_5M.oral_gc_rl.tsv.gz
96,403,GDN001.A0102.SG1.3_5M.oral_gc_rl.tsv.gz
97,433,GDN001.A0102.SG1.3_5M.oral_gc_rl.tsv.gz
98,382,GDN001.A0102.SG1.3_5M.oral_gc_rl.tsv.gz
99,348,GDN001.A0102.SG1.3_5M.oral_gc_rl.tsv.gz
100,349,GDN001.A0102.SG1.3_5M.oral_gc_rl.tsv.gz
101,270,GDN001.A0102.SG1.3_5M.oral_gc_rl.tsv.gz
102,209,GDN001.A0102.SG1.3_5M.oral_gc_rl.tsv.gz
103,250,GDN001.A0102.SG1.3_5M.oral_gc_rl.tsv.gz
104,236,GDN001.A0102.SG1.3_5M.oral_gc_rl.tsv.gz
105,217,GDN001.A0102.SG1.3_5M.oral_gc_rl.tsv.gz
106,196,GDN001.A0102.SG1.3_5M.oral_gc_rl.tsv.gz
107,179,GDN001.A0102.SG1.3_5M.oral_gc_rl.tsv.gz
108,146,GDN001.A0102.SG1.3_5M.oral_gc_rl.tsv.gz
109,156,GDN001.A0102.SG1.3_5M.oral_gc_rl.tsv.gz
110,163,GDN001.A0102.SG1.3_5M.oral_gc_rl.tsv.gz
111,134,GDN001.A0102.SG1.3_5M.oral_gc_rl.tsv.gz
112,122,GDN001.A0102.SG1.3_5M.oral_gc_rl.tsv.gz
113,118,GDN001.A0102.SG1.3_5M.oral_gc_rl.tsv.gz
114,114,GDN001.A0102.SG1.3_5M.oral_gc_rl.tsv.gz
115,85,GDN001.A0102.SG1.3_5M.oral_gc_rl.tsv.gz
116,78,GDN001.A0102.SG1.3_5M.oral_gc_rl.tsv.gz
117,82,GDN001.A0102.SG1.3_5M.oral_gc_rl.tsv.gz
118,81,GDN001.A0102.SG1.3_5M.oral_gc_rl.tsv.gz
119,64,GDN001.A0102.SG1.3_5M.oral_gc_rl.tsv.gz
120,62,GDN001.A0102.SG1.3_5M.oral_gc_rl.tsv.gz
121,72,GDN001.A0102.SG1.3_5M.oral_gc_rl.tsv.gz
122,68,GDN001.A0102.SG1.3_5M.oral_gc_rl.tsv.gz
123,51,GDN001.A0102.SG1.3_5M.oral_gc_rl.tsv.gz
124,39,GDN001.A0102.SG1.3_5M.oral_gc_rl.tsv.gz
125,53,GDN001.A0102.SG1.3_5M.oral_gc_rl.tsv.gz
126,47,GDN001.A0102.SG1.3_5M.oral_gc_rl.tsv.gz
127,41,GDN001.A0102.SG1.3_5M.oral_gc_rl.tsv.gz
128,49,GDN001.A0102.SG1.3_5M.oral_gc_rl.tsv.gz
129,34,GDN001.A0102.SG1.3_5M.oral_gc_rl.tsv.gz
130,49,GDN001.A0102.SG1.3_5M.oral_gc_rl.tsv.gz
131,37,GDN001.A0102.SG1.3_5M.oral_gc_rl.tsv.gz
132,24,GDN001.A0102.SG1.3_5M.oral_gc_rl.tsv.gz
133,25,GDN001.A0102.SG1.3_5M.oral_gc_rl.tsv.gz
134,20,GDN001.A0102.SG1.3_5M.oral_gc_rl.tsv.gz
135,31,GDN001.A0102.SG1.3_5M.oral_gc_rl.tsv.gz
136,14,GDN001.A0102.SG1.3_5M.oral_gc_rl.tsv.gz
137,29,GDN001.A0102.SG1.3_5M.oral_gc_rl.tsv.gz
138,25,GDN001.A0102.SG1.3_5M.oral_gc_rl.tsv.gz
139,15,GDN001.A0102.SG1.3_5M.oral_gc_rl.tsv.gz
140,21,GDN001.A0102.SG1.3_5M.oral_gc_rl.tsv.gz
141,11,GDN001.A0102.SG1.3_5M.oral_gc_rl.tsv.gz
36,2763,GOY005.A0101.SG1.2_5M.oral_gc_rl.tsv.gz
37,5306,GOY005.A0101.SG1.2_5M.oral_gc_rl.tsv.gz
38,7195,GOY005.A0101.SG1.2_5M.oral_gc_rl.tsv.gz
39,8623,GOY005.A0101.SG1.2_5M.oral_gc_rl.tsv.gz
40,9889,GOY005.A0101.SG1.2_5M.oral_gc_rl.tsv.gz
41,9624,GOY005.A0101.SG1.2_5M.oral_gc_rl.tsv.gz
42,9988,GOY005.A0101.SG1.2_5M.oral_gc_rl.tsv.gz
43,10395,GOY005.A0101.SG1.2_5M.oral_gc_rl.tsv.gz
44,10486,GOY005.A0101.SG1.2_5M.oral_gc_rl.tsv.gz
45,10362,GOY005.A0101.SG1.2_5M.oral_gc_rl.tsv.gz
46,10479,GOY005.A0101.SG1.2_5M.oral_gc_rl.tsv.gz
47,10193,GOY005.A0101.SG1.2_5M.oral_gc_rl.tsv.gz
48,9764,GOY005.A0101.SG1.2_5M.oral_gc_rl.tsv.gz
49,9442,GOY005.A0101.SG1.2_5M.oral_gc_rl.tsv.gz
50,9046,GOY005.A0101.SG1.2_5M.oral_gc_rl.tsv.gz
51,9178,GOY005.A0101.SG1.2_5M.oral_gc_rl.tsv.gz
52,8541,GOY005.A0101.SG1.2_5M.oral_gc_rl.tsv.gz
53,8340,GOY005.A0101.SG1.2_5M.oral_gc_rl.tsv.gz
54,8283,GOY005.A0101.SG1.2_5M.oral_gc_rl.tsv.gz
55,7445,GOY005.A0101.SG1.2_5M.oral_gc_rl.tsv.gz
56,7203,GOY005.A0101.SG1.2_5M.oral_gc_rl.tsv.gz
57,6792,GOY005.A0101.SG1.2_5M.oral_gc_rl.tsv.gz
58,6518,GOY005.A0101.SG1.2_5M.oral_gc_rl.tsv.gz
59,6367,GOY005.A0101.SG1.2_5M.oral_gc_rl.tsv.gz
60,6131,GOY005.A0101.SG1.2_5M.oral_gc_rl.tsv.gz
61,5443,GOY005.A0101.SG1.2_5M.oral_gc_rl.tsv.gz
62,5093,GOY005.A0101.SG1.2_5M.oral_gc_rl.tsv.gz
63,4967,GOY005.A0101.SG1.2_5M.oral_gc_rl.tsv.gz
64,4709,GOY005.A0101.SG1.2_5M.oral_gc_rl.tsv.gz
65,4457,GOY005.A0101.SG1.2_5M.oral_gc_rl.tsv.gz
66,4304,GOY005.A0101.SG1.2_5M.oral_gc_rl.tsv.gz
67,4253,GOY005.A0101.SG1.2_5M.oral_gc_rl.tsv.gz
68,3434,GOY005.A0101.SG1.2_5M.oral_gc_rl.tsv.gz
69,3257,GOY005.A0101.SG1.2_5M.oral_gc_rl.tsv.gz
70,3011,GOY005.A0101.SG1.2_5M.oral_gc_rl.tsv.gz
71,2959,GOY005.A0101.SG1.2_5M.oral_gc_rl.tsv.gz
72,2888,GOY005.A0101.SG1.2_5M.oral_gc_rl.tsv.gz
73,2847,GOY005.A0101.SG1.2_5M.oral_gc_rl.tsv.gz
74,2537,GOY005.A0101.SG1.2_5M.oral_gc_rl.tsv.gz
75,2756,GOY005.A0101.SG1.2_5M.oral_gc_rl.tsv.gz
76,4943,GOY005.A0101.SG1.2_5M.oral_gc_rl.tsv.gz
77,2064,GOY005.A0101.SG1.2_5M.oral_gc_rl.tsv.gz
78,1922,GOY005.A0101.SG1.2_5M.oral_gc_rl.tsv.gz
79,1832,GOY005.A0101.SG1.2_5M.oral_gc_rl.tsv.gz
80,1733,GOY005.A0101.SG1.2_5M.oral_gc_rl.tsv.gz
81,1414,GOY005.A0101.SG1.2_5M.oral_gc_rl.tsv.gz
82,1471,GOY005.A0101.SG1.2_5M.oral_gc_rl.tsv.gz
83,1278,GOY005.A0101.SG1.2_5M.oral_gc_rl.tsv.gz
84,1295,GOY005.A0101.SG1.2_5M.oral_gc_rl.tsv.gz
85,1250,GOY005.A0101.SG1.2_5M.oral_gc_rl.tsv.gz
86,1129,GOY005.A0101.SG1.2_5M.oral_gc_rl.tsv.gz
87,1092,GOY005.A0101.SG1.2_5M.oral_gc_rl.tsv.gz
88,945,GOY005.A0101.SG1.2_5M.oral_gc_rl.tsv.gz
89,895,GOY005.A0101.SG1.2_5M.oral_gc_rl.tsv.gz
90,904,GOY005.A0101.SG1.2_5M.oral_gc_rl.tsv.gz
91,791,GOY005.A0101.SG1.2_5M.oral_gc_rl.tsv.gz
92,823,GOY005.A0101.SG1.2_5M.oral_gc_rl.tsv.gz
93,803,GOY005.A0101.SG1.2_5M.oral_gc_rl.tsv.gz
94,756,GOY005.A0101.SG1.2_5M.oral_gc_rl.tsv.gz
95,653,GOY005.A0101.SG1.2_5M.oral_gc_rl.tsv.gz
96,642,GOY005.A0101.SG1.2_5M.oral_gc_rl.tsv.gz
97,598,GOY005.A0101.SG1.2_5M.oral_gc_rl.tsv.gz
98,569,GOY005.A0101.SG1.2_5M.oral_gc_rl.tsv.gz
99,573,GOY005.A0101.SG1.2_5M.oral_gc_rl.tsv.gz
100,520,GOY005.A0101.SG1.2_5M.oral_gc_rl.tsv.gz
101,461,GOY005.A0101.SG1.2_5M.oral_gc_rl.tsv.gz
102,440,GOY005.A0101.SG1.2_5M.oral_gc_rl.tsv.gz
103,410,GOY005.A0101.SG1.2_5M.oral_gc_rl.tsv.gz
104,360,GOY005.A0101.SG1.2_5M.oral_gc_rl.tsv.gz
105,383,GOY005.A0101.SG1.2_5M.oral_gc_rl.tsv.gz
106,415,GOY005.A0101.SG1.2_5M.oral_gc_rl.tsv.gz
107,355,GOY005.A0101.SG1.2_5M.oral_gc_rl.tsv.gz
108,339,GOY005.A0101.SG1.2_5M.oral_gc_rl.tsv.gz
109,308,GOY005.A0101.SG1.2_5M.oral_gc_rl.tsv.gz
110,304,GOY005.A0101.SG1.2_5M.oral_gc_rl.tsv.gz
111,306,GOY005.A0101.SG1.2_5M.oral_gc_rl.tsv.gz
112,286,GOY005.A0101.SG1.2_5M.oral_gc_rl.tsv.gz
113,284,GOY005.A0101.SG1.2_5M.oral_gc_rl.tsv.gz
114,265,GOY005.A0101.SG1.2_5M.oral_gc_rl.tsv.gz
115,210,GOY005.A0101.SG1.2_5M.oral_gc_rl.tsv.gz
116,201,GOY005.A0101.SG1.2_5M.oral_gc_rl.tsv.gz
117,202,GOY005.A0101.SG1.2_5M.oral_gc_rl.tsv.gz
118,196,GOY005.A0101.SG1.2_5M.oral_gc_rl.tsv.gz
119,184,GOY005.A0101.SG1.2_5M.oral_gc_rl.tsv.gz
120,182,GOY005.A0101.SG1.2_5M.oral_gc_rl.tsv.gz
121,144,GOY005.A0101.SG1.2_5M.oral_gc_rl.tsv.gz
122,162,GOY005.A0101.SG1.2_5M.oral_gc_rl.tsv.gz
123,128,GOY005.A0101.SG1.2_5M.oral_gc_rl.tsv.gz
124,150,GOY005.A0101.SG1.2_5M.oral_gc_rl.tsv.gz
125,152,GOY005.A0101.SG1.2_5M.oral_gc_rl.tsv.gz
126,131,GOY005.A0101.SG1.2_5M.oral_gc_rl.tsv.gz
127,135,GOY005.A0101.SG1.2_5M.oral_gc_rl.tsv.gz
128,116,GOY005.A0101.SG1.2_5M.oral_gc_rl.tsv.gz
129,113,GOY005.A0101.SG1.2_5M.oral_gc_rl.tsv.gz
130,105,GOY005.A0101.SG1.2_5M.oral_gc_rl.tsv.gz
131,109,GOY005.A0101.SG1.2_5M.oral_gc_rl.tsv.gz
132,98,GOY005.A0101.SG1.2_5M.oral_gc_rl.tsv.gz
133,89,GOY005.A0101.SG1.2_5M.oral_gc_rl.tsv.gz
134,98,GOY005.A0101.SG1.2_5M.oral_gc_rl.tsv.gz
135,90,GOY005.A0101.SG1.2_5M.oral_gc_rl.tsv.gz
136,100,GOY005.A0101.SG1.2_5M.oral_gc_rl.tsv.gz
137,78,GOY005.A0101.SG1.2_5M.oral_gc_rl.tsv.gz
138,74,GOY005.A0101.SG1.2_5M.oral_gc_rl.tsv.gz
139,66,GOY005.A0101.SG1.2_5M.oral_gc_rl.tsv.gz
140,103,GOY005.A0101.SG1.2_5M.oral_gc_rl.tsv.gz
141,59,GOY005.A0101.SG1.2_5M.oral_gc_rl.tsv.gz
36,3421,GOY005.A0103.SG1.4_5M.oral_gc_rl.tsv.gz
37,6246,GOY005.A0103.SG1.4_5M.oral_gc_rl.tsv.gz
38,8130,GOY005.A0103.SG1.4_5M.oral_gc_rl.tsv.gz
39,9271,GOY005.A0103.SG1.4_5M.oral_gc_rl.tsv.gz
40,10099,GOY005.A0103.SG1.4_5M.oral_gc_rl.tsv.gz
41,9559,GOY005.A0103.SG1.4_5M.oral_gc_rl.tsv.gz
42,9605,GOY005.A0103.SG1.4_5M.oral_gc_rl.tsv.gz
43,9615,GOY005.A0103.SG1.4_5M.oral_gc_rl.tsv.gz
44,9431,GOY005.A0103.SG1.4_5M.oral_gc_rl.tsv.gz
45,9104,GOY005.A0103.SG1.4_5M.oral_gc_rl.tsv.gz
46,8963,GOY005.A0103.SG1.4_5M.oral_gc_rl.tsv.gz
47,8634,GOY005.A0103.SG1.4_5M.oral_gc_rl.tsv.gz
48,7625,GOY005.A0103.SG1.4_5M.oral_gc_rl.tsv.gz
49,7331,GOY005.A0103.SG1.4_5M.oral_gc_rl.tsv.gz
50,7133,GOY005.A0103.SG1.4_5M.oral_gc_rl.tsv.gz
51,6513,GOY005.A0103.SG1.4_5M.oral_gc_rl.tsv.gz
52,6223,GOY005.A0103.SG1.4_5M.oral_gc_rl.tsv.gz
53,6070,GOY005.A0103.SG1.4_5M.oral_gc_rl.tsv.gz
54,5469,GOY005.A0103.SG1.4_5M.oral_gc_rl.tsv.gz
55,4883,GOY005.A0103.SG1.4_5M.oral_gc_rl.tsv.gz
56,4647,GOY005.A0103.SG1.4_5M.oral_gc_rl.tsv.gz
57,4258,GOY005.A0103.SG1.4_5M.oral_gc_rl.tsv.gz
58,3958,GOY005.A0103.SG1.4_5M.oral_gc_rl.tsv.gz
59,3878,GOY005.A0103.SG1.4_5M.oral_gc_rl.tsv.gz
60,3557,GOY005.A0103.SG1.4_5M.oral_gc_rl.tsv.gz
61,3045,GOY005.A0103.SG1.4_5M.oral_gc_rl.tsv.gz
62,2914,GOY005.A0103.SG1.4_5M.oral_gc_rl.tsv.gz
63,2584,GOY005.A0103.SG1.4_5M.oral_gc_rl.tsv.gz
64,2530,GOY005.A0103.SG1.4_5M.oral_gc_rl.tsv.gz
65,2360,GOY005.A0103.SG1.4_5M.oral_gc_rl.tsv.gz
66,2180,GOY005.A0103.SG1.4_5M.oral_gc_rl.tsv.gz
67,2054,GOY005.A0103.SG1.4_5M.oral_gc_rl.tsv.gz
68,1692,GOY005.A0103.SG1.4_5M.oral_gc_rl.tsv.gz
69,1476,GOY005.A0103.SG1.4_5M.oral_gc_rl.tsv.gz
70,1450,GOY005.A0103.SG1.4_5M.oral_gc_rl.tsv.gz
71,1318,GOY005.A0103.SG1.4_5M.oral_gc_rl.tsv.gz
72,1267,GOY005.A0103.SG1.4_5M.oral_gc_rl.tsv.gz
73,1214,GOY005.A0103.SG1.4_5M.oral_gc_rl.tsv.gz
74,1126,GOY005.A0103.SG1.4_5M.oral_gc_rl.tsv.gz
75,958,GOY005.A0103.SG1.4_5M.oral_gc_rl.tsv.gz
76,1170,GOY005.A0103.SG1.4_5M.oral_gc_rl.tsv.gz
77,782,GOY005.A0103.SG1.4_5M.oral_gc_rl.tsv.gz
78,736,GOY005.A0103.SG1.4_5M.oral_gc_rl.tsv.gz
79,717,GOY005.A0103.SG1.4_5M.oral_gc_rl.tsv.gz
80,638,GOY005.A0103.SG1.4_5M.oral_gc_rl.tsv.gz
81,564,GOY005.A0103.SG1.4_5M.oral_gc_rl.tsv.gz
82,534,GOY005.A0103.SG1.4_5M.oral_gc_rl.tsv.gz
83,472,GOY005.A0103.SG1.4_5M.oral_gc_rl.tsv.gz
84,420,GOY005.A0103.SG1.4_5M.oral_gc_rl.tsv.gz
85,389,GOY005.A0103.SG1.4_5M.oral_gc_rl.tsv.gz
86,427,GOY005.A0103.SG1.4_5M.oral_gc_rl.tsv.gz
87,349,GOY005.A0103.SG1.4_5M.oral_gc_rl.tsv.gz
88,305,GOY005.A0103.SG1.4_5M.oral_gc_rl.tsv.gz
89,306,GOY005.A0103.SG1.4_5M.oral_gc_rl.tsv.gz
90,264,GOY005.A0103.SG1.4_5M.oral_gc_rl.tsv.gz
91,238,GOY005.A0103.SG1.4_5M.oral_gc_rl.tsv.gz
92,249,GOY005.A0103.SG1.4_5M.oral_gc_rl.tsv.gz
93,190,GOY005.A0103.SG1.4_5M.oral_gc_rl.tsv.gz
94,216,GOY005.A0103.SG1.4_5M.oral_gc_rl.tsv.gz
95,155,GOY005.A0103.SG1.4_5M.oral_gc_rl.tsv.gz
96,153,GOY005.A0103.SG1.4_5M.oral_gc_rl.tsv.gz
97,154,GOY005.A0103.SG1.4_5M.oral_gc_rl.tsv.gz
98,149,GOY005.A0103.SG1.4_5M.oral_gc_rl.tsv.gz
99,149,GOY005.A0103.SG1.4_5M.oral_gc_rl.tsv.gz
100,135,GOY005.A0103.SG1.4_5M.oral_gc_rl.tsv.gz
101,104,GOY005.A0103.SG1.4_5M.oral_gc_rl.tsv.gz
102,103,GOY005.A0103.SG1.4_5M.oral_gc_rl.tsv.gz
103,88,GOY005.A0103.SG1.4_5M.oral_gc_rl.tsv.gz
104,103,GOY005.A0103.SG1.4_5M.oral_gc_rl.tsv.gz
105,77,GOY005.A0103.SG1.4_5M.oral_gc_rl.tsv.gz
106,88,GOY005.A0103.SG1.4_5M.oral_gc_rl.tsv.gz
107,74,GOY005.A0103.SG1.4_5M.oral_gc_rl.tsv.gz
108,77,GOY005.A0103.SG1.4_5M.oral_gc_rl.tsv.gz
109,54,GOY005.A0103.SG1.4_5M.oral_gc_rl.tsv.gz
110,60,GOY005.A0103.SG1.4_5M.oral_gc_rl.tsv.gz
111,60,GOY005.A0103.SG1.4_5M.oral_gc_rl.tsv.gz
112,46,GOY005.A0103.SG1.4_5M.oral_gc_rl.tsv.gz
113,51,GOY005.A0103.SG1.4_5M.oral_gc_rl.tsv.gz
114,46,GOY005.A0103.SG1.4_5M.oral_gc_rl.tsv.gz
115,49,GOY005.A0103.SG1.4_5M.oral_gc_rl.tsv.gz
116,36,GOY005.A0103.SG1.4_5M.oral_gc_rl.tsv.gz
117,53,GOY005.A0103.SG1.4_5M.oral_gc_rl.tsv.gz
118,36,GOY005.A0103.SG1.4_5M.oral_gc_rl.tsv.gz
119,32,GOY005.A0103.SG1.4_5M.oral_gc_rl.tsv.gz
120,37,GOY005.A0103.SG1.4_5M.oral_gc_rl.tsv.gz
121,28,GOY005.A0103.SG1.4_5M.oral_gc_rl.tsv.gz
122,29,GOY005.A0103.SG1.4_5M.oral_gc_rl.tsv.gz
123,21,GOY005.A0103.SG1.4_5M.oral_gc_rl.tsv.gz
124,27,GOY005.A0103.SG1.4_5M.oral_gc_rl.tsv.gz
125,32,GOY005.A0103.SG1.4_5M.oral_gc_rl.tsv.gz
126,26,GOY005.A0103.SG1.4_5M.oral_gc_rl.tsv.gz
127,15,GOY005.A0103.SG1.4_5M.oral_gc_rl.tsv.gz
128,23,GOY005.A0103.SG1.4_5M.oral_gc_rl.tsv.gz
129,19,GOY005.A0103.SG1.4_5M.oral_gc_rl.tsv.gz
130,21,GOY005.A0103.SG1.4_5M.oral_gc_rl.tsv.gz
131,17,GOY005.A0103.SG1.4_5M.oral_gc_rl.tsv.gz
132,15,GOY005.A0103.SG1.4_5M.oral_gc_rl.tsv.gz
133,22,GOY005.A0103.SG1.4_5M.oral_gc_rl.tsv.gz
134,14,GOY005.A0103.SG1.4_5M.oral_gc_rl.tsv.gz
135,14,GOY005.A0103.SG1.4_5M.oral_gc_rl.tsv.gz
136,10,GOY005.A0103.SG1.4_5M.oral_gc_rl.tsv.gz
137,11,GOY005.A0103.SG1.4_5M.oral_gc_rl.tsv.gz
138,9,GOY005.A0103.SG1.4_5M.oral_gc_rl.tsv.gz
139,11,GOY005.A0103.SG1.4_5M.oral_gc_rl.tsv.gz
140,14,GOY005.A0103.SG1.4_5M.oral_gc_rl.tsv.gz
141,5,GOY005.A0103.SG1.4_5M.oral_gc_rl.tsv.gz
36,2321,GOY006.A0101.SG1.2_5M.oral_gc_rl.tsv.gz
37,4699,GOY006.A0101.SG1.2_5M.oral_gc_rl.tsv.gz
38,5925,GOY006.A0101.SG1.2_5M.oral_gc_rl.tsv.gz
39,7468,GOY006.A0101.SG1.2_5M.oral_gc_rl.tsv.gz
40,8738,GOY006.A0101.SG1.2_5M.oral_gc_rl.tsv.gz
41,8502,GOY006.A0101.SG1.2_5M.oral_gc_rl.tsv.gz
42,8818,GOY006.A0101.SG1.2_5M.oral_gc_rl.tsv.gz
43,9271,GOY006.A0101.SG1.2_5M.oral_gc_rl.tsv.gz
44,9426,GOY006.A0101.SG1.2_5M.oral_gc_rl.tsv.gz
45,9475,GOY006.A0101.SG1.2_5M.oral_gc_rl.tsv.gz
46,9910,GOY006.A0101.SG1.2_5M.oral_gc_rl.tsv.gz
47,9658,GOY006.A0101.SG1.2_5M.oral_gc_rl.tsv.gz
48,8891,GOY006.A0101.SG1.2_5M.oral_gc_rl.tsv.gz
49,8978,GOY006.A0101.SG1.2_5M.oral_gc_rl.tsv.gz
50,8858,GOY006.A0101.SG1.2_5M.oral_gc_rl.tsv.gz
51,8995,GOY006.A0101.SG1.2_5M.oral_gc_rl.tsv.gz
52,8888,GOY006.A0101.SG1.2_5M.oral_gc_rl.tsv.gz
53,8406,GOY006.A0101.SG1.2_5M.oral_gc_rl.tsv.gz
54,8516,GOY006.A0101.SG1.2_5M.oral_gc_rl.tsv.gz
55,7874,GOY006.A0101.SG1.2_5M.oral_gc_rl.tsv.gz
56,7369,GOY006.A0101.SG1.2_5M.oral_gc_rl.tsv.gz
57,7378,GOY006.A0101.SG1.2_5M.oral_gc_rl.tsv.gz
58,7229,GOY006.A0101.SG1.2_5M.oral_gc_rl.tsv.gz
59,6823,GOY006.A0101.SG1.2_5M.oral_gc_rl.tsv.gz
60,6839,GOY006.A0101.SG1.2_5M.oral_gc_rl.tsv.gz
61,6183,GOY006.A0101.SG1.2_5M.oral_gc_rl.tsv.gz
62,6142,GOY006.A0101.SG1.2_5M.oral_gc_rl.tsv.gz
63,5871,GOY006.A0101.SG1.2_5M.oral_gc_rl.tsv.gz
64,5822,GOY006.A0101.SG1.2_5M.oral_gc_rl.tsv.gz
65,5398,GOY006.A0101.SG1.2_5M.oral_gc_rl.tsv.gz
66,5230,GOY006.A0101.SG1.2_5M.oral_gc_rl.tsv.gz
67,5128,GOY006.A0101.SG1.2_5M.oral_gc_rl.tsv.gz
68,4326,GOY006.A0101.SG1.2_5M.oral_gc_rl.tsv.gz
69,4171,GOY006.A0101.SG1.2_5M.oral_gc_rl.tsv.gz
70,4065,GOY006.A0101.SG1.2_5M.oral_gc_rl.tsv.gz
71,3833,GOY006.A0101.SG1.2_5M.oral_gc_rl.tsv.gz
72,3891,GOY006.A0101.SG1.2_5M.oral_gc_rl.tsv.gz
73,3838,GOY006.A0101.SG1.2_5M.oral_gc_rl.tsv.gz
74,3574,GOY006.A0101.SG1.2_5M.oral_gc_rl.tsv.gz
75,3971,GOY006.A0101.SG1.2_5M.oral_gc_rl.tsv.gz
76,7280,GOY006.A0101.SG1.2_5M.oral_gc_rl.tsv.gz
77,2810,GOY006.A0101.SG1.2_5M.oral_gc_rl.tsv.gz
78,2824,GOY006.A0101.SG1.2_5M.oral_gc_rl.tsv.gz
79,2736,GOY006.A0101.SG1.2_5M.oral_gc_rl.tsv.gz
80,2561,GOY006.A0101.SG1.2_5M.oral_gc_rl.tsv.gz
81,2303,GOY006.A0101.SG1.2_5M.oral_gc_rl.tsv.gz
82,2287,GOY006.A0101.SG1.2_5M.oral_gc_rl.tsv.gz
83,2017,GOY006.A0101.SG1.2_5M.oral_gc_rl.tsv.gz
84,2030,GOY006.A0101.SG1.2_5M.oral_gc_rl.tsv.gz
85,1981,GOY006.A0101.SG1.2_5M.oral_gc_rl.tsv.gz
86,1847,GOY006.A0101.SG1.2_5M.oral_gc_rl.tsv.gz
87,1837,GOY006.A0101.SG1.2_5M.oral_gc_rl.tsv.gz
88,1671,GOY006.A0101.SG1.2_5M.oral_gc_rl.tsv.gz
89,1485,GOY006.A0101.SG1.2_5M.oral_gc_rl.tsv.gz
90,1505,GOY006.A0101.SG1.2_5M.oral_gc_rl.tsv.gz
91,1445,GOY006.A0101.SG1.2_5M.oral_gc_rl.tsv.gz
92,1398,GOY006.A0101.SG1.2_5M.oral_gc_rl.tsv.gz
93,1246,GOY006.A0101.SG1.2_5M.oral_gc_rl.tsv.gz
94,1309,GOY006.A0101.SG1.2_5M.oral_gc_rl.tsv.gz
95,1138,GOY006.A0101.SG1.2_5M.oral_gc_rl.tsv.gz
96,1090,GOY006.A0101.SG1.2_5M.oral_gc_rl.tsv.gz
97,1021,GOY006.A0101.SG1.2_5M.oral_gc_rl.tsv.gz
98,1051,GOY006.A0101.SG1.2_5M.oral_gc_rl.tsv.gz
99,996,GOY006.A0101.SG1.2_5M.oral_gc_rl.tsv.gz
100,946,GOY006.A0101.SG1.2_5M.oral_gc_rl.tsv.gz
101,849,GOY006.A0101.SG1.2_5M.oral_gc_rl.tsv.gz
102,760,GOY006.A0101.SG1.2_5M.oral_gc_rl.tsv.gz
103,757,GOY006.A0101.SG1.2_5M.oral_gc_rl.tsv.gz
104,679,GOY006.A0101.SG1.2_5M.oral_gc_rl.tsv.gz
105,701,GOY006.A0101.SG1.2_5M.oral_gc_rl.tsv.gz
106,724,GOY006.A0101.SG1.2_5M.oral_gc_rl.tsv.gz
107,637,GOY006.A0101.SG1.2_5M.oral_gc_rl.tsv.gz
108,580,GOY006.A0101.SG1.2_5M.oral_gc_rl.tsv.gz
109,525,GOY006.A0101.SG1.2_5M.oral_gc_rl.tsv.gz
110,548,GOY006.A0101.SG1.2_5M.oral_gc_rl.tsv.gz
111,507,GOY006.A0101.SG1.2_5M.oral_gc_rl.tsv.gz
112,541,GOY006.A0101.SG1.2_5M.oral_gc_rl.tsv.gz
113,523,GOY006.A0101.SG1.2_5M.oral_gc_rl.tsv.gz
114,437,GOY006.A0101.SG1.2_5M.oral_gc_rl.tsv.gz
115,444,GOY006.A0101.SG1.2_5M.oral_gc_rl.tsv.gz
116,407,GOY006.A0101.SG1.2_5M.oral_gc_rl.tsv.gz
117,420,GOY006.A0101.SG1.2_5M.oral_gc_rl.tsv.gz
118,378,GOY006.A0101.SG1.2_5M.oral_gc_rl.tsv.gz
119,340,GOY006.A0101.SG1.2_5M.oral_gc_rl.tsv.gz
120,331,GOY006.A0101.SG1.2_5M.oral_gc_rl.tsv.gz
121,296,GOY006.A0101.SG1.2_5M.oral_gc_rl.tsv.gz
122,282,GOY006.A0101.SG1.2_5M.oral_gc_rl.tsv.gz
123,281,GOY006.A0101.SG1.2_5M.oral_gc_rl.tsv.gz
124,303,GOY006.A0101.SG1.2_5M.oral_gc_rl.tsv.gz
125,240,GOY006.A0101.SG1.2_5M.oral_gc_rl.tsv.gz
126,229,GOY006.A0101.SG1.2_5M.oral_gc_rl.tsv.gz
127,223,GOY006.A0101.SG1.2_5M.oral_gc_rl.tsv.gz
128,210,GOY006.A0101.SG1.2_5M.oral_gc_rl.tsv.gz
129,217,GOY006.A0101.SG1.2_5M.oral_gc_rl.tsv.gz
130,226,GOY006.A0101.SG1.2_5M.oral_gc_rl.tsv.gz
131,211,GOY006.A0101.SG1.2_5M.oral_gc_rl.tsv.gz
132,187,GOY006.A0101.SG1.2_5M.oral_gc_rl.tsv.gz
133,188,GOY006.A0101.SG1.2_5M.oral_gc_rl.tsv.gz
134,169,GOY006.A0101.SG1.2_5M.oral_gc_rl.tsv.gz
135,169,GOY006.A0101.SG1.2_5M.oral_gc_rl.tsv.gz
136,166,GOY006.A0101.SG1.2_5M.oral_gc_rl.tsv.gz
137,141,GOY006.A0101.SG1.2_5M.oral_gc_rl.tsv.gz
138,132,GOY006.A0101.SG1.2_5M.oral_gc_rl.tsv.gz
139,131,GOY006.A0101.SG1.2_5M.oral_gc_rl.tsv.gz
140,141,GOY006.A0101.SG1.2_5M.oral_gc_rl.tsv.gz
141,130,GOY006.A0101.SG1.2_5M.oral_gc_rl.tsv.gz
36,3188,GOY006.A0102.SG1.5_5M.oral_gc_rl.tsv.gz
37,5730,GOY006.A0102.SG1.5_5M.oral_gc_rl.tsv.gz
38,7621,GOY006.A0102.SG1.5_5M.oral_gc_rl.tsv.gz
39,8686,GOY006.A0102.SG1.5_5M.oral_gc_rl.tsv.gz
40,9415,GOY006.A0102.SG1.5_5M.oral_gc_rl.tsv.gz
41,9212,GOY006.A0102.SG1.5_5M.oral_gc_rl.tsv.gz
42,8939,GOY006.A0102.SG1.5_5M.oral_gc_rl.tsv.gz
43,9209,GOY006.A0102.SG1.5_5M.oral_gc_rl.tsv.gz
44,9117,GOY006.A0102.SG1.5_5M.oral_gc_rl.tsv.gz
45,8990,GOY006.A0102.SG1.5_5M.oral_gc_rl.tsv.gz
46,8680,GOY006.A0102.SG1.5_5M.oral_gc_rl.tsv.gz
47,8611,GOY006.A0102.SG1.5_5M.oral_gc_rl.tsv.gz
48,7598,GOY006.A0102.SG1.5_5M.oral_gc_rl.tsv.gz
49,7423,GOY006.A0102.SG1.5_5M.oral_gc_rl.tsv.gz
50,7232,GOY006.A0102.SG1.5_5M.oral_gc_rl.tsv.gz
51,6832,GOY006.A0102.SG1.5_5M.oral_gc_rl.tsv.gz
52,6470,GOY006.A0102.SG1.5_5M.oral_gc_rl.tsv.gz
53,6353,GOY006.A0102.SG1.5_5M.oral_gc_rl.tsv.gz
54,5878,GOY006.A0102.SG1.5_5M.oral_gc_rl.tsv.gz
55,5326,GOY006.A0102.SG1.5_5M.oral_gc_rl.tsv.gz
56,5157,GOY006.A0102.SG1.5_5M.oral_gc_rl.tsv.gz
57,4760,GOY006.A0102.SG1.5_5M.oral_gc_rl.tsv.gz
58,4515,GOY006.A0102.SG1.5_5M.oral_gc_rl.tsv.gz
59,4407,GOY006.A0102.SG1.5_5M.oral_gc_rl.tsv.gz
60,4138,GOY006.A0102.SG1.5_5M.oral_gc_rl.tsv.gz
61,3552,GOY006.A0102.SG1.5_5M.oral_gc_rl.tsv.gz
62,3435,GOY006.A0102.SG1.5_5M.oral_gc_rl.tsv.gz
63,3176,GOY006.A0102.SG1.5_5M.oral_gc_rl.tsv.gz
64,3053,GOY006.A0102.SG1.5_5M.oral_gc_rl.tsv.gz
65,2976,GOY006.A0102.SG1.5_5M.oral_gc_rl.tsv.gz
66,2811,GOY006.A0102.SG1.5_5M.oral_gc_rl.tsv.gz
67,2562,GOY006.A0102.SG1.5_5M.oral_gc_rl.tsv.gz
68,2288,GOY006.A0102.SG1.5_5M.oral_gc_rl.tsv.gz
69,1999,GOY006.A0102.SG1.5_5M.oral_gc_rl.tsv.gz
70,2030,GOY006.A0102.SG1.5_5M.oral_gc_rl.tsv.gz
71,1871,GOY006.A0102.SG1.5_5M.oral_gc_rl.tsv.gz
72,1684,GOY006.A0102.SG1.5_5M.oral_gc_rl.tsv.gz
73,1669,GOY006.A0102.SG1.5_5M.oral_gc_rl.tsv.gz
74,1576,GOY006.A0102.SG1.5_5M.oral_gc_rl.tsv.gz
75,1379,GOY006.A0102.SG1.5_5M.oral_gc_rl.tsv.gz
76,1975,GOY006.A0102.SG1.5_5M.oral_gc_rl.tsv.gz
77,1227,GOY006.A0102.SG1.5_5M.oral_gc_rl.tsv.gz
78,1097,GOY006.A0102.SG1.5_5M.oral_gc_rl.tsv.gz
79,1001,GOY006.A0102.SG1.5_5M.oral_gc_rl.tsv.gz
80,1017,GOY006.A0102.SG1.5_5M.oral_gc_rl.tsv.gz
81,833,GOY006.A0102.SG1.5_5M.oral_gc_rl.tsv.gz
82,852,GOY006.A0102.SG1.5_5M.oral_gc_rl.tsv.gz
83,709,GOY006.A0102.SG1.5_5M.oral_gc_rl.tsv.gz
84,723,GOY006.A0102.SG1.5_5M.oral_gc_rl.tsv.gz
85,608,GOY006.A0102.SG1.5_5M.oral_gc_rl.tsv.gz
86,625,GOY006.A0102.SG1.5_5M.oral_gc_rl.tsv.gz
87,645,GOY006.A0102.SG1.5_5M.oral_gc_rl.tsv.gz
88,571,GOY006.A0102.SG1.5_5M.oral_gc_rl.tsv.gz
89,481,GOY006.A0102.SG1.5_5M.oral_gc_rl.tsv.gz
90,500,GOY006.A0102.SG1.5_5M.oral_gc_rl.tsv.gz
91,432,GOY006.A0102.SG1.5_5M.oral_gc_rl.tsv.gz
92,456,GOY006.A0102.SG1.5_5M.oral_gc_rl.tsv.gz
93,406,GOY006.A0102.SG1.5_5M.oral_gc_rl.tsv.gz
94,387,GOY006.A0102.SG1.5_5M.oral_gc_rl.tsv.gz
95,322,GOY006.A0102.SG1.5_5M.oral_gc_rl.tsv.gz
96,312,GOY006.A0102.SG1.5_5M.oral_gc_rl.tsv.gz
97,335,GOY006.A0102.SG1.5_5M.oral_gc_rl.tsv.gz
98,283,GOY006.A0102.SG1.5_5M.oral_gc_rl.tsv.gz
99,291,GOY006.A0102.SG1.5_5M.oral_gc_rl.tsv.gz
100,241,GOY006.A0102.SG1.5_5M.oral_gc_rl.tsv.gz
101,232,GOY006.A0102.SG1.5_5M.oral_gc_rl.tsv.gz
102,210,GOY006.A0102.SG1.5_5M.oral_gc_rl.tsv.gz
103,180,GOY006.A0102.SG1.5_5M.oral_gc_rl.tsv.gz
104,204,GOY006.A0102.SG1.5_5M.oral_gc_rl.tsv.gz
105,162,GOY006.A0102.SG1.5_5M.oral_gc_rl.tsv.gz
106,171,GOY006.A0102.SG1.5_5M.oral_gc_rl.tsv.gz
107,174,GOY006.A0102.SG1.5_5M.oral_gc_rl.tsv.gz
108,143,GOY006.A0102.SG1.5_5M.oral_gc_rl.tsv.gz
109,131,GOY006.A0102.SG1.5_5M.oral_gc_rl.tsv.gz
110,128,GOY006.A0102.SG1.5_5M.oral_gc_rl.tsv.gz
111,102,GOY006.A0102.SG1.5_5M.oral_gc_rl.tsv.gz
112,104,GOY006.A0102.SG1.5_5M.oral_gc_rl.tsv.gz
113,92,GOY006.A0102.SG1.5_5M.oral_gc_rl.tsv.gz
114,111,GOY006.A0102.SG1.5_5M.oral_gc_rl.tsv.gz
115,117,GOY006.A0102.SG1.5_5M.oral_gc_rl.tsv.gz
116,85,GOY006.A0102.SG1.5_5M.oral_gc_rl.tsv.gz
117,97,GOY006.A0102.SG1.5_5M.oral_gc_rl.tsv.gz
118,75,GOY006.A0102.SG1.5_5M.oral_gc_rl.tsv.gz
119,84,GOY006.A0102.SG1.5_5M.oral_gc_rl.tsv.gz
120,62,GOY006.A0102.SG1.5_5M.oral_gc_rl.tsv.gz
121,70,GOY006.A0102.SG1.5_5M.oral_gc_rl.tsv.gz
122,52,GOY006.A0102.SG1.5_5M.oral_gc_rl.tsv.gz
123,67,GOY006.A0102.SG1.5_5M.oral_gc_rl.tsv.gz
124,56,GOY006.A0102.SG1.5_5M.oral_gc_rl.tsv.gz
125,41,GOY006.A0102.SG1.5_5M.oral_gc_rl.tsv.gz
126,47,GOY006.A0102.SG1.5_5M.oral_gc_rl.tsv.gz
127,56,GOY006.A0102.SG1.5_5M.oral_gc_rl.tsv.gz
128,40,GOY006.A0102.SG1.5_5M.oral_gc_rl.tsv.gz
129,33,GOY006.A0102.SG1.5_5M.oral_gc_rl.tsv.gz
130,27,GOY006.A0102.SG1.5_5M.oral_gc_rl.tsv.gz
131,45,GOY006.A0102.SG1.5_5M.oral_gc_rl.tsv.gz
132,37,GOY006.A0102.SG1.5_5M.oral_gc_rl.tsv.gz
133,36,GOY006.A0102.SG1.5_5M.oral_gc_rl.tsv.gz
134,27,GOY006.A0102.SG1.5_5M.oral_gc_rl.tsv.gz
135,34,GOY006.A0102.SG1.5_5M.oral_gc_rl.tsv.gz
136,43,GOY006.A0102.SG1.5_5M.oral_gc_rl.tsv.gz
137,27,GOY006.A0102.SG1.5_5M.oral_gc_rl.tsv.gz
138,26,GOY006.A0102.SG1.5_5M.oral_gc_rl.tsv.gz
139,19,GOY006.A0102.SG1.5_5M.oral_gc_rl.tsv.gz
140,16,GOY006.A0102.SG1.5_5M.oral_gc_rl.tsv.gz
141,23,GOY006.A0102.SG1.5_5M.oral_gc_rl.tsv.gz
36,1177,PES001.B0101.SG1.3_5M.oral_gc_rl.tsv.gz
37,2464,PES001.B0101.SG1.3_5M.oral_gc_rl.tsv.gz
38,3455,PES001.B0101.SG1.3_5M.oral_gc_rl.tsv.gz
39,4607,PES001.B0101.SG1.3_5M.oral_gc_rl.tsv.gz
40,5518,PES001.B0101.SG1.3_5M.oral_gc_rl.tsv.gz
41,5520,PES001.B0101.SG1.3_5M.oral_gc_rl.tsv.gz
42,6273,PES001.B0101.SG1.3_5M.oral_gc_rl.tsv.gz
43,6691,PES001.B0101.SG1.3_5M.oral_gc_rl.tsv.gz
44,7053,PES001.B0101.SG1.3_5M.oral_gc_rl.tsv.gz
45,7810,PES001.B0101.SG1.3_5M.oral_gc_rl.tsv.gz
46,8223,PES001.B0101.SG1.3_5M.oral_gc_rl.tsv.gz
47,8314,PES001.B0101.SG1.3_5M.oral_gc_rl.tsv.gz
48,8394,PES001.B0101.SG1.3_5M.oral_gc_rl.tsv.gz
49,8492,PES001.B0101.SG1.3_5M.oral_gc_rl.tsv.gz
50,8285,PES001.B0101.SG1.3_5M.oral_gc_rl.tsv.gz
51,9006,PES001.B0101.SG1.3_5M.oral_gc_rl.tsv.gz
52,9065,PES001.B0101.SG1.3_5M.oral_gc_rl.tsv.gz
53,9145,PES001.B0101.SG1.3_5M.oral_gc_rl.tsv.gz
54,9433,PES001.B0101.SG1.3_5M.oral_gc_rl.tsv.gz
55,9196,PES001.B0101.SG1.3_5M.oral_gc_rl.tsv.gz
56,8681,PES001.B0101.SG1.3_5M.oral_gc_rl.tsv.gz
57,9130,PES001.B0101.SG1.3_5M.oral_gc_rl.tsv.gz
58,9293,PES001.B0101.SG1.3_5M.oral_gc_rl.tsv.gz
59,9234,PES001.B0101.SG1.3_5M.oral_gc_rl.tsv.gz
60,9471,PES001.B0101.SG1.3_5M.oral_gc_rl.tsv.gz
61,8893,PES001.B0101.SG1.3_5M.oral_gc_rl.tsv.gz
62,8878,PES001.B0101.SG1.3_5M.oral_gc_rl.tsv.gz
63,9111,PES001.B0101.SG1.3_5M.oral_gc_rl.tsv.gz
64,9129,PES001.B0101.SG1.3_5M.oral_gc_rl.tsv.gz
65,8747,PES001.B0101.SG1.3_5M.oral_gc_rl.tsv.gz
66,9246,PES001.B0101.SG1.3_5M.oral_gc_rl.tsv.gz
67,9168,PES001.B0101.SG1.3_5M.oral_gc_rl.tsv.gz
68,7575,PES001.B0101.SG1.3_5M.oral_gc_rl.tsv.gz
69,7943,PES001.B0101.SG1.3_5M.oral_gc_rl.tsv.gz
70,7944,PES001.B0101.SG1.3_5M.oral_gc_rl.tsv.gz
71,8171,PES001.B0101.SG1.3_5M.oral_gc_rl.tsv.gz
72,9431,PES001.B0101.SG1.3_5M.oral_gc_rl.tsv.gz
73,11446,PES001.B0101.SG1.3_5M.oral_gc_rl.tsv.gz
74,9300,PES001.B0101.SG1.3_5M.oral_gc_rl.tsv.gz
75,21608,PES001.B0101.SG1.3_5M.oral_gc_rl.tsv.gz
76,79135,PES001.B0101.SG1.3_5M.oral_gc_rl.tsv.gz
77,6845,PES001.B0101.SG1.3_5M.oral_gc_rl.tsv.gz
78,6903,PES001.B0101.SG1.3_5M.oral_gc_rl.tsv.gz
79,6827,PES001.B0101.SG1.3_5M.oral_gc_rl.tsv.gz
80,6597,PES001.B0101.SG1.3_5M.oral_gc_rl.tsv.gz
81,6096,PES001.B0101.SG1.3_5M.oral_gc_rl.tsv.gz
82,6124,PES001.B0101.SG1.3_5M.oral_gc_rl.tsv.gz
83,5734,PES001.B0101.SG1.3_5M.oral_gc_rl.tsv.gz
84,6095,PES001.B0101.SG1.3_5M.oral_gc_rl.tsv.gz
85,5987,PES001.B0101.SG1.3_5M.oral_gc_rl.tsv.gz
86,5755,PES001.B0101.SG1.3_5M.oral_gc_rl.tsv.gz
87,5838,PES001.B0101.SG1.3_5M.oral_gc_rl.tsv.gz
88,5388,PES001.B0101.SG1.3_5M.oral_gc_rl.tsv.gz
89,5135,PES001.B0101.SG1.3_5M.oral_gc_rl.tsv.gz
90,5330,PES001.B0101.SG1.3_5M.oral_gc_rl.tsv.gz
91,5283,PES001.B0101.SG1.3_5M.oral_gc_rl.tsv.gz
92,4925,PES001.B0101.SG1.3_5M.oral_gc_rl.tsv.gz
93,5164,PES001.B0101.SG1.3_5M.oral_gc_rl.tsv.gz
94,4991,PES001.B0101.SG1.3_5M.oral_gc_rl.tsv.gz
95,4482,PES001.B0101.SG1.3_5M.oral_gc_rl.tsv.gz
96,4577,PES001.B0101.SG1.3_5M.oral_gc_rl.tsv.gz
97,4511,PES001.B0101.SG1.3_5M.oral_gc_rl.tsv.gz
98,4254,PES001.B0101.SG1.3_5M.oral_gc_rl.tsv.gz
99,4214,PES001.B0101.SG1.3_5M.oral_gc_rl.tsv.gz
100,4274,PES001.B0101.SG1.3_5M.oral_gc_rl.tsv.gz
101,3701,PES001.B0101.SG1.3_5M.oral_gc_rl.tsv.gz
102,3642,PES001.B0101.SG1.3_5M.oral_gc_rl.tsv.gz
103,3660,PES001.B0101.SG1.3_5M.oral_gc_rl.tsv.gz
104,3653,PES001.B0101.SG1.3_5M.oral_gc_rl.tsv.gz
105,3620,PES001.B0101.SG1.3_5M.oral_gc_rl.tsv.gz
106,3556,PES001.B0101.SG1.3_5M.oral_gc_rl.tsv.gz
107,3421,PES001.B0101.SG1.3_5M.oral_gc_rl.tsv.gz
108,3244,PES001.B0101.SG1.3_5M.oral_gc_rl.tsv.gz
109,3182,PES001.B0101.SG1.3_5M.oral_gc_rl.tsv.gz
110,2951,PES001.B0101.SG1.3_5M.oral_gc_rl.tsv.gz
111,2971,PES001.B0101.SG1.3_5M.oral_gc_rl.tsv.gz
112,3044,PES001.B0101.SG1.3_5M.oral_gc_rl.tsv.gz
113,2942,PES001.B0101.SG1.3_5M.oral_gc_rl.tsv.gz
114,3051,PES001.B0101.SG1.3_5M.oral_gc_rl.tsv.gz
115,2691,PES001.B0101.SG1.3_5M.oral_gc_rl.tsv.gz
116,2578,PES001.B0101.SG1.3_5M.oral_gc_rl.tsv.gz
117,2584,PES001.B0101.SG1.3_5M.oral_gc_rl.tsv.gz
118,2527,PES001.B0101.SG1.3_5M.oral_gc_rl.tsv.gz
119,2417,PES001.B0101.SG1.3_5M.oral_gc_rl.tsv.gz
120,2432,PES001.B0101.SG1.3_5M.oral_gc_rl.tsv.gz
121,2218,PES001.B0101.SG1.3_5M.oral_gc_rl.tsv.gz
122,2174,PES001.B0101.SG1.3_5M.oral_gc_rl.tsv.gz
123,2113,PES001.B0101.SG1.3_5M.oral_gc_rl.tsv.gz
124,2230,PES001.B0101.SG1.3_5M.oral_gc_rl.tsv.gz
125,2082,PES001.B0101.SG1.3_5M.oral_gc_rl.tsv.gz
126,2023,PES001.B0101.SG1.3_5M.oral_gc_rl.tsv.gz
127,2093,PES001.B0101.SG1.3_5M.oral_gc_rl.tsv.gz
128,1820,PES001.B0101.SG1.3_5M.oral_gc_rl.tsv.gz
129,1764,PES001.B0101.SG1.3_5M.oral_gc_rl.tsv.gz
130,1816,PES001.B0101.SG1.3_5M.oral_gc_rl.tsv.gz
131,1769,PES001.B0101.SG1.3_5M.oral_gc_rl.tsv.gz
132,1701,PES001.B0101.SG1.3_5M.oral_gc_rl.tsv.gz
133,1682,PES001.B0101.SG1.3_5M.oral_gc_rl.tsv.gz
134,1555,PES001.B0101.SG1.3_5M.oral_gc_rl.tsv.gz
135,1535,PES001.B0101.SG1.3_5M.oral_gc_rl.tsv.gz
136,1487,PES001.B0101.SG1.3_5M.oral_gc_rl.tsv.gz
137,1458,PES001.B0101.SG1.3_5M.oral_gc_rl.tsv.gz
138,1388,PES001.B0101.SG1.3_5M.oral_gc_rl.tsv.gz
139,1342,PES001.B0101.SG1.3_5M.oral_gc_rl.tsv.gz
140,1326,PES001.B0101.SG1.3_5M.oral_gc_rl.tsv.gz
141,1228,PES001.B0101.SG1.3_5M.oral_gc_rl.tsv.gz
36,2907,PES001.B0102.SG1.5_5M.oral_gc_rl.tsv.gz
37,5570,PES001.B0102.SG1.5_5M.oral_gc_rl.tsv.gz
38,7558,PES001.B0102.SG1.5_5M.oral_gc_rl.tsv.gz
39,8980,PES001.B0102.SG1.5_5M.oral_gc_rl.tsv.gz
40,10252,PES001.B0102.SG1.5_5M.oral_gc_rl.tsv.gz
41,10183,PES001.B0102.SG1.5_5M.oral_gc_rl.tsv.gz
42,10071,PES001.B0102.SG1.5_5M.oral_gc_rl.tsv.gz
43,10858,PES001.B0102.SG1.5_5M.oral_gc_rl.tsv.gz
44,11053,PES001.B0102.SG1.5_5M.oral_gc_rl.tsv.gz
45,10783,PES001.B0102.SG1.5_5M.oral_gc_rl.tsv.gz
46,10978,PES001.B0102.SG1.5_5M.oral_gc_rl.tsv.gz
47,11042,PES001.B0102.SG1.5_5M.oral_gc_rl.tsv.gz
48,10006,PES001.B0102.SG1.5_5M.oral_gc_rl.tsv.gz
49,10244,PES001.B0102.SG1.5_5M.oral_gc_rl.tsv.gz
50,10079,PES001.B0102.SG1.5_5M.oral_gc_rl.tsv.gz
51,9924,PES001.B0102.SG1.5_5M.oral_gc_rl.tsv.gz
52,9820,PES001.B0102.SG1.5_5M.oral_gc_rl.tsv.gz
53,10037,PES001.B0102.SG1.5_5M.oral_gc_rl.tsv.gz
54,9498,PES001.B0102.SG1.5_5M.oral_gc_rl.tsv.gz
55,9033,PES001.B0102.SG1.5_5M.oral_gc_rl.tsv.gz
56,8872,PES001.B0102.SG1.5_5M.oral_gc_rl.tsv.gz
57,8413,PES001.B0102.SG1.5_5M.oral_gc_rl.tsv.gz
58,8521,PES001.B0102.SG1.5_5M.oral_gc_rl.tsv.gz
59,8572,PES001.B0102.SG1.5_5M.oral_gc_rl.tsv.gz
60,8032,PES001.B0102.SG1.5_5M.oral_gc_rl.tsv.gz
61,7565,PES001.B0102.SG1.5_5M.oral_gc_rl.tsv.gz
62,7428,PES001.B0102.SG1.5_5M.oral_gc_rl.tsv.gz
63,7191,PES001.B0102.SG1.5_5M.oral_gc_rl.tsv.gz
64,7145,PES001.B0102.SG1.5_5M.oral_gc_rl.tsv.gz
65,7004,PES001.B0102.SG1.5_5M.oral_gc_rl.tsv.gz
66,6774,PES001.B0102.SG1.5_5M.oral_gc_rl.tsv.gz
67,6796,PES001.B0102.SG1.5_5M.oral_gc_rl.tsv.gz
68,5845,PES001.B0102.SG1.5_5M.oral_gc_rl.tsv.gz
69,5638,PES001.B0102.SG1.5_5M.oral_gc_rl.tsv.gz
70,5567,PES001.B0102.SG1.5_5M.oral_gc_rl.tsv.gz
71,5859,PES001.B0102.SG1.5_5M.oral_gc_rl.tsv.gz
72,6076,PES001.B0102.SG1.5_5M.oral_gc_rl.tsv.gz
73,7785,PES001.B0102.SG1.5_5M.oral_gc_rl.tsv.gz
74,5440,PES001.B0102.SG1.5_5M.oral_gc_rl.tsv.gz
75,6254,PES001.B0102.SG1.5_5M.oral_gc_rl.tsv.gz
76,25187,PES001.B0102.SG1.5_5M.oral_gc_rl.tsv.gz
77,4454,PES001.B0102.SG1.5_5M.oral_gc_rl.tsv.gz
78,4284,PES001.B0102.SG1.5_5M.oral_gc_rl.tsv.gz
79,4279,PES001.B0102.SG1.5_5M.oral_gc_rl.tsv.gz
80,4210,PES001.B0102.SG1.5_5M.oral_gc_rl.tsv.gz
81,3583,PES001.B0102.SG1.5_5M.oral_gc_rl.tsv.gz
82,3513,PES001.B0102.SG1.5_5M.oral_gc_rl.tsv.gz
83,3567,PES001.B0102.SG1.5_5M.oral_gc_rl.tsv.gz
84,3213,PES001.B0102.SG1.5_5M.oral_gc_rl.tsv.gz
85,3294,PES001.B0102.SG1.5_5M.oral_gc_rl.tsv.gz
86,3115,PES001.B0102.SG1.5_5M.oral_gc_rl.tsv.gz
87,3034,PES001.B0102.SG1.5_5M.oral_gc_rl.tsv.gz
88,2892,PES001.B0102.SG1.5_5M.oral_gc_rl.tsv.gz
89,2811,PES001.B0102.SG1.5_5M.oral_gc_rl.tsv.gz
90,2563,PES001.B0102.SG1.5_5M.oral_gc_rl.tsv.gz
91,2594,PES001.B0102.SG1.5_5M.oral_gc_rl.tsv.gz
92,2562,PES001.B0102.SG1.5_5M.oral_gc_rl.tsv.gz
93,2540,PES001.B0102.SG1.5_5M.oral_gc_rl.tsv.gz
94,2470,PES001.B0102.SG1.5_5M.oral_gc_rl.tsv.gz
95,2184,PES001.B0102.SG1.5_5M.oral_gc_rl.tsv.gz
96,2040,PES001.B0102.SG1.5_5M.oral_gc_rl.tsv.gz
97,2132,PES001.B0102.SG1.5_5M.oral_gc_rl.tsv.gz
98,2035,PES001.B0102.SG1.5_5M.oral_gc_rl.tsv.gz
99,1895,PES001.B0102.SG1.5_5M.oral_gc_rl.tsv.gz
100,2002,PES001.B0102.SG1.5_5M.oral_gc_rl.tsv.gz
101,1754,PES001.B0102.SG1.5_5M.oral_gc_rl.tsv.gz
102,1608,PES001.B0102.SG1.5_5M.oral_gc_rl.tsv.gz
103,1684,PES001.B0102.SG1.5_5M.oral_gc_rl.tsv.gz
104,1604,PES001.B0102.SG1.5_5M.oral_gc_rl.tsv.gz
105,1474,PES001.B0102.SG1.5_5M.oral_gc_rl.tsv.gz
106,1515,PES001.B0102.SG1.5_5M.oral_gc_rl.tsv.gz
107,1441,PES001.B0102.SG1.5_5M.oral_gc_rl.tsv.gz
108,1292,PES001.B0102.SG1.5_5M.oral_gc_rl.tsv.gz
109,1319,PES001.B0102.SG1.5_5M.oral_gc_rl.tsv.gz
110,1269,PES001.B0102.SG1.5_5M.oral_gc_rl.tsv.gz
111,1221,PES001.B0102.SG1.5_5M.oral_gc_rl.tsv.gz
112,1178,PES001.B0102.SG1.5_5M.oral_gc_rl.tsv.gz
113,1206,PES001.B0102.SG1.5_5M.oral_gc_rl.tsv.gz
114,1077,PES001.B0102.SG1.5_5M.oral_gc_rl.tsv.gz
115,1037,PES001.B0102.SG1.5_5M.oral_gc_rl.tsv.gz
116,971,PES001.B0102.SG1.5_5M.oral_gc_rl.tsv.gz
117,972,PES001.B0102.SG1.5_5M.oral_gc_rl.tsv.gz
118,910,PES001.B0102.SG1.5_5M.oral_gc_rl.tsv.gz
119,973,PES001.B0102.SG1.5_5M.oral_gc_rl.tsv.gz
120,837,PES001.B0102.SG1.5_5M.oral_gc_rl.tsv.gz
121,796,PES001.B0102.SG1.5_5M.oral_gc_rl.tsv.gz
122,821,PES001.B0102.SG1.5_5M.oral_gc_rl.tsv.gz
123,739,PES001.B0102.SG1.5_5M.oral_gc_rl.tsv.gz
124,733,PES001.B0102.SG1.5_5M.oral_gc_rl.tsv.gz
125,723,PES001.B0102.SG1.5_5M.oral_gc_rl.tsv.gz
126,724,PES001.B0102.SG1.5_5M.oral_gc_rl.tsv.gz
127,724,PES001.B0102.SG1.5_5M.oral_gc_rl.tsv.gz
128,658,PES001.B0102.SG1.5_5M.oral_gc_rl.tsv.gz
129,557,PES001.B0102.SG1.5_5M.oral_gc_rl.tsv.gz
130,638,PES001.B0102.SG1.5_5M.oral_gc_rl.tsv.gz
131,580,PES001.B0102.SG1.5_5M.oral_gc_rl.tsv.gz
132,564,PES001.B0102.SG1.5_5M.oral_gc_rl.tsv.gz
133,638,PES001.B0102.SG1.5_5M.oral_gc_rl.tsv.gz
134,566,PES001.B0102.SG1.5_5M.oral_gc_rl.tsv.gz
135,474,PES001.B0102.SG1.5_5M.oral_gc_rl.tsv.gz
136,494,PES001.B0102.SG1.5_5M.oral_gc_rl.tsv.gz
137,462,PES001.B0102.SG1.5_5M.oral_gc_rl.tsv.gz
138,440,PES001.B0102.SG1.5_5M.oral_gc_rl.tsv.gz
139,390,PES001.B0102.SG1.5_5M.oral_gc_rl.tsv.gz
140,419,PES001.B0102.SG1.5_5M.oral_gc_rl.tsv.gz
141,305,PES001.B0102.SG1.5_5M.oral_gc_rl.tsv.gz
36,2619,VLD001.A0101.SG1.1_5M.oral_gc_rl.tsv.gz
37,5273,VLD001.A0101.SG1.1_5M.oral_gc_rl.tsv.gz
38,7248,VLD001.A0101.SG1.1_5M.oral_gc_rl.tsv.gz
39,8632,VLD001.A0101.SG1.1_5M.oral_gc_rl.tsv.gz
40,10061,VLD001.A0101.SG1.1_5M.oral_gc_rl.tsv.gz
41,9913,VLD001.A0101.SG1.1_5M.oral_gc_rl.tsv.gz
42,10471,VLD001.A0101.SG1.1_5M.oral_gc_rl.tsv.gz
43,10710,VLD001.A0101.SG1.1_5M.oral_gc_rl.tsv.gz
44,11076,VLD001.A0101.SG1.1_5M.oral_gc_rl.tsv.gz
45,11152,VLD001.A0101.SG1.1_5M.oral_gc_rl.tsv.gz
46,11154,VLD001.A0101.SG1.1_5M.oral_gc_rl.tsv.gz
47,11154,VLD001.A0101.SG1.1_5M.oral_gc_rl.tsv.gz
48,10573,VLD001.A0101.SG1.1_5M.oral_gc_rl.tsv.gz
49,10499,VLD001.A0101.SG1.1_5M.oral_gc_rl.tsv.gz
50,10236,VLD001.A0101.SG1.1_5M.oral_gc_rl.tsv.gz
51,10202,VLD001.A0101.SG1.1_5M.oral_gc_rl.tsv.gz
52,10208,VLD001.A0101.SG1.1_5M.oral_gc_rl.tsv.gz
53,9841,VLD001.A0101.SG1.1_5M.oral_gc_rl.tsv.gz
54,9662,VLD001.A0101.SG1.1_5M.oral_gc_rl.tsv.gz
55,9161,VLD001.A0101.SG1.1_5M.oral_gc_rl.tsv.gz
56,8709,VLD001.A0101.SG1.1_5M.oral_gc_rl.tsv.gz
57,8559,VLD001.A0101.SG1.1_5M.oral_gc_rl.tsv.gz
58,8458,VLD001.A0101.SG1.1_5M.oral_gc_rl.tsv.gz
59,7894,VLD001.A0101.SG1.1_5M.oral_gc_rl.tsv.gz
60,7797,VLD001.A0101.SG1.1_5M.oral_gc_rl.tsv.gz
61,7305,VLD001.A0101.SG1.1_5M.oral_gc_rl.tsv.gz
62,6870,VLD001.A0101.SG1.1_5M.oral_gc_rl.tsv.gz
63,6876,VLD001.A0101.SG1.1_5M.oral_gc_rl.tsv.gz
64,6614,VLD001.A0101.SG1.1_5M.oral_gc_rl.tsv.gz
65,6396,VLD001.A0101.SG1.1_5M.oral_gc_rl.tsv.gz
66,6452,VLD001.A0101.SG1.1_5M.oral_gc_rl.tsv.gz
67,6079,VLD001.A0101.SG1.1_5M.oral_gc_rl.tsv.gz
68,5150,VLD001.A0101.SG1.1_5M.oral_gc_rl.tsv.gz
69,5204,VLD001.A0101.SG1.1_5M.oral_gc_rl.tsv.gz
70,4977,VLD001.A0101.SG1.1_5M.oral_gc_rl.tsv.gz
71,4953,VLD001.A0101.SG1.1_5M.oral_gc_rl.tsv.gz
72,4830,VLD001.A0101.SG1.1_5M.oral_gc_rl.tsv.gz
73,4820,VLD001.A0101.SG1.1_5M.oral_gc_rl.tsv.gz
74,4754,VLD001.A0101.SG1.1_5M.oral_gc_rl.tsv.gz
75,5849,VLD001.A0101.SG1.1_5M.oral_gc_rl.tsv.gz
76,9231,VLD001.A0101.SG1.1_5M.oral_gc_rl.tsv.gz
77,3595,VLD001.A0101.SG1.1_5M.oral_gc_rl.tsv.gz
78,3585,VLD001.A0101.SG1.1_5M.oral_gc_rl.tsv.gz
79,3383,VLD001.A0101.SG1.1_5M.oral_gc_rl.tsv.gz
80,3185,VLD001.A0101.SG1.1_5M.oral_gc_rl.tsv.gz
81,2798,VLD001.A0101.SG1.1_5M.oral_gc_rl.tsv.gz
82,2692,VLD001.A0101.SG1.1_5M.oral_gc_rl.tsv.gz
83,2641,VLD001.A0101.SG1.1_5M.oral_gc_rl.tsv.gz
84,2621,VLD001.A0101.SG1.1_5M.oral_gc_rl.tsv.gz
85,2537,VLD001.A0101.SG1.1_5M.oral_gc_rl.tsv.gz
86,2408,VLD001.A0101.SG1.1_5M.oral_gc_rl.tsv.gz
87,2280,VLD001.A0101.SG1.1_5M.oral_gc_rl.tsv.gz
88,2199,VLD001.A0101.SG1.1_5M.oral_gc_rl.tsv.gz
89,2009,VLD001.A0101.SG1.1_5M.oral_gc_rl.tsv.gz
90,1938,VLD001.A0101.SG1.1_5M.oral_gc_rl.tsv.gz
91,1887,VLD001.A0101.SG1.1_5M.oral_gc_rl.tsv.gz
92,1916,VLD001.A0101.SG1.1_5M.oral_gc_rl.tsv.gz
93,1783,VLD001.A0101.SG1.1_5M.oral_gc_rl.tsv.gz
94,1651,VLD001.A0101.SG1.1_5M.oral_gc_rl.tsv.gz
95,1565,VLD001.A0101.SG1.1_5M.oral_gc_rl.tsv.gz
96,1484,VLD001.A0101.SG1.1_5M.oral_gc_rl.tsv.gz
97,1372,VLD001.A0101.SG1.1_5M.oral_gc_rl.tsv.gz
98,1396,VLD001.A0101.SG1.1_5M.oral_gc_rl.tsv.gz
99,1317,VLD001.A0101.SG1.1_5M.oral_gc_rl.tsv.gz
100,1283,VLD001.A0101.SG1.1_5M.oral_gc_rl.tsv.gz
101,1116,VLD001.A0101.SG1.1_5M.oral_gc_rl.tsv.gz
102,1044,VLD001.A0101.SG1.1_5M.oral_gc_rl.tsv.gz
103,1097,VLD001.A0101.SG1.1_5M.oral_gc_rl.tsv.gz
104,1056,VLD001.A0101.SG1.1_5M.oral_gc_rl.tsv.gz
105,1004,VLD001.A0101.SG1.1_5M.oral_gc_rl.tsv.gz
106,896,VLD001.A0101.SG1.1_5M.oral_gc_rl.tsv.gz
107,887,VLD001.A0101.SG1.1_5M.oral_gc_rl.tsv.gz
108,819,VLD001.A0101.SG1.1_5M.oral_gc_rl.tsv.gz
109,826,VLD001.A0101.SG1.1_5M.oral_gc_rl.tsv.gz
110,726,VLD001.A0101.SG1.1_5M.oral_gc_rl.tsv.gz
111,743,VLD001.A0101.SG1.1_5M.oral_gc_rl.tsv.gz
112,658,VLD001.A0101.SG1.1_5M.oral_gc_rl.tsv.gz
113,690,VLD001.A0101.SG1.1_5M.oral_gc_rl.tsv.gz
114,656,VLD001.A0101.SG1.1_5M.oral_gc_rl.tsv.gz
115,594,VLD001.A0101.SG1.1_5M.oral_gc_rl.tsv.gz
116,564,VLD001.A0101.SG1.1_5M.oral_gc_rl.tsv.gz
117,537,VLD001.A0101.SG1.1_5M.oral_gc_rl.tsv.gz
118,553,VLD001.A0101.SG1.1_5M.oral_gc_rl.tsv.gz
119,537,VLD001.A0101.SG1.1_5M.oral_gc_rl.tsv.gz
120,530,VLD001.A0101.SG1.1_5M.oral_gc_rl.tsv.gz
121,459,VLD001.A0101.SG1.1_5M.oral_gc_rl.tsv.gz
122,437,VLD001.A0101.SG1.1_5M.oral_gc_rl.tsv.gz
123,420,VLD001.A0101.SG1.1_5M.oral_gc_rl.tsv.gz
124,370,VLD001.A0101.SG1.1_5M.oral_gc_rl.tsv.gz
125,369,VLD001.A0101.SG1.1_5M.oral_gc_rl.tsv.gz
126,383,VLD001.A0101.SG1.1_5M.oral_gc_rl.tsv.gz
127,344,VLD001.A0101.SG1.1_5M.oral_gc_rl.tsv.gz
128,333,VLD001.A0101.SG1.1_5M.oral_gc_rl.tsv.gz
129,323,VLD001.A0101.SG1.1_5M.oral_gc_rl.tsv.gz
130,274,VLD001.A0101.SG1.1_5M.oral_gc_rl.tsv.gz
131,292,VLD001.A0101.SG1.1_5M.oral_gc_rl.tsv.gz
132,284,VLD001.A0101.SG1.1_5M.oral_gc_rl.tsv.gz
133,281,VLD001.A0101.SG1.1_5M.oral_gc_rl.tsv.gz
134,265,VLD001.A0101.SG1.1_5M.oral_gc_rl.tsv.gz
135,259,VLD001.A0101.SG1.1_5M.oral_gc_rl.tsv.gz
136,244,VLD001.A0101.SG1.1_5M.oral_gc_rl.tsv.gz
137,199,VLD001.A0101.SG1.1_5M.oral_gc_rl.tsv.gz
138,204,VLD001.A0101.SG1.1_5M.oral_gc_rl.tsv.gz
139,238,VLD001.A0101.SG1.1_5M.oral_gc_rl.tsv.gz
140,230,VLD001.A0101.SG1.1_5M.oral_gc_rl.tsv.gz
141,176,VLD001.A0101.SG1.1_5M.oral_gc_rl.tsv.gz
36,3248,VLD001.A0102.SG1.2_5M.oral_gc_rl.tsv.gz
37,5714,VLD001.A0102.SG1.2_5M.oral_gc_rl.tsv.gz
38,7616,VLD001.A0102.SG1.2_5M.oral_gc_rl.tsv.gz
39,8608,VLD001.A0102.SG1.2_5M.oral_gc_rl.tsv.gz
40,9612,VLD001.A0102.SG1.2_5M.oral_gc_rl.tsv.gz
41,9236,VLD001.A0102.SG1.2_5M.oral_gc_rl.tsv.gz
42,8928,VLD001.A0102.SG1.2_5M.oral_gc_rl.tsv.gz
43,8715,VLD001.A0102.SG1.2_5M.oral_gc_rl.tsv.gz
44,8688,VLD001.A0102.SG1.2_5M.oral_gc_rl.tsv.gz
45,8184,VLD001.A0102.SG1.2_5M.oral_gc_rl.tsv.gz
46,7894,VLD001.A0102.SG1.2_5M.oral_gc_rl.tsv.gz
47,7973,VLD001.A0102.SG1.2_5M.oral_gc_rl.tsv.gz
48,6816,VLD001.A0102.SG1.2_5M.oral_gc_rl.tsv.gz
49,6595,VLD001.A0102.SG1.2_5M.oral_gc_rl.tsv.gz
50,6412,VLD001.A0102.SG1.2_5M.oral_gc_rl.tsv.gz
51,6054,VLD001.A0102.SG1.2_5M.oral_gc_rl.tsv.gz
52,5572,VLD001.A0102.SG1.2_5M.oral_gc_rl.tsv.gz
53,5323,VLD001.A0102.SG1.2_5M.oral_gc_rl.tsv.gz
54,4972,VLD001.A0102.SG1.2_5M.oral_gc_rl.tsv.gz
55,4548,VLD001.A0102.SG1.2_5M.oral_gc_rl.tsv.gz
56,4308,VLD001.A0102.SG1.2_5M.oral_gc_rl.tsv.gz
57,3957,VLD001.A0102.SG1.2_5M.oral_gc_rl.tsv.gz
58,3677,VLD001.A0102.SG1.2_5M.oral_gc_rl.tsv.gz
59,3521,VLD001.A0102.SG1.2_5M.oral_gc_rl.tsv.gz
60,3278,VLD001.A0102.SG1.2_5M.oral_gc_rl.tsv.gz
61,3035,VLD001.A0102.SG1.2_5M.oral_gc_rl.tsv.gz
62,2768,VLD001.A0102.SG1.2_5M.oral_gc_rl.tsv.gz
63,2515,VLD001.A0102.SG1.2_5M.oral_gc_rl.tsv.gz
64,2356,VLD001.A0102.SG1.2_5M.oral_gc_rl.tsv.gz
65,2299,VLD001.A0102.SG1.2_5M.oral_gc_rl.tsv.gz
66,2043,VLD001.A0102.SG1.2_5M.oral_gc_rl.tsv.gz
67,1849,VLD001.A0102.SG1.2_5M.oral_gc_rl.tsv.gz
68,1726,VLD001.A0102.SG1.2_5M.oral_gc_rl.tsv.gz
69,1492,VLD001.A0102.SG1.2_5M.oral_gc_rl.tsv.gz
70,1465,VLD001.A0102.SG1.2_5M.oral_gc_rl.tsv.gz
71,1403,VLD001.A0102.SG1.2_5M.oral_gc_rl.tsv.gz
72,1323,VLD001.A0102.SG1.2_5M.oral_gc_rl.tsv.gz
73,1295,VLD001.A0102.SG1.2_5M.oral_gc_rl.tsv.gz
74,1192,VLD001.A0102.SG1.2_5M.oral_gc_rl.tsv.gz
75,1006,VLD001.A0102.SG1.2_5M.oral_gc_rl.tsv.gz
76,1485,VLD001.A0102.SG1.2_5M.oral_gc_rl.tsv.gz
77,912,VLD001.A0102.SG1.2_5M.oral_gc_rl.tsv.gz
78,768,VLD001.A0102.SG1.2_5M.oral_gc_rl.tsv.gz
79,796,VLD001.A0102.SG1.2_5M.oral_gc_rl.tsv.gz
80,715,VLD001.A0102.SG1.2_5M.oral_gc_rl.tsv.gz
81,592,VLD001.A0102.SG1.2_5M.oral_gc_rl.tsv.gz
82,577,VLD001.A0102.SG1.2_5M.oral_gc_rl.tsv.gz
83,507,VLD001.A0102.SG1.2_5M.oral_gc_rl.tsv.gz
84,543,VLD001.A0102.SG1.2_5M.oral_gc_rl.tsv.gz
85,491,VLD001.A0102.SG1.2_5M.oral_gc_rl.tsv.gz
86,435,VLD001.A0102.SG1.2_5M.oral_gc_rl.tsv.gz
87,415,VLD001.A0102.SG1.2_5M.oral_gc_rl.tsv.gz
88,381,VLD001.A0102.SG1.2_5M.oral_gc_rl.tsv.gz
89,363,VLD001.A0102.SG1.2_5M.oral_gc_rl.tsv.gz
90,309,VLD001.A0102.SG1.2_5M.oral_gc_rl.tsv.gz
91,313,VLD001.A0102.SG1.2_5M.oral_gc_rl.tsv.gz
92,298,VLD001.A0102.SG1.2_5M.oral_gc_rl.tsv.gz
93,256,VLD001.A0102.SG1.2_5M.oral_gc_rl.tsv.gz
94,263,VLD001.A0102.SG1.2_5M.oral_gc_rl.tsv.gz
95,230,VLD001.A0102.SG1.2_5M.oral_gc_rl.tsv.gz
96,225,VLD001.A0102.SG1.2_5M.oral_gc_rl.tsv.gz
97,221,VLD001.A0102.SG1.2_5M.oral_gc_rl.tsv.gz
98,210,VLD001.A0102.SG1.2_5M.oral_gc_rl.tsv.gz
99,173,VLD001.A0102.SG1.2_5M.oral_gc_rl.tsv.gz
100,177,VLD001.A0102.SG1.2_5M.oral_gc_rl.tsv.gz
101,170,VLD001.A0102.SG1.2_5M.oral_gc_rl.tsv.gz
102,135,VLD001.A0102.SG1.2_5M.oral_gc_rl.tsv.gz
103,120,VLD001.A0102.SG1.2_5M.oral_gc_rl.tsv.gz
104,137,VLD001.A0102.SG1.2_5M.oral_gc_rl.tsv.gz
105,121,VLD001.A0102.SG1.2_5M.oral_gc_rl.tsv.gz
106,113,VLD001.A0102.SG1.2_5M.oral_gc_rl.tsv.gz
107,104,VLD001.A0102.SG1.2_5M.oral_gc_rl.tsv.gz
108,89,VLD001.A0102.SG1.2_5M.oral_gc_rl.tsv.gz
109,84,VLD001.A0102.SG1.2_5M.oral_gc_rl.tsv.gz
110,81,VLD001.A0102.SG1.2_5M.oral_gc_rl.tsv.gz
111,83,VLD001.A0102.SG1.2_5M.oral_gc_rl.tsv.gz
112,67,VLD001.A0102.SG1.2_5M.oral_gc_rl.tsv.gz
113,53,VLD001.A0102.SG1.2_5M.oral_gc_rl.tsv.gz
114,88,VLD001.A0102.SG1.2_5M.oral_gc_rl.tsv.gz
115,83,VLD001.A0102.SG1.2_5M.oral_gc_rl.tsv.gz
116,60,VLD001.A0102.SG1.2_5M.oral_gc_rl.tsv.gz
117,51,VLD001.A0102.SG1.2_5M.oral_gc_rl.tsv.gz
118,55,VLD001.A0102.SG1.2_5M.oral_gc_rl.tsv.gz
119,60,VLD001.A0102.SG1.2_5M.oral_gc_rl.tsv.gz
120,48,VLD001.A0102.SG1.2_5M.oral_gc_rl.tsv.gz
121,48,VLD001.A0102.SG1.2_5M.oral_gc_rl.tsv.gz
122,48,VLD001.A0102.SG1.2_5M.oral_gc_rl.tsv.gz
123,43,VLD001.A0102.SG1.2_5M.oral_gc_rl.tsv.gz
124,37,VLD001.A0102.SG1.2_5M.oral_gc_rl.tsv.gz
125,44,VLD001.A0102.SG1.2_5M.oral_gc_rl.tsv.gz
126,27,VLD001.A0102.SG1.2_5M.oral_gc_rl.tsv.gz
127,33,VLD001.A0102.SG1.2_5M.oral_gc_rl.tsv.gz
128,36,VLD001.A0102.SG1.2_5M.oral_gc_rl.tsv.gz
129,26,VLD001.A0102.SG1.2_5M.oral_gc_rl.tsv.gz
130,36,VLD001.A0102.SG1.2_5M.oral_gc_rl.tsv.gz
131,26,VLD001.A0102.SG1.2_5M.oral_gc_rl.tsv.gz
132,26,VLD001.A0102.SG1.2_5M.oral_gc_rl.tsv.gz
133,19,VLD001.A0102.SG1.2_5M.oral_gc_rl.tsv.gz
134,32,VLD001.A0102.SG1.2_5M.oral_gc_rl.tsv.gz
135,14,VLD001.A0102.SG1.2_5M.oral_gc_rl.tsv.gz
136,13,VLD001.A0102.SG1.2_5M.oral_gc_rl.tsv.gz
137,17,VLD001.A0102.SG1.2_5M.oral_gc_rl.tsv.gz
138,16,VLD001.A0102.SG1.2_5M.oral_gc_rl.tsv.gz
139,22,VLD001.A0102.SG1.2_5M.oral_gc_rl.tsv.gz
140,12,VLD001.A0102.SG1.2_5M.oral_gc_rl.tsv.gz
141,16,VLD001.A0102.SG1.2_5M.oral_gc_rl.tsv.gz
