Species	BAN001.A0101.SG1.1_5M	BAN001.A0102.SG1.4_5M	CDM019.A0101.SG1.1_5M	CDM019.A0102.SG1.4_5M	CDM020.A0101.SG1.1_5M	CDM020.A0102.SG1.4_5M	FUM002.A0101.SG1.1_5M	FUM002.A0102.SG1.5_5M	FUM003.A0101.SG1.1_5M	FUM003.A0102.SG1.4_5M	GDN001.A0101.SG1.1_5M	GDN001.A0102.SG1.3_5M	GOY005.A0101.SG1.2_5M	GOY005.A0103.SG1.4_5M	GOY006.A0101.SG1.2_5M	GOY006.A0102.SG1.5_5M	PES001.B0101.SG1.3_5M	PES001.B0102.SG1.5_5M	VLD001.A0101.SG1.1_5M	VLD001.A0102.SG1.2_5M
34-128 sp014894735	434	461	0	0	0	0	0	0	0	0	0	0	11	12	0	0	0	0	0	0
40CM-3-62-11 sp001914955	0	0	0	0	0	0	16	0	294	183	837	130	0	0	0	0	0	0	0	0
AR31 sp003220535	0	0	0	0	0	0	0	0	140	80	686	71	0	0	0	0	0	0	0	0
Abiotrophia defectiva	0	0	67	76	2703	3129	74	143	78	77	0	0	1191	1193	1052	938	1872	2111	36	30
Abiotrophia sp001815865	0	0	146	151	7078	8680	102	160	125	106	0	0	1662	1596	1028	1031	2231	2423	26	26
Accumulibacter sp000584975	0	0	0	0	0	0	0	0	489	274	0	0	0	0	0	0	0	0	0	0
Acidovorax temperans	12	0	0	0	0	0	0	0	385	331	15	0	15	0	451	156	0	0	2017	916
Acinetobacter albensis	429	1023	0	0	0	0	0	0	0	0	0	0	0	0	88	125	77	106	81	62
Acinetobacter fasciculus	32	48	0	0	0	0	0	0	53	44	0	0	144	61	26	18	463	649	70	41
Acinetobacter guillouiae	0	0	0	0	0	0	0	0	0	0	0	0	10346	5082	18	15	20	32	38	36
Acinetobacter idrijaensis	33	51	0	0	0	0	0	0	20	0	0	0	106	36	18	21	259	470	129	82
Acinetobacter johnsonii	134	286	0	0	0	0	24	32	132	99	38	32	166	46	632	512	29998	32670	35549	21425
Acinetobacter junii	0	0	0	0	0	0	0	0	20	22	0	0	10	0	6090	5521	48	78	26	22
Acinetobacter kyonggiensis	0	0	0	0	0	0	0	0	0	0	0	0	0	0	11	30	350	659	39	33
Acinetobacter lwoffii	44	114	0	0	0	0	0	0	26	19	0	0	186	62	34	33	753	1215	135	109
Acinetobacter parvus	0	0	0	0	0	0	0	0	22	18	0	0	16	10	1867	1320	97	161	62	42
Acinetobacter pseudolwoffii	11	23	0	0	0	0	0	0	0	0	0	0	32	13	46	256	133	185	942	670
Acinetobacter sichuanensis	0	0	0	0	0	0	0	0	0	0	0	0	0	0	0	0	90	111	282	237
Acinetobacter sp000214135	0	10	0	0	0	0	0	0	0	0	0	0	0	0	0	0	171	264	158	133
Acinetobacter sp000369525	0	0	0	0	0	0	0	0	0	0	0	0	0	0	13	0	90	148	448	336
Acinetobacter sp000369645	0	0	0	0	0	0	0	0	0	0	0	0	0	0	30	25	50	89	359	402
Acinetobacter sp001612555	0	21	0	0	0	0	0	0	0	0	0	0	0	0	0	0	327	631	28	25
Acinetobacter sp001696615	0	0	0	0	0	0	0	0	0	0	0	0	0	0	0	0	89	145	226	202
Acinetobacter sp002135205	14	21	0	0	0	0	0	0	14	0	0	0	12	0	39	43	2118	2461	3344	2240
Acinetobacter sp002135245	0	0	0	0	0	0	0	0	0	0	0	0	0	0	0	11	322	520	52	77
Acinetobacter sp002165305	36	56	0	0	0	0	0	0	14	18	16	0	44	14	136	101	5434	6232	7027	4184
Acinetobacter sp004331285	0	0	0	0	0	0	0	0	0	0	0	0	0	0	0	17	961	1287	0	22
Acinetobacter sp013072695	0	0	0	0	0	0	0	0	0	0	0	0	0	0	0	0	362	705	39	34
Acinetobacter ursingii	0	0	0	0	0	0	0	0	38	30	0	0	26	10	24	17	6728	7816	158	143
Acinetobacter variabilis	10	19	0	0	0	0	0	0	0	11	0	0	118	38	14	13	155	197	45	34
Actinomyces bovis	0	0	83	40	96	64	207	137	38	29	393	141	51	30	121	62	183	121	78	38
Actinomyces bowdenii	0	0	520	288	360	164	1596	884	183	89	3410	963	287	119	889	435	1062	559	442	200
Actinomyces dentalis	0	0	123813	45076	80688	31696	4673	2262	474	233	76287	17556	1738	596	9179	3327	37896	15730	41600	16775
Actinomyces denticolens	0	0	102	45	116	59	252	151	66	29	938	194	94	32	199	85	292	164	126	73
Actinomyces gaoshouyii	0	0	65	30	102	43	219	116	32	22	751	199	60	20	139	64	267	162	146	48
Actinomyces gerencseriae	0	0	6816	2617	6088	2497	1893	953	620	257	7428	1695	1911	560	3736	1173	7501	3849	86719	27185
Actinomyces glycerinitolerans	0	0	72	29	89	50	88	46	12	0	293	72	30	0	55	20	96	51	44	26
Actinomyces haliotis	0	0	79	45	178	85	265	122	48	15	1402	335	101	40	247	110	371	208	175	83
Actinomyces howellii	0	0	252	128	415	196	1213	603	84	48	15597	3730	289	94	2290	936	4164	2177	1325	641
Actinomyces israelii	0	0	837	373	672	311	604	311	90	53	3465	792	184	57	551	239	1116	616	2016	786
Actinomyces johnsonii	0	0	1417	665	5298	2404	22452	11558	7510	3923	993	251	5813	2086	4181	1698	10395	5082	3919	1758
Actinomyces lilanjuaniae	0	0	53	36	84	42	279	144	46	27	704	212	52	30	162	101	223	140	107	53
Actinomyces marmotae	0	0	99	43	141	61	295	158	45	12	582	115	86	21	119	78	230	131	112	46
Actinomyces massiliensis	0	0	530	225	436	231	875	445	217	89	1735	447	301	101	549	212	962	527	2804	956
Actinomyces naeslundii	0	0	1262	571	7721	3550	19518	9741	2955	1324	801	196	11441	3544	4939	2031	10845	4988	2001	912
Actinomyces oricola	0	0	186	117	264	137	806	463	81	39	7422	1820	174	89	1051	462	1907	955	723	319
Actinomyces oris	17	13	4164	1806	6429	3101	61745	31762	7014	3461	6059	1454	9165	3298	12622	5300	37954	18232	3841	1673
Actinomyces procaprae	0	0	113	55	121	71	234	105	33	20	1158	285	70	27	213	88	343	195	149	84
Actinomyces qiguomingii	0	0	125	97	192	100	315	177	40	21	1143	280	78	25	223	99	341	215	219	97
Actinomyces radicidentis	0	0	138	55	285	129	369	202	52	35	1850	440	169	60	418	192	496	283	222	107
Actinomyces ruminicola	0	0	127	60	147	81	222	128	38	23	1159	323	68	28	219	84	340	199	184	82
Actinomyces slackii	0	0	174	60	235	97	718	397	97	47	2301	597	171	62	500	226	798	425	316	158
Actinomyces sp000195595	0	0	207	93	880	399	11813	5851	1696	791	661	199	2638	902	2864	1186	4606	2300	775	344
Actinomyces sp000220835	0	0	499	239	413	192	570	344	381	186	1864	475	204	94	425	176	695	357	1198	429
Actinomyces sp001278845	0	0	71258	28359	37477	15511	3076	1582	336	182	40649	9345	1134	385	5512	2162	21879	9491	27015	10999
Actinomyces sp002154335	0	0	94	54	139	72	246	154	42	15	801	214	66	32	147	60	246	169	118	60
Actinomyces sp002999235	0	0	689	284	581	270	561	276	120	44	2171	610	158	59	452	192	826	448	759	309
Actinomyces sp009930875	0	0	122	58	128	63	291	139	32	22	983	271	70	30	199	104	286	195	161	76
Actinomyces sp011751985	0	0	992	407	4637	1834	3158	1641	435	261	4429	1093	1532	556	1998	875	4216	1931	435	219
Actinomyces sp011752065	0	0	186	63	503	238	6770	3305	1054	480	611	152	1433	436	1676	704	2573	1296	813	344
Actinomyces sp013185035	0	0	175	97	259	139	395	209	74	36	1659	368	116	50	323	138	522	299	232	102
Actinomyces sp015711475	0	0	76	48	171	105	348	201	67	22	995	210	90	49	176	72	364	205	123	56
Actinomyces sp900323545	0	0	268	103	7634	2999	115021	54178	10620	5012	1302	341	20595	7225	34086	13000	49451	21526	1320	578
Actinomyces succiniciruminis	0	0	57	21	80	36	113	75	15	10	418	92	23	15	76	43	122	67	67	36
Actinomyces timonensis	0	0	170	70	213	103	767	534	107	63	1043	295	156	79	315	158	518	295	259	128
Actinomyces urogenitalis	0	0	140	89	263	130	419	242	78	29	1561	426	152	47	308	154	528	319	206	112
Actinomyces viscosus	0	0	220	106	567	275	7482	3799	1053	559	643	175	1608	599	1799	715	2768	1397	747	307
Actinomyces weissii	0	0	84	38	156	98	300	134	77	48	1112	321	115	45	231	132	379	215	157	76
Actinomyces wuliandei	0	0	39	30	73	52	936	569	33	25	642	156	82	26	155	74	224	157	135	63
Aerococcus sp002252085	0	0	0	0	0	0	0	0	0	0	0	0	0	0	697	697	0	0	0	0
Aerococcus urinaeequi	23	38	0	0	0	0	0	0	0	0	0	0	42	0	1095	991	0	15	0	0
Aerococcus viridans	13	35	0	0	0	0	0	0	0	16	0	0	16	0	1728	1686	13	23	0	0
Aeromonas caviae	0	0	0	0	0	0	0	0	34	23	0	0	1277	306	0	0	16	0	0	0
Afipia broomeae	0	0	0	0	0	0	0	0	5462	3067	0	0	0	0	0	0	0	0	0	0
Aggregatibacter aphrophilus	0	0	22	27	316	400	100	173	644	846	0	0	8082	7913	762	958	244	436	0	0
Aggregatibacter kilianii	0	0	26	22	947	1257	154	242	1457	1943	0	0	15344	15093	876	1067	279	439	0	0
Aggregatibacter segnis	0	0	29	45	579	697	75	132	158	204	0	0	2095	1954	394	447	92	131	0	0
Aggregatibacter sp000466335	0	0	0	20	192	201	10	26	74	74	0	0	745	628	102	132	22	41	0	0
Agrobacterium sp900013535	0	0	0	0	0	0	0	0	0	0	0	0	0	0	0	0	0	0	2566	1164
Alishewanella agri	0	0	0	0	0	0	0	0	0	0	10	0	384	98	0	0	150	94	0	0
Anaerosphaera mikwangii	0	0	145	350	41	142	84	173	0	0	22	54	21	30	52	94	83	220	22	31
Aquabacterium commune	25	11	0	0	0	0	0	0	1388	861	0	0	10	0	0	0	0	0	21	32
Arachnia propionica	0	0	40552	17602	52907	25183	3761	2690	701	479	5188	1753	6073	2807	7925	3552	33983	16870	714	426
Arachnia rubra	0	0	633	310	1518	784	223	181	58	20	150	59	279	184	421	169	1252	666	40	16
Arachnia sp013333945	0	0	2044	975	13131	6864	3854	3175	1054	896	395	171	3264	1587	3513	1607	11344	5879	168	107
Arachnia sp900607225	0	0	4233	1912	12825	6350	1850	1360	257	185	937	283	2457	1193	3043	1276	10688	5431	383	199
Arachnia sp905372155	0	0	20001	8654	35533	16651	5038	3595	487	352	1855	611	3725	1799	4382	1945	17169	8692	2196	1124
Arenimonas maotaiensis	0	0	0	0	0	0	0	0	0	0	0	0	0	0	0	0	0	0	544	192
Aureimonas A endophytica	0	0	0	0	0	0	0	0	0	0	0	0	0	0	2371	2420	0	0	0	0
Azonexus agitatus	0	0	0	0	0	0	0	0	12500	10258	0	0	0	0	0	0	0	0	0	0
Azonexus aromaticus	0	0	0	0	0	0	0	0	2293	2041	0	0	11	0	0	0	0	0	0	0
Azonexus denitrificans	0	0	0	0	0	0	0	0	874	757	0	0	0	0	0	0	0	0	0	0
Azonexus fungiphilus	0	0	0	0	0	0	0	0	477	473	0	0	0	0	0	0	0	0	0	0
Azonexus hortensis	0	0	0	0	0	0	12	13	1917	1666	0	0	0	0	60	47	0	0	0	0
Azonexus hydrophilus	0	0	0	0	0	0	0	0	896	851	0	0	0	0	0	0	0	0	0	0
Azonexus sp002345845	0	0	0	0	0	0	0	0	1241	1002	0	0	0	0	0	0	0	0	0	0
Azonexus sp002425245	0	0	0	0	0	0	0	0	626	541	0	0	0	0	0	0	0	0	0	0
Azonexus sp002440665	0	0	0	0	0	0	0	0	822	710	0	0	0	0	0	0	0	0	0	0
Azonexus sp002470165	0	0	0	0	0	0	0	0	2986	2586	0	0	0	0	0	0	0	0	0	0
Azonexus sp002840765	0	0	0	0	0	0	0	0	1044	960	0	0	0	0	0	0	0	0	0	0
Azonexus sp002840785	0	0	0	0	0	0	0	0	365	377	0	0	0	0	0	0	0	0	0	0
Azonexus sp002842145	0	0	0	0	0	0	0	0	1722	1539	0	0	0	0	0	0	0	0	0	0
Azonexus sp003441615	0	0	0	0	0	0	0	0	576	560	0	0	0	0	0	0	0	0	0	0
Azonexus sp003583745	0	0	0	0	0	0	0	0	971	894	0	0	0	0	0	0	0	0	0	0
Azonexus sp004379165	0	0	0	0	0	0	0	0	1300	1083	0	0	0	0	0	0	0	0	0	0
Azonexus sp008711155	0	0	0	0	0	0	0	0	52316	39342	0	0	0	0	0	0	0	0	0	0
Azonexus sp009469585	0	0	0	0	0	0	0	0	1356	1185	0	0	0	0	0	0	0	0	0	0
Azonexus sp009469615	0	0	0	0	0	0	0	0	4050	3407	0	0	0	0	0	0	0	0	0	0
Azonexus sp012026885	0	0	0	0	0	0	0	0	470	389	0	0	0	0	0	0	0	0	0	0
Azonexus sp013335535	0	0	0	0	0	0	0	0	1176	1002	0	0	0	0	0	0	0	0	0	0
Azonexus sp013363835	0	0	0	0	0	0	0	0	1066	903	0	0	0	0	0	0	0	0	0	0
Azonexus sp016705475	0	0	0	0	0	0	0	0	703	624	0	0	0	0	0	0	0	0	0	0
Azonexus sp016709495	0	0	0	0	0	0	0	0	6387	5607	0	0	0	0	0	0	0	0	0	0
Azonexus sp016709965	0	0	0	0	0	0	0	0	2420	2071	0	0	0	0	0	0	0	0	0	0
Azonexus sp016714975	0	0	0	0	0	0	0	0	403	396	0	0	0	0	0	0	0	0	0	0
Azonexus sp016721185	0	0	0	0	0	0	0	0	558	479	0	0	0	0	0	0	0	0	0	0
Azonexus sp016790815	0	0	0	0	0	0	0	0	1593	1293	0	0	0	0	0	0	0	0	0	0
Azonexus sp016790845	0	0	0	0	0	0	0	0	418	424	0	0	0	0	0	0	0	0	0	0
Azonexus sp016790885	0	0	0	0	0	0	0	0	3364	2816	0	0	0	0	0	0	0	0	0	0
Azonexus sp016791065	0	0	0	0	0	0	0	0	1382	1175	0	0	0	0	0	0	0	0	0	0
Azonexus sp016864195	0	0	0	0	0	0	0	0	683	702	0	0	0	0	0	0	0	0	0	0
Azonexus sp017983615	0	0	0	0	0	0	0	0	955	797	0	0	0	0	0	0	0	0	0	0
Azonexus sp017983755	0	0	0	0	0	0	0	0	543	485	0	0	0	0	0	0	0	0	0	0
Azonexus sp018261895	0	0	0	0	0	0	0	0	687	615	0	0	0	0	0	0	0	0	0	0
Azonexus sp018261905	0	0	0	0	0	0	0	0	656	593	0	0	0	0	0	0	0	0	0	0
Azonexus sp018780195	0	0	0	0	0	0	0	0	1160	911	0	0	0	0	0	0	0	0	0	0
Azonexus sp018828385	0	0	0	0	0	0	0	0	1548	1145	0	0	0	0	0	0	0	0	0	0
Azonexus sp903922075	0	0	0	0	0	0	0	0	1318	1226	0	0	0	0	0	0	0	0	0	0
Azonexus sp903930395	0	0	0	0	0	0	0	0	765	814	0	0	0	0	0	0	0	0	0	0
Azonexus sp907163225	0	0	0	0	0	0	0	0	743	753	0	0	0	0	0	0	0	0	0	0
Azotobacter chroococcum	0	0	0	0	0	0	0	0	0	0	0	0	0	0	0	0	0	0	516	208
Bacillus O smithii	564	518	0	0	0	0	0	0	0	0	0	0	0	0	0	0	0	0	23	14
Bacteroides heparinolyticus	0	0	953	1109	830	980	0	0	0	0	0	0	0	13	0	12	0	0	0	0
Blastomonas delafieldii	0	0	0	0	0	0	0	0	9234	6796	0	0	0	0	0	0	0	0	0	0
Bordetella sp002261475	0	0	0	0	0	0	0	0	459	258	0	0	0	0	0	0	0	0	0	0
Brachymonas sp017993135	0	0	0	0	16	17	31	16	92	73	21	0	331	119	199	102	52	30	0	0
Brachymonas sp017996515	0	0	28	20	60	25	243	146	717	457	70	39	3087	816	1859	799	445	263	34	10
Brachymonas sp018054915	0	0	0	0	10	0	38	32	104	89	14	0	549	156	349	163	59	49	0	0
Brachyspira hampsonii	0	0	0	0	0	0	0	0	0	0	0	0	0	0	1081	1093	0	0	0	0
Bradyrhizobium japonicum	16	0	0	0	0	0	0	0	365	274	0	0	0	0	0	0	0	0	0	0
Brevundimonas mediterranea	12	31	0	0	0	0	0	0	0	0	0	0	0	0	0	0	0	0	557	221
Brooklawnia sp000413315	0	0	5993	3448	21021	12411	31105	16433	24033	13529	199	49	15031	3627	16889	5320	1474	844	1355	528
Bulleidia moorei	0	0	379	843	158	345	120	202	12	19	0	0	15	16	26	46	10	12	0	0
Bulleidia sp016812035	0	0	109	342	32	71	117	242	0	12	26	86	35	47	100	134	25	43	0	0
CAG-791 sp900625025	0	0	150	265	91	140	15	48	0	0	35	41	0	0	13	23	32	32	14	10
CAJPNN01 sp905372035	0	0	3544	8032	1183	2341	55	118	0	0	692	1444	69	81	378	567	588	1102	27	41
CAJPPJ01 sp905372515	0	0	0	46	149	704	0	49	84	275	0	0	22	47	41	117	0	0	0	0
CAJPQU01 sp905372875	0	0	3082	2578	764	655	10	12	0	0	112	75	29	13	279	143	838	814	88	65
CAJPQU01 sp905373705	0	0	1157	1031	469	387	13	10	0	0	51	93	24	23	78	64	119	115	92	41
CAJPSE01 sp003860125	0	0	18088	10547	5675	3682	696	600	23	13	6348	3794	454	243	1360	1012	4235	3541	261	199
CAJPSE01 sp905373185	0	0	69226	36350	23754	13710	218	166	0	0	1502	1119	615	325	1377	919	2394	2104	155	129
Campylobacter A rectus	0	0	2381	2926	1719	2115	35	66	18	17	26	63	239	203	236	237	66	99	11	23
Campylobacter A showae	0	0	1199	1397	4872	5507	226	377	71	103	0	10	1338	1201	1042	1122	249	334	28	33
Campylobacter A sp014253065	0	0	374	382	1666	1954	35	82	0	16	0	0	217	187	210	200	37	51	0	0
Campylobacter A sp905372745	0	0	186	199	897	988	34	48	0	19	0	0	128	131	112	116	29	29	0	0
Campylobacter B gracilis	0	0	937	964	686	792	22	29	0	0	16	19	334	228	297	237	101	134	95	58
Campylobacter B sp900539505	0	0	704	705	520	536	20	23	13	0	12	13	358	229	259	203	82	111	66	75
Campylobacter B sp905373215	0	0	577	669	446	497	21	15	0	0	13	0	227	153	210	158	57	80	37	44
Campylobacter B sp905373295	0	0	592	615	454	469	12	15	0	0	14	10	260	182	247	194	57	71	61	45
Capnocytophaga bilenii	0	0	14	36	712	1243	0	0	0	15	0	0	70	120	49	103	0	19	0	0
Capnocytophaga endodontalis	0	0	208	379	1319	2418	16	34	20	28	0	0	585	907	288	494	94	193	0	0
Capnocytophaga gingivalis	0	0	72	129	1811	2912	34	63	69	100	0	0	484	698	365	634	82	164	12	0
Capnocytophaga granulosa	0	0	199	339	4987	7479	0	10	0	0	0	0	97	163	97	184	18	43	0	0
Capnocytophaga leadbetteri	0	0	88	187	1225	1954	28	70	34	61	0	0	495	765	174	300	45	74	11	0
Capnocytophaga ochracea	0	0	1102	2265	2602	4799	58	104	14	26	29	38	634	1034	369	669	271	608	37	71
Capnocytophaga sp000192225	0	0	68	95	187	400	0	10	14	11	0	0	65	110	39	71	18	43	0	0
Capnocytophaga sp000466425	0	0	24	50	772	1162	0	10	13	0	0	0	73	115	67	111	17	30	0	0
Capnocytophaga sp002999135	0	0	27	38	228	380	32	80	56	98	0	0	900	1440	213	368	33	73	0	0
Capnocytophaga sp905372595	0	0	0	0	351	595	0	14	15	18	0	0	80	140	37	87	13	22	0	0
Capnocytophaga sputigena	0	0	138	280	1855	3137	33	71	38	77	0	0	1087	1764	526	999	167	328	10	0
Cardiobacterium hominis	0	0	145	113	4615	3086	23	25	20	0	0	0	213	120	127	73	31	23	15	0
Cardiobacterium valvarum	0	0	973	636	14128	9673	453	344	194	140	58	35	2782	1302	1297	858	466	392	94	76
Catonella massiliensis	0	0	99	249	80	190	0	43	0	0	0	0	16	16	24	25	14	33	25	40
Catonella morbi	0	0	1213	2811	2550	4900	34	93	0	0	17	27	129	216	120	191	35	95	33	41
Cellulomonas hominis	0	0	0	0	11	0	0	0	28040	13235	71	37	0	0	13	0	15	0	13	0
Cellulomonas sp003696205	0	0	0	0	0	0	0	0	583	404	36	0	0	0	0	0	0	0	0	0
Cellulomonas sp008033115	0	0	0	0	0	0	0	0	542	300	0	0	0	0	0	0	0	0	0	0
Cellulomonas sp011603975	0	0	0	0	0	0	0	0	395	241	0	0	0	0	0	0	0	0	0	0
Cellulomonas sp014763765	0	0	0	0	0	0	0	0	3467	1941	17	0	0	0	0	0	0	0	0	0
Centipeda infelix	0	0	650	499	516	388	0	0	0	0	0	0	13	10	22	13	12	20	0	0
Centipeda massiliensis	0	0	547	394	437	354	0	0	0	0	0	0	0	0	10	12	15	13	0	0
Centipeda noxia	0	0	1301	1097	1702	1415	12	13	0	0	0	0	24	11	51	37	69	87	45	46
Centipeda periodontii	0	0	1222	920	660	546	0	0	0	0	0	0	14	0	0	11	11	0	0	0
Centipeda sp000286455	0	0	201	182	147	130	0	0	0	0	0	0	0	0	13	0	0	0	0	0
Centipeda sp000468035	0	0	1030	895	2837	2277	0	0	0	0	0	0	27	14	50	37	30	36	18	12
Centipeda sp001683335	0	0	556	402	196	181	0	0	0	0	0	0	11	0	13	0	0	12	0	0
Centipeda sp001717585	0	0	1786	1404	482	394	0	0	0	0	0	0	10	0	12	15	13	19	0	0
Centipeda sp905372865	0	0	345	278	1129	818	0	0	0	0	0	0	13	0	11	0	0	0	0	0
Chlorobium sp016866305	0	0	0	0	148	136	0	0	0	0	0	0	18	16	90	69	201	234	0	0
Cloacibacterium caeni	0	0	0	0	0	0	0	0	0	0	0	23	0	0	0	10	0	0	919	1075
Cloacibacterium normanense	0	0	0	0	0	0	0	0	0	0	0	0	0	0	0	0	0	0	433	517
Cloacibacterium sp002422665	0	0	0	0	0	0	0	0	0	0	0	0	0	0	0	0	0	0	721	810
Clostridium A leptum	0	0	0	0	0	0	14	0	298	166	33	0	39	0	20	17	0	0	86	29
Comamonas antarcticus	0	0	0	0	0	0	0	0	20	13	0	0	15	0	10	0	1035	554	0	0
Comamonas jiangduensis	0	0	0	0	0	0	0	0	0	0	0	0	15	0	0	0	0	0	954	399
Corynebacterium accolens	11	12	0	0	0	0	22	17	308	179	11	0	80	0	65	19	0	0	93	24
Corynebacterium durum	12	16	0	0	200	212	470	265	93	45	10	0	871	502	3800	1514	2069	1156	30	11
Corynebacterium kefirresidentii	11	0	0	0	0	0	53	29	1099	645	34	13	180	16	151	44	34	20	150	67
Corynebacterium kroppenstedtii	0	0	0	0	0	0	0	0	66	62	31	13	273	38	490	190	0	0	132	77
Corynebacterium matruchotii	0	10	2123	1733	14784	13198	145	184	141	57	0	0	4953	3444	702	680	202	216	62	35
Corynebacterium vitaeruminis	0	0	0	0	0	0	0	0	0	0	28	0	0	0	10	0	0	0	775	400
Cupriavidus basilensis	0	0	0	0	0	0	0	0	14028	9301	0	11	12	0	0	0	0	0	0	0
Cutibacterium granulosum	13	25	0	0	0	0	165	66	2189	870	263	37	554	74	483	173	107	57	435	177
Cutibacterium modestum	0	0	0	0	0	0	19	13	363	228	29	15	385	37	285	91	18	0	291	139
Cutibacterium namnetense	17	10	0	0	0	0	31	32	910	554	134	13	632	78	417	177	64	41	656	253
DUUL01 sp012841575	0	0	50	96	12	29	52	54	0	0	91	82	18	12	55	35	27	48	4871	3836
Desulfobulbus oralis	0	0	46175	29651	31595	18735	69589	52858	10014	7237	26910	14038	18017	6978	41545	23460	93692	60958	45052	32547
Desulfomicrobium orale	0	0	165281	101791	11911	8447	1622	1438	95	89	3932	2580	5869	2806	10103	5797	954	842	92	80
Desulfovibrio sp000403945	0	0	133	105	84	59	150	127	25	14	82	40	42	23	90	75	232	133	115	84
Desulfovibrio sp003860215	0	0	1569	966	2845	1791	0	0	0	0	0	11	50	18	21	20	0	0	0	0
Dialister invisus	13	0	1384	2277	306	376	0	0	19	11	0	22	0	11	20	17	64	87	0	0
Eggerthia catenaformis	0	0	425	970	216	501	39	76	0	0	10	73	0	16	25	39	24	44	20	18
Eikenella corrodens	0	0	309	218	3106	2398	61	46	156	138	0	0	2685	1257	2390	1537	164	166	0	0
Eikenella exigua	0	0	153	120	557	430	40	31	70	76	0	20	1024	445	910	590	95	70	0	0
Eikenella halliae	0	0	62	38	757	505	0	17	33	31	0	0	548	203	438	295	46	38	0	0
Eikenella longinqua	0	0	404	304	118	89	13	12	15	0	0	0	151	55	144	67	18	15	0	0
Ensifer sp002002725	0	0	0	0	0	0	0	0	0	0	0	0	0	0	0	0	0	0	483	206
Enterobacter hormaechei	0	0	0	0	0	0	0	0	10	0	0	0	410	55	0	0	178	141	0	0
Epilithonimonas hispanica	0	0	0	0	0	0	0	0	15	21	0	11	0	12	14	12	568	1480	11	15
Erysipelothrix rhusiopathiae	0	0	0	0	0	0	0	0	0	0	0	0	0	0	0	1012	0	0	0	0
Eubacterium B infirmum	0	0	148	285	47	111	67	97	12	22	16	30	49	64	73	92	94	225	39	54
Eubacterium B sulci	0	0	70	143	12	23	35	83	0	10	0	0	29	34	42	60	33	66	26	21
Eubacterium M brachy	0	0	355	815	94	233	17	37	10	0	0	33	17	33	26	52	19	28	18	22
Eubacterium N saphenum	0	0	2093	4390	448	864	0	0	0	0	178	304	0	15	51	92	20	32	0	0
Exiguobacterium A acetylicum	0	0	0	0	0	0	0	0	0	0	0	0	0	0	0	0	0	0	736	573
Exiguobacterium A undae	0	0	0	0	0	0	0	0	0	0	0	0	0	0	0	0	0	0	1314	800
Exiguobacterium chiriqhucha	0	0	0	0	0	0	0	0	0	0	0	0	0	0	0	0	0	0	1437	922
F0058 sp000163695	0	0	13155	21069	12187	17870	431	788	23	56	64	127	1352	1846	1057	1582	1884	3646	298	382
F0058 sp905372135	0	0	5873	8621	8662	11818	171	315	0	14	20	78	606	639	514	803	359	583	53	43
F0058 sp905372605	0	0	1477	2354	3408	4729	34	62	0	0	0	14	113	106	99	146	40	93	10	16
Fictibacillus barbaricus	4584	7414	0	0	0	0	0	0	0	0	0	0	105	131	0	0	0	0	0	0
Filifactor alocis	0	0	1291	2882	844	1720	34	71	0	13	44	92	67	109	209	407	46	91	32	39
Flavobacterium cheniae	0	0	0	0	0	0	0	0	0	0	0	0	0	0	0	0	0	0	361	503
Flavobacterium sp003497625	0	0	0	0	0	0	0	0	0	0	0	0	0	0	0	0	0	0	648	788
Flexilinea sp001717545	0	0	120785	100772	60982	47126	5486	5247	389	294	188092	119744	1353	670	28626	16480	56524	37138	29906	20176
Fretibacterium fastidiosum	0	0	17447	9625	7746	4576	105	86	0	0	363	297	337	157	905	609	955	805	112	63
Fusobacterium animalis	0	0	82	367	62	181	0	13	0	15	0	0	123	356	57	169	0	40	0	0
Fusobacterium canifelinum	0	0	90	346	117	449	14	51	16	62	0	18	504	1539	280	919	31	129	0	0
Fusobacterium hwasookii	0	0	39	209	315	980	40	109	75	198	0	0	1882	4975	527	1592	59	269	0	0
Fusobacterium nucleatum	0	0	318	1400	493	1651	23	77	27	79	0	59	865	2272	369	1254	55	216	0	30
Fusobacterium periodonticum	0	0	29	156	59	188	0	53	13	44	0	0	619	1635	194	507	13	66	0	0
Fusobacterium polymorphum	0	0	115	431	241	723	20	42	13	26	35	114	284	828	141	442	11	75	0	16
Fusobacterium sp000235465	0	0	31	86	25	66	0	21	0	16	0	0	248	638	80	212	0	29	0	0
Fusobacterium vincentii	0	0	49	184	51	171	0	16	20	16	0	0	134	381	61	201	0	35	0	0
GN02-872 sp003260325	0	0	0	11	871	2721	0	24	0	0	0	0	18	42	0	11	0	0	0	0
GN02-873 sp003260345	0	0	0	0	276	423	0	0	0	0	0	0	0	0	0	0	0	0	0	0
Gemella cuniculi	0	0	0	27	0	18	27	70	0	0	10	24	23	66	87	209	40	107	0	0
Gemella morbillorum	0	16	67	237	1464	4283	532	1634	17	39	0	24	1354	2977	4094	8090	1104	2881	26	34
Gemmobacter sp003509785	0	0	0	0	0	0	0	0	0	0	0	0	0	0	0	0	0	0	1288	491
Granulicatella adiacens	0	0	12	26	263	533	27	75	13	17	0	0	108	169	41	81	64	154	0	16
Granulicatella sp905371865	0	0	12	12	165	289	24	47	0	10	0	0	59	107	20	38	36	62	0	0
H1 sp001653155	0	0	909	1260	1451	2000	308	561	0	0	212	270	829	869	324	465	655	1054	206	196
HOT-345 sp003260355	0	0	117	240	615	1176	33	92	0	12	0	0	36	43	53	96	10	30	0	10
HOT-345 sp013333605	0	0	0	24	385	838	0	12	18	37	0	0	99	170	59	111	0	10	0	0
Hornefia minuta	0	0	39396	52572	11500	15336	1695	2489	87	105	23605	26733	1270	1390	5476	6129	15305	19585	13450	14861
Hornefia nodata	0	0	388	952	186	464	43	95	0	14	194	458	19	42	101	134	113	234	52	54
Ideonella sp016710065	0	0	0	0	0	0	0	0	432	303	0	0	10	0	0	0	0	0	0	0
Ideonella sp018780145	0	0	0	0	0	0	0	0	3619	2130	0	0	0	0	0	0	0	0	0	0
Inhella sp017302655	0	0	0	0	0	0	0	0	713	478	0	0	10	0	0	0	0	0	0	0
JAAYOR01 sp012520235	0	0	289	193	95	79	0	0	0	0	16	14	0	0	15	0	0	22	0	0
JABCPE02 sp013333255	0	0	17	37	350	681	163	366	2380	3252	0	0	2192	2755	330	559	813	1421	0	10
JABCPE02 sp013333875	0	0	23	43	371	765	213	450	3217	4612	0	16	3245	4041	515	748	1153	2059	0	0
JACPAU01 sp016180705	0	0	25	13	0	0	0	0	225	132	85	0	0	0	0	0	118	77	0	0
JACPRY01 sp016193565	0	0	0	0	0	0	0	0	839	475	24	0	0	0	0	0	0	0	0	0
Janibacter hoylei	0	0	0	0	0	0	11	0	37	11	16	0	505	21	64	0	0	0	0	0
Janthinobacterium psychrotolerans	0	0	0	0	0	0	0	0	0	0	0	0	0	0	0	0	1267	566	14	0
Janthinobacterium sp002250505	0	0	0	0	0	0	0	0	0	0	0	0	0	0	0	0	663	322	0	0
Janthinobacterium sp002878455	0	0	0	0	0	0	0	0	34	35	0	0	0	0	0	0	2369	913	25	0
Johnsonella ignava	0	0	2832	9382	4027	9653	508	1081	69	79	429	912	4757	5520	9783	13859	9336	17073	221	337
Johnsonella sp900766185	0	0	995	2900	7293	16720	449	1149	37	55	18	47	707	906	1567	2025	989	2041	38	50
Johnsonella sp905373785	0	0	386	1014	2919	6458	229	522	14	30	0	16	391	488	1372	1650	493	916	18	27
Kaistella haifensis	0	0	0	0	0	0	0	0	13	10	0	0	19	0	1150	902	0	0	0	0
Kingella A denitrificans	0	0	13	0	301	227	43	42	13	14	0	0	725	473	121	82	61	30	11	0
Kinneretia sp013824165	0	0	0	0	0	0	0	0	14	12	0	0	0	0	0	0	0	0	675	284
Kinneretia sp015657635	0	0	0	0	0	0	0	0	103	87	0	0	10	0	0	0	0	0	408	238
Klebsiella grimontii	0	0	0	0	0	0	0	0	0	0	0	0	1168	171	0	0	1421	1068	23	0
Kocuria palustris	41	21	0	0	0	0	23	0	1193	513	36	10	115	12	599	195	17	12	81	43
Lachnoanaerobaculum gingivalis	0	0	37	102	116	290	30	108	0	0	0	30	35	52	37	64	31	103	0	0
Lachnoanaerobaculum saburreum	0	0	85	226	214	495	19	57	0	0	19	37	43	65	64	104	55	75	0	0
Lachnoanaerobaculum sp000209465	0	0	175	493	2823	6008	169	460	11	29	15	38	359	619	159	270	101	232	0	15
Lacticaseibacillus paracasei	1137	1132	0	0	0	0	0	0	0	0	0	0	13	0	10	14	0	0	0	0
Lactococcus cremoris	0	14	0	0	0	0	0	0	11	0	0	0	330	156	44	43	0	0	20	40
Lactococcus lactis	0	0	0	0	0	0	0	0	0	10	11	0	33	18	10	11	0	0	306	437
Lampropedia sp003703475	0	0	0	0	150	80	15	0	45	27	0	0	164	45	92	30	17	14	0	0
Lautropia dentalis	16	13	24	12	555	311	31	30	105	47	0	0	1353	509	260	114	242	221	11	0
Lautropia mirabilis	11	0	1234	596	36359	18046	1012	814	479	381	0	0	36290	13403	7565	4165	9941	7091	65	35
Lawsonella clevelandensis	21	12	0	0	0	0	147	150	3271	2371	185	76	2050	211	610	235	75	57	1237	701
Lelliottia amnigena	7307	4612	0	0	0	0	0	0	0	0	0	0	0	0	0	0	0	0	0	0
Lelliottia nimipressuralis	0	0	0	0	0	0	0	0	0	0	0	0	0	0	0	0	942	750	0	0
Leptotrichia A sp000469505	0	0	10	39	270	732	29	63	0	0	0	0	534	1145	133	281	53	129	0	0
Leptotrichia A sp001274535	0	0	28	112	3030	7273	66	214	14	42	16	36	3444	7315	663	1334	273	851	0	11
Leptotrichia A sp905371725	0	0	10	39	1144	2772	31	80	0	0	0	0	862	1854	180	459	59	211	0	0
Leptotrichia buccalis	0	0	716	2005	622	1425	0	0	0	0	0	0	84	194	48	107	37	111	0	0
Leptotrichia hofstadii	0	0	50	137	146	300	0	0	0	0	0	0	90	247	18	38	0	20	0	0
Leptotrichia massiliensis	0	0	64	180	506	1190	20	38	0	0	0	0	270	675	31	92	12	64	0	0
Leptotrichia sp013394795	0	0	96	239	80	170	0	0	0	0	0	0	51	98	0	28	0	31	0	0
Leptotrichia trevisanii	0	0	118	312	119	255	0	0	0	0	0	0	65	129	18	35	0	17	0	0
Leuconostoc mesenteroides	435	460	0	0	0	0	0	0	16	19	0	0	0	0	0	0	0	0	0	0
Leuconostoc pseudomesenteroides	1782	1909	0	0	0	0	0	0	0	0	0	0	0	0	0	0	0	0	0	0
Ligilactobacillus acidipiscis	2267	1919	0	0	0	0	0	0	0	0	0	0	0	0	0	0	0	0	0	0
Ligilactobacillus excrementavium	427	343	0	0	0	0	0	0	0	0	0	0	0	0	0	0	0	0	0	0
Limnohabitans sp009923505	0	0	0	0	0	0	0	0	659	469	0	0	0	0	10	10	0	0	0	0
Lysobacter B sp002798295	0	0	23	16	31	20	23	12	72	78	0	0	246	80	160	81	19	15	0	0
Malikia spinosa	0	0	0	0	0	0	0	0	12	0	0	0	17	0	0	0	0	0	1189	497
Massilia alkalitolerans	0	0	0	0	0	0	0	0	0	0	19	0	0	0	0	0	0	0	618	176
Mesocricetibacter sp905373425	0	0	25	32	1224	1832	535	931	1359	1916	0	0	10039	11389	2990	3650	544	899	0	0
Methanobrevibacter A gottschalkii	0	11	32	163	12	49	0	47	0	0	1402	2827	13	20	74	162	116	287	66	173
Methanobrevibacter A millerae	0	0	13	48	0	19	0	23	0	0	5161	8150	22	24	53	91	59	164	48	71
Methanobrevibacter A oralis	0	0	117	645	135	483	453	1234	70	102	13862	26988	201	447	3012	6165	3149	7533	2207	4313
Methanobrevibacter A smithii	0	0	0	20	0	12	0	15	0	0	895	2493	14	19	42	55	27	82	27	44
Methanobrevibacter A sp017434555	0	0	0	34	0	0	0	10	0	0	972	1579	0	0	11	35	15	46	0	30
Methanobrevibacter A sp017459665	0	0	0	54	0	12	0	0	0	0	235	440	0	0	0	12	0	18	0	14
Methanobrevibacter A sp017468685	0	0	21	72	0	19	0	0	0	0	715	1779	0	10	12	28	0	14	0	18
Methanobrevibacter A sp900314615	0	0	11	34	0	10	0	0	0	0	143	322	0	0	13	29	32	72	26	31
Methanobrevibacter A sp900314695	0	0	0	32	0	0	0	0	0	0	236	371	0	0	0	29	0	23	14	24
Methanobrevibacter A sp900317865	0	0	0	17	0	0	0	0	0	0	325	858	0	0	0	18	12	28	0	21
Methanobrevibacter A sp900319535	0	0	0	37	0	0	0	11	0	0	279	907	0	0	26	64	23	69	24	34
Methanobrevibacter A sp900766745	0	0	0	0	0	0	0	0	0	0	584	1132	0	15	13	30	12	43	0	17
Methanobrevibacter A sp900769095	0	0	0	32	0	12	0	12	0	0	186	379	0	0	22	35	11	50	0	21
Methanobrevibacter A sp902764455	0	0	12	24	0	12	0	0	0	0	741	1531	0	0	16	37	24	51	36	46
Methanobrevibacter A sp902783085	0	0	0	27	0	12	0	17	0	0	362	898	0	11	20	46	23	56	21	45
Methanobrevibacter A sp902785855	0	0	12	62	14	15	0	0	0	0	366	824	0	11	26	46	26	80	25	34
Methanobrevibacter A thaueri	0	0	30	109	11	31	0	0	0	0	379	761	0	0	27	37	16	51	17	35
Methanobrevibacter A woesei	0	0	0	0	0	0	0	0	0	0	1824	2587	18	26	34	59	40	68	10	37
Methanobrevibacter B sp900314605	0	0	0	0	0	0	0	0	0	0	283	756	0	0	12	20	0	27	0	16
Methanobrevibacter B sp905235195	0	0	0	0	0	0	0	0	0	0	391	1040	0	0	0	10	0	16	0	13
Methanobrevibacter B wolinii	0	0	0	0	0	0	0	0	0	0	243	436	0	0	0	13	0	17	0	11
Methanobrevibacter C cuticularis	0	0	0	0	0	0	0	0	0	0	365	774	0	14	0	17	11	37	0	21
Methanobrevibacter C sp003315655	0	0	0	0	0	0	0	0	0	0	359	753	0	15	0	11	11	21	0	14
Methanobrevibacter C sp009777005	0	0	0	0	0	0	0	0	0	0	477	791	0	0	0	13	15	28	13	25
Methanobrevibacter C sp009784145	0	0	0	0	0	0	0	0	0	0	307	595	0	0	0	0	0	14	0	11
Methanobrevibacter D curvatus	0	0	0	0	0	0	0	0	0	0	271	488	0	0	0	11	0	19	0	12
Methanobrevibacter D filiformis	0	0	0	0	0	0	0	0	0	0	272	481	0	0	0	0	0	24	0	21
Methanobrevibacter olleyae	0	0	0	13	0	0	50	143	0	0	252	549	51	104	24	45	178	521	20	35
Methanobrevibacter sp016838945	0	0	0	0	0	0	0	0	0	0	335	482	0	0	0	0	10	14	0	0
Microbacterium algeriense	0	0	0	0	0	0	0	0	2237	848	18	0	0	0	0	0	0	0	18	0
Mitsuaria aquatilis	0	0	0	0	0	0	0	0	400	284	14	0	0	0	0	0	0	0	0	0
Mogibacterium diversum	0	0	12	30	0	0	40	79	14	22	0	0	102	143	564	634	68	111	17	11
Mogibacterium pumilum	0	0	150	260	50	91	348	672	110	99	26	80	515	546	2688	2981	237	369	72	85
Mogibacterium timidum	0	0	115	253	58	147	37	78	0	14	19	44	44	64	199	229	40	81	21	27
Moraxella A cinereus	19	50	0	0	0	0	21	19	228	162	51	27	74	19	1038	716	0	0	31	26
Moraxella A osloensis	16	32	0	0	0	0	40	30	315	233	60	29	109	19	2498	1443	0	0	27	24
Moraxella A sp002478835	11	36	0	0	0	0	24	18	215	135	58	30	79	19	1482	980	60	63	19	14
Muriiphilus lacisalsi	0	0	0	0	0	0	0	0	0	0	0	0	0	0	3193	3276	0	0	0	0
Murimonas intestini	0	0	0	0	0	0	0	0	0	0	0	0	0	0	572	366	0	0	0	0
NS-12 sp005877565	0	0	0	0	0	0	0	0	496	300	31	0	0	0	0	0	0	0	0	0
NS-12 sp005877615	0	0	0	0	0	0	0	0	411	222	83	0	0	0	0	0	0	0	0	0
Nanoperiomorbus periodonticus	0	0	2124	2157	409	468	0	16	0	0	36	23	18	21	41	42	318	351	627	535
Nanoperiomorbus sp013333515	0	0	2218	2357	474	479	28	34	0	0	44	58	32	17	63	57	392	437	1293	1000
Nanoperiomorbus sp905365345	0	0	2243	2434	473	479	15	20	0	0	41	41	22	13	65	41	400	411	820	749
Nanoperiomorbus sp905372225	0	0	2254	2535	493	478	10	23	0	0	31	36	23	15	53	40	321	402	732	668
Nanoperiomorbus sp905373275	0	0	2196	2363	480	510	13	15	0	0	32	30	19	24	34	38	354	374	734	556
Nanoperiomorbus sp905373385	0	0	2583	2851	577	586	12	15	0	0	0	28	27	21	50	39	396	474	783	713
Nanosynbacter lyticus	0	0	502	582	599	614	459	539	320	343	743	581	533	431	1726	1366	206	215	133	113
Nanosynbacter sp005697215	0	0	722	709	1110	1031	288	257	44	57	683	493	116	74	374	240	183	205	100	63
Nanosynbacter sp005697565	0	0	339	358	730	701	2627	3100	266	292	401	382	358	226	789	565	626	681	67	62
Nanosynbacter sp010202115	0	0	659	661	1008	852	305	313	59	77	435	356	183	116	386	243	243	209	62	61
Nanosynbacter sp010202465	0	0	503	489	692	632	225	232	64	54	424	249	97	64	272	176	157	152	71	60
Nanosynbacter sp010202645	0	0	856	686	1101	1011	247	207	58	44	543	373	132	72	345	205	176	169	87	93
Nanosynbacter sp010202845	0	0	762	665	1172	1067	253	216	54	54	691	472	134	76	339	244	173	177	89	73
Nanosynbacter sp013099015	0	0	890	924	1345	1298	293	274	69	58	490	382	174	96	394	244	255	219	343	233
Nanosynbacter sp013099195	0	0	638	588	945	931	264	299	64	42	580	416	163	78	405	267	178	185	102	80
Nanosynbacter sp013100805	0	0	761	731	1167	1174	257	239	46	59	521	400	115	69	333	233	178	194	86	85
Nanosynbacter sp013100825	0	0	381	360	673	617	302	248	63	57	474	313	121	60	341	204	173	162	73	67
Nanosynbacter sp013333695	0	0	724	618	1052	1000	169	162	53	39	514	416	121	57	327	242	189	169	80	70
Nanosynbacter sp015257635	0	0	129	163	93	122	28	33	0	0	41	20	0	0	28	22	10	10	15	11
Nanosynbacter sp905372305	0	0	9760	11409	3652	4107	655	728	116	102	9793	8144	312	209	2064	1375	1235	1259	1569	1341
Nanosynbacter sp905372835	0	0	528	489	634	650	2906	3230	296	277	439	389	408	247	867	614	707	745	84	59
Nanosynbacter sp905373315	0	0	191	163	265	285	3280	3718	312	299	167	117	432	264	818	616	746	791	51	38
Nanosynbacter sp905373795	0	0	10046	11497	3845	4267	564	618	83	81	8950	7121	262	150	1724	1144	1027	1150	1472	1394
Neisseria cerebrosa	0	0	0	0	222	239	36	65	0	0	0	0	204	152	58	37	40	38	0	0
Neisseria elongata	0	0	114	124	4533	3444	1065	1176	194	171	0	0	6592	2974	1320	913	470	366	0	0
Neisseria lactamica	0	0	15	13	395	337	53	50	0	10	0	0	765	626	166	120	176	192	0	0
Neisseria macacae	0	0	0	0	149	156	16	25	0	0	0	0	239	190	55	47	54	55	0	0
Neisseria mucosa	0	0	19	13	851	826	81	131	33	16	0	0	993	703	226	200	220	213	10	0
Neisseria sicca	0	0	44	40	2432	2302	275	395	80	71	0	0	3446	2713	639	689	821	877	10	0
Neisseria sp000090875	0	0	196	180	2403	2129	57	53	16	28	0	0	1789	1311	236	204	651	655	0	0
Neisseria sp000227275	0	0	0	0	120	125	25	33	0	0	0	0	281	201	51	47	56	69	0	0
Neisseria sp000952795	0	0	0	0	165	166	17	28	0	0	0	0	156	124	38	32	40	40	0	0
Neisseria sp001809325	0	0	11	11	417	392	57	65	11	13	0	0	746	596	147	138	176	179	0	0
Neisseria sp001815675	0	0	0	0	105	97	18	29	0	0	0	0	237	157	59	44	51	57	0	0
Nesterenkonia cremea	356	244	0	0	0	0	0	0	11	0	21	0	0	0	0	0	0	0	0	0
Nitratireductor C aestuarii	0	0	0	0	0	0	0	0	0	0	0	0	0	0	719	940	0	0	0	0
Olsenella F profusa	0	0	105	69	73	31	24	17	18	0	155	35	0	0	18	11	88	45	307	115
Olsenella F sp001189515	0	0	174730	103978	89015	53127	8351	4842	34	29	38418	15133	1883	672	4738	1818	23667	16185	103555	40079
Olsenella I phocaeensis	0	0	202	120	90	66	24	19	0	0	123	49	0	0	22	12	69	58	354	131
Olsenella uli	0	0	1557	764	131	72	20	0	0	0	109	45	0	0	0	0	39	29	192	74
Oribacterium sp000160135	0	0	132	115	88	106	0	12	0	0	0	11	0	0	0	12	91	116	0	10
Oribacterium sp013394775	0	0	1192	1756	175	278	0	0	0	0	0	17	0	0	16	11	20	16	0	0
Ottowia sp001262075	0	0	3968	2050	133488	69777	33	19	84	69	25	0	398	148	3951	2158	642	474	0	0
Ottowia sp003859965	0	0	18	0	167	98	79	36	206	174	30	0	991	228	613	243	128	73	0	10
Pantoea agglomerans	27	15	0	0	0	0	0	0	13	0	0	0	58	0	12	0	2171	1425	12	0
Pantoea brenneri	0	0	0	0	0	0	0	0	0	0	0	0	580	104	0	0	0	0	0	0
Paraburkholderia sp001319865	675	296	0	0	0	0	0	0	0	0	0	0	50	22	0	0	0	0	0	0
Paraeggerthella hongkongensis	0	0	105	87	30	20	151	118	0	0	17	10	21	0	53	18	0	0	83	44
Pararheinheimera mesophila	0	0	0	0	0	0	0	0	0	0	0	0	1856	594	0	0	0	0	114	94
Pararheinheimera sp003990335	0	0	0	0	0	0	0	0	0	0	0	0	21	0	0	0	0	0	371	263
Pararheinheimera sp004005375	0	0	0	0	0	0	0	0	0	0	0	0	13	0	0	0	0	0	396	291
Pararheinheimera sp018815765	0	0	0	0	0	0	0	0	0	0	0	0	13	0	0	0	0	0	525	364
Pararheinheimera tangshanensis	10	22	0	0	0	0	0	0	10	12	13	0	83	45	11	15	11	0	323	216
Parvimonas micra	0	0	704	2665	234	760	63	268	19	75	25	43	69	225	278	631	25	93	0	19
Parvimonas sp000214475	0	0	91	345	70	226	88	301	29	84	20	33	132	411	384	936	25	103	0	0
Parvimonas sp000223315	0	0	220	1027	344	1139	206	675	24	73	36	198	125	343	543	1339	60	234	0	15
Parvimonas sp001553085	0	0	11	63	12	48	35	169	0	16	15	25	42	98	122	274	21	51	0	0
Parvimonas sp015257355	0	0	22	99	31	99	66	241	0	21	16	25	55	141	156	439	0	53	0	0
Paucilactobacillus hokkaidonensis	588	698	0	0	0	0	0	0	0	0	0	0	0	0	0	0	0	0	0	0
Pauljensenia bouchesdurhonensis	0	0	24	17	44	22	98	51	133	73	73	16	165	56	230	113	212	143	55	27
Pauljensenia cardiffensis	0	0	14915	8244	3919	2196	35299	23801	30	39	6213	1988	1273	550	3967	2214	3565	1734	1112	683
Pauljensenia culturomici	0	0	86	48	52	25	90	50	27	22	177	39	32	13	81	48	100	68	28	17
Pauljensenia georgiae	0	0	8121	2964	3561	1433	1055	541	3541	1590	413	98	1728	439	1123	450	1258	647	5430	2309
Pauljensenia hongkongensis	0	0	4673	1786	4812	1819	807	426	5325	2182	190	57	1550	426	1019	436	1288	553	7401	3102
Pauljensenia hyovaginalis	0	0	263	123	420	212	105	66	31	25	171	40	37	14	75	37	102	47	23	18
Pauljensenia mediterranea	0	0	199917	96350	144318	70597	373	210	32	12	155	47	39	20	109	60	114	75	42	24
Pauljensenia meyeri	0	0	629	298	4223	2273	133	73	445	253	17047	4502	408	159	2222	1113	6823	3431	213	106
Pauljensenia odontolytica	0	0	703	293	184	100	353	185	2533	1428	222	70	2393	816	2521	1203	974	551	112	53
Pauljensenia sp000185285	0	0	155	81	135	70	171	108	551	318	602	153	581	210	1864	833	2794	1407	188	99
Pauljensenia sp000278725	0	0	35	31	36	25	110	95	221	121	102	27	250	77	412	171	342	169	82	46
Pauljensenia sp000411415	0	0	25	13	22	11	32	29	105	71	40	11	121	48	165	82	159	100	22	11
Pauljensenia sp000466265	0	0	40	23	58	30	149	74	204	126	135	39	245	85	390	180	363	217	52	33
Pauljensenia sp001064145	0	0	29	15	20	0	33	15	115	60	19	16	122	39	149	70	136	68	25	0
Pauljensenia sp001838165	0	0	16	0	24	12	33	15	102	68	17	0	117	39	137	76	111	71	10	0
Pauljensenia sp018375675	0	0	14	12	17	10	39	21	98	57	26	0	82	30	85	61	94	72	12	0
Pauljensenia sp018986735	0	0	39	22	33	14	45	39	27	22	131	42	31	11	65	33	80	46	39	20
Pauljensenia sp900556405	0	0	30	19	18	0	32	19	65	51	28	10	80	36	112	59	101	54	14	0
Pauljensenia sp902373435	0	0	320	139	219	82	47	21	123	79	86	21	142	50	184	98	194	93	0	0
Pauljensenia sp902373545	0	0	44	28	55	29	127	72	202	119	91	21	254	77	360	167	386	196	60	39
Pelomonas depolymerans	0	0	0	0	0	0	0	0	3689	2459	0	0	0	0	0	0	0	0	10	0
Pelomonas puraquae	0	0	0	0	0	0	66	20	940632	623618	25	0	12	0	0	0	0	0	15	0
Pelomonas saccharophila	0	0	0	0	0	0	0	0	5668	3955	0	0	0	0	0	0	0	0	23	18
Pelomonas sp001425055	0	0	0	0	0	0	0	0	384	297	13	0	10	0	0	0	0	0	0	0
Pelomonas sp001425165	0	0	0	0	0	0	0	0	354	269	0	0	11	0	0	0	0	0	20	0
Pelomonas sp001426885	0	0	0	0	0	0	0	0	475	332	0	0	0	0	0	0	0	0	21	0
Pelomonas sp003963005	0	0	0	0	0	0	0	0	31382	20945	18	0	0	0	0	0	0	0	22	17
Pelomonas sp003963075	0	0	0	0	0	0	0	0	5905	4213	49	0	0	0	0	0	0	0	20	20
Pelomonas sp009996515	0	0	0	0	0	0	0	0	472	294	0	0	0	0	0	0	0	0	16	0
Pelomonas sp016195825	0	0	0	0	0	0	0	0	351	281	36	0	0	0	0	0	0	0	19	17
Peptidiphaga gingivicola	0	0	772	372	710	444	98	39	30	12	31	12	287	119	157	61	67	37	23	10
Peptidiphaga sp000466165	0	0	184	102	42	25	72	52	51	30	70	24	30	0	40	14	46	34	45	29
Peptidiphaga sp905373325	0	0	687	291	2190	1212	31	25	12	0	23	0	444	176	184	79	65	45	17	0
Peptoanaerobacter margaretiae	0	0	370	1175	2282	5336	221	688	220	511	0	17	2341	4695	1135	2686	369	1033	0	18
Peptoanaerobacter stomatis	0	0	230	558	116	349	73	150	0	12	30	59	37	59	97	106	18	54	15	14
Peptoanaerobacter yurii	0	0	313	919	5645	13167	266	905	245	623	0	20	2908	5914	1346	3149	435	1303	0	20
Peptostreptococcus canis	0	0	109	383	206	613	88	188	0	0	34	57	34	40	47	61	28	38	0	0
Peptostreptococcus russellii	269	515	0	0	0	0	0	0	0	0	0	31	0	0	0	0	0	0	0	0
Peptostreptococcus sp000758885	0	0	0	30	10	26	87	201	0	11	0	15	37	49	70	112	59	103	0	21
Peptostreptococcus sp900759325	0	0	10	42	0	32	166	390	0	15	13	31	54	100	140	229	133	258	39	53
Peptostreptococcus stomatis	0	0	414	1083	385	983	2377	5089	142	222	201	474	880	1143	1950	2734	1909	3535	365	560
Phocaeicola abscessus	0	0	4774	5859	1024	1237	0	12	0	0	0	0	0	0	0	0	0	14	0	0
Porphyromonas catoniae	0	0	0	0	475	471	17	18	36	59	0	0	436	316	82	91	0	11	0	0
Porphyromonas endodontalis	0	0	157	218	371	446	14	16	11	10	0	0	10	15	18	24	0	0	10	11
Porphyromonas gingivalis	0	0	3142	3480	939	1083	297	352	0	12	25	40	47	32	82	98	30	44	49	34
Porphyromonas pasteri	0	0	0	0	42	55	0	0	17	12	0	0	469	240	228	186	10	17	33	19
Porphyromonas sp000467855	0	0	65	44	496	383	11	13	0	0	0	0	211	119	121	126	0	0	0	0
Porphyromonas sp018127745	0	0	0	0	205	119	0	0	0	0	0	0	315	134	71	47	0	0	0	0
Porphyromonas sp905372525	0	0	0	13	1454	1338	30	51	72	90	0	0	947	653	194	163	36	47	0	0
Prevotella buccae	0	0	301	313	200	210	0	0	0	0	0	0	0	0	0	0	0	0	0	0
Prevotella conceptionensis	0	0	2039	2262	2256	2536	21	29	0	0	0	0	442	473	214	293	37	35	19	0
Prevotella intermedia	0	0	282	363	277	394	32	72	0	0	0	0	136	139	105	184	32	55	17	14
Prevotella koreensis	0	0	1163	1635	260	368	10	39	0	0	0	0	70	95	148	236	60	130	103	119
Prevotella loescheii	0	0	856	1085	4783	5915	95	138	16	27	0	0	6728	7171	2252	2787	372	708	47	31
Prevotella maculosa	0	0	537	701	162	225	0	0	0	0	0	0	10	0	0	0	0	0	0	0
Prevotella micans	0	0	258	385	174	254	0	0	0	0	0	0	0	0	0	0	0	0	0	0
Prevotella saccharolytica	0	0	393	645	1709	2599	33	57	0	18	0	0	326	376	117	185	47	88	13	26
Prevotella shahii	0	0	110	160	179	229	0	0	0	0	0	0	80	99	30	41	0	10	0	0
Prevotella sp905373605	0	0	469	520	101	119	0	0	0	0	0	0	44	48	17	20	0	0	0	0
Propionibacterium acidifaciens	0	0	34	25	125	52	29	13	148	76	64	22	0	0	23	12	30	31	25	10
Prosthecochloris vibrioformis	0	0	0	0	42	58	0	0	0	0	0	0	10	11	89	86	340	358	0	0
Proteiniphilum sp003712195	0	0	258	406	46	95	0	0	0	0	0	0	0	0	0	0	0	0	0	0
Pseudoduganella guangdongensis	0	0	0	0	0	0	0	0	0	0	0	0	0	0	0	0	0	0	2965	1485
Pseudomonas B oryzihabitans	0	0	0	0	0	0	0	0	0	0	0	0	13	0	0	0	1905	571	0	0
Pseudomonas E anatoliensis	0	0	0	0	0	0	0	0	0	0	0	0	0	0	0	0	717	436	0	0
Pseudomonas E azotoformans	0	0	0	0	0	0	0	0	0	0	0	0	0	0	0	0	9453	5645	0	0
Pseudomonas E bubulae	0	0	0	0	0	0	0	0	12	0	0	0	10	0	11	0	1308	644	14	10
Pseudomonas E coleopterorum	0	0	0	0	0	0	0	0	0	0	0	0	0	0	0	0	2253	1089	0	0
Pseudomonas E fulva	0	0	0	0	0	0	0	0	0	0	0	0	804	78	0	0	23	14	0	0
Pseudomonas E hunanensis	0	0	0	0	0	0	0	0	0	0	18	10	35	10	10	0	3173	1806	258	105
Pseudomonas E iridis	0	0	0	0	0	0	0	0	0	0	0	0	0	0	0	0	1890	981	0	0
Pseudomonas E juntendi	0	0	0	0	0	0	0	0	0	0	25	0	28	0	0	0	1683	660	14	0
Pseudomonas E paracarnis	0	0	0	0	0	0	0	0	10	0	0	0	12	0	0	0	1878	886	10	0
Pseudomonas E psychrophila	0	0	0	0	0	0	0	0	0	0	0	0	25	0	10	0	1532	805	0	0
Pseudomonas E putida	14	0	0	0	0	0	0	0	0	0	0	0	1623	180	0	0	1454	866	32	13
Pseudomonas E sp000416235	0	0	0	0	0	0	0	0	0	0	0	0	0	0	0	0	884	450	0	0
Pseudomonas E sp001269815	0	0	0	0	0	0	0	0	0	0	0	0	0	0	0	0	637	356	11	0
Pseudomonas E sp002836515	0	0	0	0	0	0	0	0	0	0	0	0	17	0	0	0	7351	4436	0	0
Pseudomonas E sp002843585	0	0	0	0	0	0	0	0	14	0	0	0	0	0	0	0	4774	2241	0	0
Pseudomonas E sp900583165	0	0	0	0	0	0	0	0	0	0	0	0	0	0	0	0	514	338	0	0
Psychrobacter faecalis	78	109	0	0	0	0	0	0	0	0	0	0	7594	2162	102	142	0	0	0	0
Psychrobacter sp002377905	24	22	0	0	0	0	0	0	0	0	0	0	699	172	22	29	0	0	0	0
Puteibacter caeruleilacunae	0	0	0	0	0	0	0	0	0	0	0	0	0	0	28	17	0	0	497	141
Pyramidobacter piscolens	0	0	433	307	522	356	0	0	0	0	0	0	0	0	0	0	0	0	0	0
QFNR01 sp003248485	14	13	0	0	0	0	65	108	391	488	41	36	187	68	249	254	0	0	99	76
RCIZ01 sp016793485	0	0	0	0	0	0	0	0	804	478	0	0	0	0	0	0	0	0	0	0
Rahnella aceris	5759	4005	0	0	0	0	0	0	0	0	0	0	0	0	0	0	1257	1182	0	0
Rahnella aquatilis	148	96	0	0	0	0	0	0	0	0	0	0	0	0	0	0	855	755	0	0
Rahnella inusitata	0	0	0	0	0	0	0	0	0	0	0	0	0	0	0	0	1593	1378	0	0
Rahnella sp004195115	1555	1062	0	0	0	0	0	0	0	0	0	0	0	0	0	0	35590	29521	0	0
Rahnella victoriana	1716	1026	0	0	0	0	0	0	0	0	0	0	0	0	0	0	90	70	0	0
Rhodoferax sp008015235	0	0	0	0	0	0	0	0	706	526	16	0	24	13	16	0	0	0	0	0
Rickettsia felis	269	720	0	0	0	0	0	0	0	0	0	0	0	0	0	0	0	0	0	0
Rothia aeria	12	11	239	151	1641	1549	15	14	70	43	0	0	783	361	6482	2572	3196	2084	38	12
Rothia amarae	0	0	0	0	0	0	0	0	410	459	0	0	10	0	0	0	0	0	0	0
Rothia dentocariosa	18	23	294	281	161	139	54	39	483	349	28	11	352	86	633	255	269	176	111	64
Rothia kristinae	0	0	0	0	0	0	0	0	914	564	10	0	0	0	112	16	0	0	0	0
Rouxiella badensis	0	0	0	0	0	0	0	0	0	0	0	0	0	0	0	0	1074	951	0	0
Rubrivivax sp001724995	0	0	0	0	0	0	0	0	605	390	0	0	0	0	0	0	0	0	0	0
Rubrivivax sp013822265	0	0	0	0	0	0	0	0	1425	913	0	0	0	0	0	0	0	0	0	0
S5-A14a sp900112915	0	0	142	336	52	121	67	137	0	0	19	36	0	15	31	60	17	50	0	0
SDRW01 sp007845485	0	0	754	1400	12240	25399	155	170	35	18	252	288	34	23	165	123	86	114	128	122
SSSZ01 sp016720065	0	0	0	0	0	0	0	0	710	688	0	0	0	0	0	0	0	0	0	0
Saccharimonas sp010202265	0	0	2130	2350	5847	6620	1043	1354	60	55	80	87	693	366	684	465	152	160	74	93
Saccharimonas sp013333625	0	0	2704	2667	1386	1453	526	686	53	46	284	190	89	67	337	236	427	511	87	34
Saccharimonas sp013333645	0	0	75	67	33	36	112	88	0	0	59	32	78	25	126	75	21	23	182	147
Saccharimonas sp013333795	0	0	2384	2537	1243	1363	69	73	0	11	289	228	34	15	169	120	305	301	221	169
Saccharimonas sp013333845	0	0	3221	4064	1342	1510	80	77	0	0	213	169	44	21	233	177	392	466	23	26
Saccharimonas sp015257605	0	0	2459	2678	1171	1227	82	69	0	10	262	197	27	14	158	103	285	276	59	42
Saccharimonas sp015257665	0	0	55	60	42	41	335	258	37	26	32	18	164	73	191	126	48	42	60	27
Saccharimonas sp018127705	0	0	133	166	63	121	18	28	0	0	18	35	0	0	18	0	24	34	11	14
Saccharimonas sp905365145	0	0	2877	3087	1499	1550	143	150	29	28	511	472	64	33	274	159	421	412	63	54
Saccharimonas sp905371595	0	0	2751	3009	1371	1479	142	174	11	20	305	249	51	33	237	160	294	311	67	46
Saccharimonas sp905371715	0	0	33	71	121	129	41	55	0	0	32	49	11	0	51	31	13	19	0	0
Saccharimonas sp905372095	0	0	3950	4384	1801	1895	110	129	19	16	341	347	50	27	297	204	381	382	63	66
Saccharimonas sp905372275	0	0	3073	3167	1641	1708	114	117	14	20	542	503	63	40	339	259	377	348	74	59
Saccharimonas sp905373835	0	0	41	51	35	46	93	81	10	0	39	12	107	47	144	93	13	20	0	0
Saccharopolyspora dendranthemae	0	0	0	0	0	0	0	0	0	0	35	0	1223	474	13	0	0	0	0	0
Selenomonas sp905372355	0	0	972	737	118	83	32	22	0	0	0	0	0	0	19	0	37	35	0	0
Selenomonas sp905373085	0	0	801	633	137	91	24	26	0	0	0	0	11	10	15	13	39	27	16	0
Selenomonas sputigena	0	0	1879	1424	203	164	41	36	0	0	0	0	0	0	24	18	46	39	15	12
Shewanella bicestrii	0	0	0	0	0	0	0	0	0	0	0	0	1057	296	0	0	0	0	0	0
Shewanella decolorationis	0	0	0	0	0	0	0	0	0	0	0	0	558	148	0	0	0	0	0	0
Shewanella sp000203935	0	0	0	0	0	0	0	0	0	0	0	0	1373	442	0	0	0	0	0	0
Slackia exigua	0	0	4211	2245	858	482	132	122	0	0	18	11	0	0	16	12	274	209	1655	1121
Sphaerotilus sp013294065	0	0	0	0	0	0	0	0	550	402	0	0	0	0	0	0	0	0	0	0
Sphingobacterium kitahiroshimense	353	550	0	0	0	0	0	0	0	0	0	0	0	0	0	0	80	192	16	14
Sphingobacterium sp001586775	0	911	0	0	0	0	0	0	0	0	0	0	0	0	0	0	0	0	0	0
Sphingobium xenophagum	0	0	0	0	0	0	0	0	1093	626	0	0	0	0	0	0	0	0	0	0
Spirillospora cremea	0	0	0	0	0	0	20	0	77	26	15	0	25	0	365	84	0	0	92	24
Staphylococcus capitis	63	170	0	0	0	0	27	95	1199	2336	30	60	110	62	257	357	102	237	165	289
Staphylococcus epidermidis	50	210	0	0	0	0	86	313	2110	4348	113	82	272	186	376	487	30	100	753	1257
Staphylococcus equorum	139	175	0	0	0	0	67	212	569	782	0	0	17	16	33	74	0	0	46	51
Staphylococcus haemolyticus	22	37	0	0	0	0	0	14	257	451	0	15	23	0	27	15	0	25	12	22
Staphylococcus hominis	36	94	0	0	0	0	0	20	1387	2784	25	19	119	71	63	68	0	39	78	173
Staphylococcus pseudoxylosus	0	0	0	0	0	0	15	56	130	190	0	0	0	0	150	193	0	0	11	0
Staphylococcus saccharolyticus	0	10	0	0	0	0	10	29	233	420	0	13	90	19	19	15	0	0	143	294
Staphylococcus xylosus	0	13	0	0	0	0	234	578	1860	2446	0	0	220	166	12	0	0	0	0	10
Streptococcus anginosus	0	0	422	877	147	322	47	66	11	24	0	0	39	44	33	55	204	251	26	28
Streptococcus australis	0	0	43	67	72	117	24	43	0	0	0	0	33	46	28	43	40	65	20	15
Streptococcus constellatus	0	0	4456	8288	201	411	76	147	45	39	0	0	86	72	103	149	405	512	62	77
Streptococcus cristatus	0	11	2148	3378	3254	4881	1045	1433	665	575	0	0	1476	1294	1263	1258	8302	7878	814	770
Streptococcus gordonii	0	0	269	613	1221	1994	160	228	298	276	10	0	639	678	1077	1413	3029	3102	128	108
Streptococcus intermedius	0	0	449	881	63	129	32	40	57	64	0	0	93	85	62	95	526	639	22	24
Streptococcus lactarius	0	0	43	56	65	103	0	0	12	0	0	0	11	16	78	83	89	107	0	0
Streptococcus massiliensis	0	0	23	58	32	90	24	40	23	14	0	0	44	51	54	36	161	187	19	19
Streptococcus oralis	0	0	0	0	64	141	10	18	11	19	0	0	27	49	26	27	146	183	0	0
Streptococcus oricebi	0	0	0	0	20	31	21	22	24	31	0	0	30	42	34	41	200	203	0	0
Streptococcus panodentis	0	0	18	46	123	231	125	114	164	192	0	0	350	332	220	221	1830	1955	58	34
Streptococcus sanguinis	0	0	798	1190	12484	18122	2762	3729	5784	5441	28	25	11199	10071	6375	5659	63116	58985	1095	770
Streptococcus sinensis	0	0	12350	20032	12457	20164	4914	7583	394	384	44	30	2167	2092	4887	4904	20250	20916	5014	4177
Streptococcus sp000220065	0	0	61	79	785	1389	76	104	139	112	0	0	226	251	163	200	1417	1412	43	25
Streptococcus sp902460355	0	0	206	313	316	460	107	160	75	74	0	0	171	171	150	164	1116	1058	99	63
Streptococcus sp905221295	0	0	60	104	205	335	12	12	0	0	0	0	22	23	11	22	28	55	0	10
Streptococcus sp905372115	0	0	109	150	2252	3239	285	398	649	585	0	0	1256	1076	766	642	7235	6596	121	79
Streptococcus thermophilus	0	0	0	0	0	11	0	10	58	79	0	0	307	105	35	39	15	42	20	22
Streptomyces actuosus	7129	9358	0	0	0	0	0	0	0	0	27	0	306	212	0	16	0	0	0	0
Streptomyces mutabilis	886	1239	0	0	0	0	0	11	38	80	17	0	49	30	18	34	0	0	12	15
Streptomyces sp001428885	340	347	0	0	0	0	0	0	0	0	0	0	0	0	0	0	0	0	0	0
TA-21 sp014523495	0	0	0	0	0	0	0	0	1351	1858	106	79	0	0	0	0	0	0	23	41
Tannerella forsythia	0	0	12685	12580	9306	9529	218	323	17	13	174	282	872	775	892	991	358	610	52	63
Tannerella sp002890585	0	0	1737	1210	1828	1213	13	16	0	0	0	0	230	98	129	98	106	96	0	0
Tannerella sp003033925	0	0	4003	2958	16814	11281	53	71	22	17	0	0	1570	753	756	563	695	575	22	0
Tepidiphilus succinatimandens	115	41	0	0	0	0	0	0	14	21	0	16	0	0	365	163	0	0	10	0
Thiomicrorhabdus sp013391695	0	0	0	0	0	0	0	0	689	515	0	0	0	0	0	0	0	0	0	0
Treponema B denticola	0	0	2619	5717	1987	3935	36	112	11	10	145	409	63	79	131	210	348	812	133	148
Treponema B putidum	0	0	351	817	405	908	0	13	0	0	27	64	10	21	20	36	39	111	20	23
Treponema B sp905372345	0	0	365	754	289	529	0	16	0	0	24	74	0	17	21	30	35	87	12	18
Treponema C lecithinolyticum	0	0	143	170	155	214	0	0	0	0	19	49	0	0	10	0	14	22	0	0
Treponema C maltophilum	0	0	1158	1249	1076	1067	43	43	0	0	81	74	48	23	63	58	285	342	50	35
Treponema C sp905372025	0	0	1500	1696	1152	1221	41	51	0	0	237	286	69	51	94	82	306	398	49	29
Treponema D buccale	0	0	1237	1223	565	522	17	20	0	0	99	137	35	30	68	51	251	287	56	49
Treponema D paredis	0	0	1536	1504	1486	1410	43	42	0	0	142	152	96	77	117	113	422	490	69	47
Treponema D parvum	0	0	218	378	183	246	0	11	0	0	13	0	0	0	0	0	45	67	34	17
Treponema D socranskii	0	0	2061	2130	920	909	15	0	0	0	62	100	21	21	45	34	154	172	35	34
Treponema D sp014334325	0	0	788	734	660	601	10	0	0	0	37	36	21	17	25	22	101	111	25	19
Treponema D sp014334335	0	0	190	333	120	165	0	0	0	0	0	0	0	0	0	0	0	10	0	0
Treponema sp000775995	0	0	309	452	429	523	0	14	0	0	0	15	21	19	24	33	15	39	0	0
Tropicimonas sabulilitoris	621	174	0	0	0	0	0	0	0	0	0	0	69	19	0	0	0	0	0	0
UBA1181 sp900769555	0	0	0	0	0	0	0	0	0	0	0	0	0	0	478	942	0	0	0	0
UBA412 sp002495685	0	0	0	0	0	0	0	0	0	0	312	765	0	13	0	12	10	26	0	0
Veillonella sp900757715	0	0	10	31	0	16	0	0	15	10	0	0	145	193	96	116	38	86	0	11
W11650 sp002999035	0	0	7922	9034	5747	6706	198	323	0	22	32	96	295	261	465	579	173	276	63	66
W11650 sp003858485	0	0	109	217	68	191	24	58	0	0	111	262	20	26	51	91	31	52	32	34
W5053 sp000467935	0	0	6571	14413	2608	4881	261	589	22	29	1863	4498	114	147	593	978	841	1701	138	244
WRIP01 sp012520915	0	0	387	921	62	190	127	226	10	0	12	46	12	0	47	57	71	95	0	0
Xylophilus sp016428875	0	0	0	0	0	0	0	0	448	329	0	0	0	0	0	0	0	0	0	0
Zoogloea sp002028455	0	0	0	0	0	0	0	0	4875	4186	0	0	0	0	0	0	11	11	21	15
