gc_bin,counts_gc,Study
"(19,20]",1,BAN001.A0101.SG1.1_5M.oral_gc_rl.tsv.gz
"(23,24]",2,BAN001.A0101.SG1.1_5M.oral_gc_rl.tsv.gz
"(24,25]",1,BAN001.A0101.SG1.1_5M.oral_gc_rl.tsv.gz
"(25,26]",1,BAN001.A0101.SG1.1_5M.oral_gc_rl.tsv.gz
"(26,27]",3,BAN001.A0101.SG1.1_5M.oral_gc_rl.tsv.gz
"(27,28]",2,BAN001.A0101.SG1.1_5M.oral_gc_rl.tsv.gz
"(28,29]",2,BAN001.A0101.SG1.1_5M.oral_gc_rl.tsv.gz
"(29,30]",3,BAN001.A0101.SG1.1_5M.oral_gc_rl.tsv.gz
"(30,31]",1,BAN001.A0101.SG1.1_5M.oral_gc_rl.tsv.gz
"(31,32]",2,BAN001.A0101.SG1.1_5M.oral_gc_rl.tsv.gz
"(32,33]",5,BAN001.A0101.SG1.1_5M.oral_gc_rl.tsv.gz
"(33,34]",5,BAN001.A0101.SG1.1_5M.oral_gc_rl.tsv.gz
"(34,35]",9,BAN001.A0101.SG1.1_5M.oral_gc_rl.tsv.gz
"(35,36]",2,BAN001.A0101.SG1.1_5M.oral_gc_rl.tsv.gz
"(36,37]",9,BAN001.A0101.SG1.1_5M.oral_gc_rl.tsv.gz
"(37,38]",5,BAN001.A0101.SG1.1_5M.oral_gc_rl.tsv.gz
"(38,39]",3,BAN001.A0101.SG1.1_5M.oral_gc_rl.tsv.gz
"(39,40]",5,BAN001.A0101.SG1.1_5M.oral_gc_rl.tsv.gz
"(40,41]",2,BAN001.A0101.SG1.1_5M.oral_gc_rl.tsv.gz
"(41,42]",9,BAN001.A0101.SG1.1_5M.oral_gc_rl.tsv.gz
"(42,43]",5,BAN001.A0101.SG1.1_5M.oral_gc_rl.tsv.gz
"(43,44]",11,BAN001.A0101.SG1.1_5M.oral_gc_rl.tsv.gz
"(44,45]",8,BAN001.A0101.SG1.1_5M.oral_gc_rl.tsv.gz
"(45,46]",9,BAN001.A0101.SG1.1_5M.oral_gc_rl.tsv.gz
"(46,47]",16,BAN001.A0101.SG1.1_5M.oral_gc_rl.tsv.gz
"(47,48]",8,BAN001.A0101.SG1.1_5M.oral_gc_rl.tsv.gz
"(48,49]",4,BAN001.A0101.SG1.1_5M.oral_gc_rl.tsv.gz
"(49,50]",17,BAN001.A0101.SG1.1_5M.oral_gc_rl.tsv.gz
"(50,51]",1,BAN001.A0101.SG1.1_5M.oral_gc_rl.tsv.gz
"(51,52]",11,BAN001.A0101.SG1.1_5M.oral_gc_rl.tsv.gz
"(52,53]",9,BAN001.A0101.SG1.1_5M.oral_gc_rl.tsv.gz
"(53,54]",15,BAN001.A0101.SG1.1_5M.oral_gc_rl.tsv.gz
"(54,55]",9,BAN001.A0101.SG1.1_5M.oral_gc_rl.tsv.gz
"(55,56]",15,BAN001.A0101.SG1.1_5M.oral_gc_rl.tsv.gz
"(56,57]",5,BAN001.A0101.SG1.1_5M.oral_gc_rl.tsv.gz
"(57,58]",8,BAN001.A0101.SG1.1_5M.oral_gc_rl.tsv.gz
"(58,59]",10,BAN001.A0101.SG1.1_5M.oral_gc_rl.tsv.gz
"(59,60]",12,BAN001.A0101.SG1.1_5M.oral_gc_rl.tsv.gz
"(60,61]",12,BAN001.A0101.SG1.1_5M.oral_gc_rl.tsv.gz
"(61,62]",6,BAN001.A0101.SG1.1_5M.oral_gc_rl.tsv.gz
"(62,63]",8,BAN001.A0101.SG1.1_5M.oral_gc_rl.tsv.gz
"(63,64]",6,BAN001.A0101.SG1.1_5M.oral_gc_rl.tsv.gz
"(64,65]",14,BAN001.A0101.SG1.1_5M.oral_gc_rl.tsv.gz
"(65,66]",3,BAN001.A0101.SG1.1_5M.oral_gc_rl.tsv.gz
"(66,67]",5,BAN001.A0101.SG1.1_5M.oral_gc_rl.tsv.gz
"(67,68]",11,BAN001.A0101.SG1.1_5M.oral_gc_rl.tsv.gz
"(68,69]",4,BAN001.A0101.SG1.1_5M.oral_gc_rl.tsv.gz
"(69,70]",7,BAN001.A0101.SG1.1_5M.oral_gc_rl.tsv.gz
"(70,71]",2,BAN001.A0101.SG1.1_5M.oral_gc_rl.tsv.gz
"(71,72]",11,BAN001.A0101.SG1.1_5M.oral_gc_rl.tsv.gz
"(72,73]",4,BAN001.A0101.SG1.1_5M.oral_gc_rl.tsv.gz
"(73,74]",6,BAN001.A0101.SG1.1_5M.oral_gc_rl.tsv.gz
"(74,75]",1,BAN001.A0101.SG1.1_5M.oral_gc_rl.tsv.gz
"(75,76]",3,BAN001.A0101.SG1.1_5M.oral_gc_rl.tsv.gz
"(76,77]",1,BAN001.A0101.SG1.1_5M.oral_gc_rl.tsv.gz
"(77,78]",2,BAN001.A0101.SG1.1_5M.oral_gc_rl.tsv.gz
"(78,79]",3,BAN001.A0101.SG1.1_5M.oral_gc_rl.tsv.gz
"(81,82]",1,BAN001.A0101.SG1.1_5M.oral_gc_rl.tsv.gz
"(12,13]",1,BAN001.A0102.SG1.4_5M.oral_gc_rl.tsv.gz
"(13,14]",1,BAN001.A0102.SG1.4_5M.oral_gc_rl.tsv.gz
"(14,15]",2,BAN001.A0102.SG1.4_5M.oral_gc_rl.tsv.gz
"(15,16]",1,BAN001.A0102.SG1.4_5M.oral_gc_rl.tsv.gz
"(16,17]",1,BAN001.A0102.SG1.4_5M.oral_gc_rl.tsv.gz
"(17,18]",4,BAN001.A0102.SG1.4_5M.oral_gc_rl.tsv.gz
"(18,19]",5,BAN001.A0102.SG1.4_5M.oral_gc_rl.tsv.gz
"(19,20]",2,BAN001.A0102.SG1.4_5M.oral_gc_rl.tsv.gz
"(20,21]",4,BAN001.A0102.SG1.4_5M.oral_gc_rl.tsv.gz
"(21,22]",3,BAN001.A0102.SG1.4_5M.oral_gc_rl.tsv.gz
"(22,23]",4,BAN001.A0102.SG1.4_5M.oral_gc_rl.tsv.gz
"(23,24]",11,BAN001.A0102.SG1.4_5M.oral_gc_rl.tsv.gz
"(24,25]",9,BAN001.A0102.SG1.4_5M.oral_gc_rl.tsv.gz
"(25,26]",5,BAN001.A0102.SG1.4_5M.oral_gc_rl.tsv.gz
"(26,27]",10,BAN001.A0102.SG1.4_5M.oral_gc_rl.tsv.gz
"(27,28]",10,BAN001.A0102.SG1.4_5M.oral_gc_rl.tsv.gz
"(28,29]",5,BAN001.A0102.SG1.4_5M.oral_gc_rl.tsv.gz
"(29,30]",12,BAN001.A0102.SG1.4_5M.oral_gc_rl.tsv.gz
"(30,31]",11,BAN001.A0102.SG1.4_5M.oral_gc_rl.tsv.gz
"(31,32]",13,BAN001.A0102.SG1.4_5M.oral_gc_rl.tsv.gz
"(32,33]",12,BAN001.A0102.SG1.4_5M.oral_gc_rl.tsv.gz
"(33,34]",18,BAN001.A0102.SG1.4_5M.oral_gc_rl.tsv.gz
"(34,35]",17,BAN001.A0102.SG1.4_5M.oral_gc_rl.tsv.gz
"(35,36]",13,BAN001.A0102.SG1.4_5M.oral_gc_rl.tsv.gz
"(36,37]",23,BAN001.A0102.SG1.4_5M.oral_gc_rl.tsv.gz
"(37,38]",19,BAN001.A0102.SG1.4_5M.oral_gc_rl.tsv.gz
"(38,39]",16,BAN001.A0102.SG1.4_5M.oral_gc_rl.tsv.gz
"(39,40]",23,BAN001.A0102.SG1.4_5M.oral_gc_rl.tsv.gz
"(40,41]",7,BAN001.A0102.SG1.4_5M.oral_gc_rl.tsv.gz
"(41,42]",17,BAN001.A0102.SG1.4_5M.oral_gc_rl.tsv.gz
"(42,43]",13,BAN001.A0102.SG1.4_5M.oral_gc_rl.tsv.gz
"(43,44]",13,BAN001.A0102.SG1.4_5M.oral_gc_rl.tsv.gz
"(44,45]",16,BAN001.A0102.SG1.4_5M.oral_gc_rl.tsv.gz
"(45,46]",15,BAN001.A0102.SG1.4_5M.oral_gc_rl.tsv.gz
"(46,47]",10,BAN001.A0102.SG1.4_5M.oral_gc_rl.tsv.gz
"(47,48]",19,BAN001.A0102.SG1.4_5M.oral_gc_rl.tsv.gz
"(48,49]",13,BAN001.A0102.SG1.4_5M.oral_gc_rl.tsv.gz
"(49,50]",21,BAN001.A0102.SG1.4_5M.oral_gc_rl.tsv.gz
"(50,51]",2,BAN001.A0102.SG1.4_5M.oral_gc_rl.tsv.gz
"(51,52]",12,BAN001.A0102.SG1.4_5M.oral_gc_rl.tsv.gz
"(52,53]",9,BAN001.A0102.SG1.4_5M.oral_gc_rl.tsv.gz
"(53,54]",6,BAN001.A0102.SG1.4_5M.oral_gc_rl.tsv.gz
"(54,55]",10,BAN001.A0102.SG1.4_5M.oral_gc_rl.tsv.gz
"(55,56]",6,BAN001.A0102.SG1.4_5M.oral_gc_rl.tsv.gz
"(56,57]",10,BAN001.A0102.SG1.4_5M.oral_gc_rl.tsv.gz
"(57,58]",12,BAN001.A0102.SG1.4_5M.oral_gc_rl.tsv.gz
"(58,59]",3,BAN001.A0102.SG1.4_5M.oral_gc_rl.tsv.gz
"(59,60]",14,BAN001.A0102.SG1.4_5M.oral_gc_rl.tsv.gz
"(60,61]",5,BAN001.A0102.SG1.4_5M.oral_gc_rl.tsv.gz
"(61,62]",7,BAN001.A0102.SG1.4_5M.oral_gc_rl.tsv.gz
"(62,63]",3,BAN001.A0102.SG1.4_5M.oral_gc_rl.tsv.gz
"(63,64]",7,BAN001.A0102.SG1.4_5M.oral_gc_rl.tsv.gz
"(64,65]",7,BAN001.A0102.SG1.4_5M.oral_gc_rl.tsv.gz
"(65,66]",5,BAN001.A0102.SG1.4_5M.oral_gc_rl.tsv.gz
"(66,67]",5,BAN001.A0102.SG1.4_5M.oral_gc_rl.tsv.gz
"(67,68]",8,BAN001.A0102.SG1.4_5M.oral_gc_rl.tsv.gz
"(68,69]",6,BAN001.A0102.SG1.4_5M.oral_gc_rl.tsv.gz
"(69,70]",4,BAN001.A0102.SG1.4_5M.oral_gc_rl.tsv.gz
"(70,71]",3,BAN001.A0102.SG1.4_5M.oral_gc_rl.tsv.gz
"(71,72]",6,BAN001.A0102.SG1.4_5M.oral_gc_rl.tsv.gz
"(72,73]",1,BAN001.A0102.SG1.4_5M.oral_gc_rl.tsv.gz
"(73,74]",1,BAN001.A0102.SG1.4_5M.oral_gc_rl.tsv.gz
"(74,75]",3,BAN001.A0102.SG1.4_5M.oral_gc_rl.tsv.gz
"(75,76]",1,BAN001.A0102.SG1.4_5M.oral_gc_rl.tsv.gz
"(76,77]",2,BAN001.A0102.SG1.4_5M.oral_gc_rl.tsv.gz
"(78,79]",2,BAN001.A0102.SG1.4_5M.oral_gc_rl.tsv.gz
"(79,80]",2,BAN001.A0102.SG1.4_5M.oral_gc_rl.tsv.gz
"(81,82]",1,BAN001.A0102.SG1.4_5M.oral_gc_rl.tsv.gz
"(12,13]",4,CDM019.A0101.SG1.1_5M.oral_gc_rl.tsv.gz
"(13,14]",7,CDM019.A0101.SG1.1_5M.oral_gc_rl.tsv.gz
"(14,15]",14,CDM019.A0101.SG1.1_5M.oral_gc_rl.tsv.gz
"(15,16]",11,CDM019.A0101.SG1.1_5M.oral_gc_rl.tsv.gz
"(16,17]",23,CDM019.A0101.SG1.1_5M.oral_gc_rl.tsv.gz
"(17,18]",50,CDM019.A0101.SG1.1_5M.oral_gc_rl.tsv.gz
"(18,19]",68,CDM019.A0101.SG1.1_5M.oral_gc_rl.tsv.gz
"(19,20]",138,CDM019.A0101.SG1.1_5M.oral_gc_rl.tsv.gz
"(20,21]",154,CDM019.A0101.SG1.1_5M.oral_gc_rl.tsv.gz
"(21,22]",253,CDM019.A0101.SG1.1_5M.oral_gc_rl.tsv.gz
"(22,23]",353,CDM019.A0101.SG1.1_5M.oral_gc_rl.tsv.gz
"(23,24]",472,CDM019.A0101.SG1.1_5M.oral_gc_rl.tsv.gz
"(24,25]",710,CDM019.A0101.SG1.1_5M.oral_gc_rl.tsv.gz
"(25,26]",646,CDM019.A0101.SG1.1_5M.oral_gc_rl.tsv.gz
"(26,27]",976,CDM019.A0101.SG1.1_5M.oral_gc_rl.tsv.gz
"(27,28]",1381,CDM019.A0101.SG1.1_5M.oral_gc_rl.tsv.gz
"(28,29]",1523,CDM019.A0101.SG1.1_5M.oral_gc_rl.tsv.gz
"(29,30]",2042,CDM019.A0101.SG1.1_5M.oral_gc_rl.tsv.gz
"(30,31]",2133,CDM019.A0101.SG1.1_5M.oral_gc_rl.tsv.gz
"(31,32]",2842,CDM019.A0101.SG1.1_5M.oral_gc_rl.tsv.gz
"(32,33]",3334,CDM019.A0101.SG1.1_5M.oral_gc_rl.tsv.gz
"(33,34]",3640,CDM019.A0101.SG1.1_5M.oral_gc_rl.tsv.gz
"(34,35]",4795,CDM019.A0101.SG1.1_5M.oral_gc_rl.tsv.gz
"(35,36]",5332,CDM019.A0101.SG1.1_5M.oral_gc_rl.tsv.gz
"(36,37]",6100,CDM019.A0101.SG1.1_5M.oral_gc_rl.tsv.gz
"(37,38]",6789,CDM019.A0101.SG1.1_5M.oral_gc_rl.tsv.gz
"(38,39]",7878,CDM019.A0101.SG1.1_5M.oral_gc_rl.tsv.gz
"(39,40]",10643,CDM019.A0101.SG1.1_5M.oral_gc_rl.tsv.gz
"(40,41]",9015,CDM019.A0101.SG1.1_5M.oral_gc_rl.tsv.gz
"(41,42]",10849,CDM019.A0101.SG1.1_5M.oral_gc_rl.tsv.gz
"(42,43]",12579,CDM019.A0101.SG1.1_5M.oral_gc_rl.tsv.gz
"(43,44]",14929,CDM019.A0101.SG1.1_5M.oral_gc_rl.tsv.gz
"(44,45]",15624,CDM019.A0101.SG1.1_5M.oral_gc_rl.tsv.gz
"(45,46]",15186,CDM019.A0101.SG1.1_5M.oral_gc_rl.tsv.gz
"(46,47]",18477,CDM019.A0101.SG1.1_5M.oral_gc_rl.tsv.gz
"(47,48]",21022,CDM019.A0101.SG1.1_5M.oral_gc_rl.tsv.gz
"(48,49]",21011,CDM019.A0101.SG1.1_5M.oral_gc_rl.tsv.gz
"(49,50]",32177,CDM019.A0101.SG1.1_5M.oral_gc_rl.tsv.gz
"(50,51]",15386,CDM019.A0101.SG1.1_5M.oral_gc_rl.tsv.gz
"(51,52]",28733,CDM019.A0101.SG1.1_5M.oral_gc_rl.tsv.gz
"(52,53]",29205,CDM019.A0101.SG1.1_5M.oral_gc_rl.tsv.gz
"(53,54]",33729,CDM019.A0101.SG1.1_5M.oral_gc_rl.tsv.gz
"(54,55]",32880,CDM019.A0101.SG1.1_5M.oral_gc_rl.tsv.gz
"(55,56]",38174,CDM019.A0101.SG1.1_5M.oral_gc_rl.tsv.gz
"(56,57]",40419,CDM019.A0101.SG1.1_5M.oral_gc_rl.tsv.gz
"(57,58]",43741,CDM019.A0101.SG1.1_5M.oral_gc_rl.tsv.gz
"(58,59]",40490,CDM019.A0101.SG1.1_5M.oral_gc_rl.tsv.gz
"(59,60]",54323,CDM019.A0101.SG1.1_5M.oral_gc_rl.tsv.gz
"(60,61]",42483,CDM019.A0101.SG1.1_5M.oral_gc_rl.tsv.gz
"(61,62]",50237,CDM019.A0101.SG1.1_5M.oral_gc_rl.tsv.gz
"(62,63]",43060,CDM019.A0101.SG1.1_5M.oral_gc_rl.tsv.gz
"(63,64]",50179,CDM019.A0101.SG1.1_5M.oral_gc_rl.tsv.gz
"(64,65]",46951,CDM019.A0101.SG1.1_5M.oral_gc_rl.tsv.gz
"(65,66]",44237,CDM019.A0101.SG1.1_5M.oral_gc_rl.tsv.gz
"(66,67]",35649,CDM019.A0101.SG1.1_5M.oral_gc_rl.tsv.gz
"(67,68]",40333,CDM019.A0101.SG1.1_5M.oral_gc_rl.tsv.gz
"(68,69]",34196,CDM019.A0101.SG1.1_5M.oral_gc_rl.tsv.gz
"(69,70]",34163,CDM019.A0101.SG1.1_5M.oral_gc_rl.tsv.gz
"(70,71]",23524,CDM019.A0101.SG1.1_5M.oral_gc_rl.tsv.gz
"(71,72]",26042,CDM019.A0101.SG1.1_5M.oral_gc_rl.tsv.gz
"(72,73]",21285,CDM019.A0101.SG1.1_5M.oral_gc_rl.tsv.gz
"(73,74]",19702,CDM019.A0101.SG1.1_5M.oral_gc_rl.tsv.gz
"(74,75]",18143,CDM019.A0101.SG1.1_5M.oral_gc_rl.tsv.gz
"(75,76]",9922,CDM019.A0101.SG1.1_5M.oral_gc_rl.tsv.gz
"(76,77]",10516,CDM019.A0101.SG1.1_5M.oral_gc_rl.tsv.gz
"(77,78]",8711,CDM019.A0101.SG1.1_5M.oral_gc_rl.tsv.gz
"(78,79]",6254,CDM019.A0101.SG1.1_5M.oral_gc_rl.tsv.gz
"(79,80]",5171,CDM019.A0101.SG1.1_5M.oral_gc_rl.tsv.gz
"(80,81]",2845,CDM019.A0101.SG1.1_5M.oral_gc_rl.tsv.gz
"(81,82]",2433,CDM019.A0101.SG1.1_5M.oral_gc_rl.tsv.gz
"(82,83]",1641,CDM019.A0101.SG1.1_5M.oral_gc_rl.tsv.gz
"(83,84]",1062,CDM019.A0101.SG1.1_5M.oral_gc_rl.tsv.gz
"(84,85]",724,CDM019.A0101.SG1.1_5M.oral_gc_rl.tsv.gz
"(85,86]",416,CDM019.A0101.SG1.1_5M.oral_gc_rl.tsv.gz
"(86,87]",275,CDM019.A0101.SG1.1_5M.oral_gc_rl.tsv.gz
"(87,88]",157,CDM019.A0101.SG1.1_5M.oral_gc_rl.tsv.gz
"(88,89]",85,CDM019.A0101.SG1.1_5M.oral_gc_rl.tsv.gz
"(89,90]",51,CDM019.A0101.SG1.1_5M.oral_gc_rl.tsv.gz
"(90,91]",25,CDM019.A0101.SG1.1_5M.oral_gc_rl.tsv.gz
"(91,92]",9,CDM019.A0101.SG1.1_5M.oral_gc_rl.tsv.gz
"(92,93]",5,CDM019.A0101.SG1.1_5M.oral_gc_rl.tsv.gz
"(93,94]",2,CDM019.A0101.SG1.1_5M.oral_gc_rl.tsv.gz
"(1,2]",1,CDM019.A0102.SG1.4_5M.oral_gc_rl.tsv.gz
"(6,7]",1,CDM019.A0102.SG1.4_5M.oral_gc_rl.tsv.gz
"(7,8]",2,CDM019.A0102.SG1.4_5M.oral_gc_rl.tsv.gz
"(8,9]",9,CDM019.A0102.SG1.4_5M.oral_gc_rl.tsv.gz
"(9,10]",20,CDM019.A0102.SG1.4_5M.oral_gc_rl.tsv.gz
"(10,11]",21,CDM019.A0102.SG1.4_5M.oral_gc_rl.tsv.gz
"(11,12]",48,CDM019.A0102.SG1.4_5M.oral_gc_rl.tsv.gz
"(12,13]",70,CDM019.A0102.SG1.4_5M.oral_gc_rl.tsv.gz
"(13,14]",150,CDM019.A0102.SG1.4_5M.oral_gc_rl.tsv.gz
"(14,15]",210,CDM019.A0102.SG1.4_5M.oral_gc_rl.tsv.gz
"(15,16]",301,CDM019.A0102.SG1.4_5M.oral_gc_rl.tsv.gz
"(16,17]",389,CDM019.A0102.SG1.4_5M.oral_gc_rl.tsv.gz
"(17,18]",620,CDM019.A0102.SG1.4_5M.oral_gc_rl.tsv.gz
"(18,19]",758,CDM019.A0102.SG1.4_5M.oral_gc_rl.tsv.gz
"(19,20]",1248,CDM019.A0102.SG1.4_5M.oral_gc_rl.tsv.gz
"(20,21]",1149,CDM019.A0102.SG1.4_5M.oral_gc_rl.tsv.gz
"(21,22]",1823,CDM019.A0102.SG1.4_5M.oral_gc_rl.tsv.gz
"(22,23]",2030,CDM019.A0102.SG1.4_5M.oral_gc_rl.tsv.gz
"(23,24]",2805,CDM019.A0102.SG1.4_5M.oral_gc_rl.tsv.gz
"(24,25]",3862,CDM019.A0102.SG1.4_5M.oral_gc_rl.tsv.gz
"(25,26]",2795,CDM019.A0102.SG1.4_5M.oral_gc_rl.tsv.gz
"(26,27]",4469,CDM019.A0102.SG1.4_5M.oral_gc_rl.tsv.gz
"(27,28]",5464,CDM019.A0102.SG1.4_5M.oral_gc_rl.tsv.gz
"(28,29]",5985,CDM019.A0102.SG1.4_5M.oral_gc_rl.tsv.gz
"(29,30]",6705,CDM019.A0102.SG1.4_5M.oral_gc_rl.tsv.gz
"(30,31]",7386,CDM019.A0102.SG1.4_5M.oral_gc_rl.tsv.gz
"(31,32]",8900,CDM019.A0102.SG1.4_5M.oral_gc_rl.tsv.gz
"(32,33]",9683,CDM019.A0102.SG1.4_5M.oral_gc_rl.tsv.gz
"(33,34]",9720,CDM019.A0102.SG1.4_5M.oral_gc_rl.tsv.gz
"(34,35]",12491,CDM019.A0102.SG1.4_5M.oral_gc_rl.tsv.gz
"(35,36]",12928,CDM019.A0102.SG1.4_5M.oral_gc_rl.tsv.gz
"(36,37]",13840,CDM019.A0102.SG1.4_5M.oral_gc_rl.tsv.gz
"(37,38]",13442,CDM019.A0102.SG1.4_5M.oral_gc_rl.tsv.gz
"(38,39]",16104,CDM019.A0102.SG1.4_5M.oral_gc_rl.tsv.gz
"(39,40]",20077,CDM019.A0102.SG1.4_5M.oral_gc_rl.tsv.gz
"(40,41]",15430,CDM019.A0102.SG1.4_5M.oral_gc_rl.tsv.gz
"(41,42]",17891,CDM019.A0102.SG1.4_5M.oral_gc_rl.tsv.gz
"(42,43]",19314,CDM019.A0102.SG1.4_5M.oral_gc_rl.tsv.gz
"(43,44]",21764,CDM019.A0102.SG1.4_5M.oral_gc_rl.tsv.gz
"(44,45]",21446,CDM019.A0102.SG1.4_5M.oral_gc_rl.tsv.gz
"(45,46]",19368,CDM019.A0102.SG1.4_5M.oral_gc_rl.tsv.gz
"(46,47]",22312,CDM019.A0102.SG1.4_5M.oral_gc_rl.tsv.gz
"(47,48]",24139,CDM019.A0102.SG1.4_5M.oral_gc_rl.tsv.gz
"(48,49]",22175,CDM019.A0102.SG1.4_5M.oral_gc_rl.tsv.gz
"(49,50]",32460,CDM019.A0102.SG1.4_5M.oral_gc_rl.tsv.gz
"(50,51]",12655,CDM019.A0102.SG1.4_5M.oral_gc_rl.tsv.gz
"(51,52]",25082,CDM019.A0102.SG1.4_5M.oral_gc_rl.tsv.gz
"(52,53]",24607,CDM019.A0102.SG1.4_5M.oral_gc_rl.tsv.gz
"(53,54]",26354,CDM019.A0102.SG1.4_5M.oral_gc_rl.tsv.gz
"(54,55]",24165,CDM019.A0102.SG1.4_5M.oral_gc_rl.tsv.gz
"(55,56]",25412,CDM019.A0102.SG1.4_5M.oral_gc_rl.tsv.gz
"(56,57]",26192,CDM019.A0102.SG1.4_5M.oral_gc_rl.tsv.gz
"(57,58]",26843,CDM019.A0102.SG1.4_5M.oral_gc_rl.tsv.gz
"(58,59]",24041,CDM019.A0102.SG1.4_5M.oral_gc_rl.tsv.gz
"(59,60]",29878,CDM019.A0102.SG1.4_5M.oral_gc_rl.tsv.gz
"(60,61]",22055,CDM019.A0102.SG1.4_5M.oral_gc_rl.tsv.gz
"(61,62]",25323,CDM019.A0102.SG1.4_5M.oral_gc_rl.tsv.gz
"(62,63]",20825,CDM019.A0102.SG1.4_5M.oral_gc_rl.tsv.gz
"(63,64]",23288,CDM019.A0102.SG1.4_5M.oral_gc_rl.tsv.gz
"(64,65]",21035,CDM019.A0102.SG1.4_5M.oral_gc_rl.tsv.gz
"(65,66]",19297,CDM019.A0102.SG1.4_5M.oral_gc_rl.tsv.gz
"(66,67]",14839,CDM019.A0102.SG1.4_5M.oral_gc_rl.tsv.gz
"(67,68]",15761,CDM019.A0102.SG1.4_5M.oral_gc_rl.tsv.gz
"(68,69]",13090,CDM019.A0102.SG1.4_5M.oral_gc_rl.tsv.gz
"(69,70]",13018,CDM019.A0102.SG1.4_5M.oral_gc_rl.tsv.gz
"(70,71]",8612,CDM019.A0102.SG1.4_5M.oral_gc_rl.tsv.gz
"(71,72]",8971,CDM019.A0102.SG1.4_5M.oral_gc_rl.tsv.gz
"(72,73]",7276,CDM019.A0102.SG1.4_5M.oral_gc_rl.tsv.gz
"(73,74]",6364,CDM019.A0102.SG1.4_5M.oral_gc_rl.tsv.gz
"(74,75]",5712,CDM019.A0102.SG1.4_5M.oral_gc_rl.tsv.gz
"(75,76]",2930,CDM019.A0102.SG1.4_5M.oral_gc_rl.tsv.gz
"(76,77]",3207,CDM019.A0102.SG1.4_5M.oral_gc_rl.tsv.gz
"(77,78]",2328,CDM019.A0102.SG1.4_5M.oral_gc_rl.tsv.gz
"(78,79]",1800,CDM019.A0102.SG1.4_5M.oral_gc_rl.tsv.gz
"(79,80]",1572,CDM019.A0102.SG1.4_5M.oral_gc_rl.tsv.gz
"(80,81]",755,CDM019.A0102.SG1.4_5M.oral_gc_rl.tsv.gz
"(81,82]",723,CDM019.A0102.SG1.4_5M.oral_gc_rl.tsv.gz
"(82,83]",449,CDM019.A0102.SG1.4_5M.oral_gc_rl.tsv.gz
"(83,84]",312,CDM019.A0102.SG1.4_5M.oral_gc_rl.tsv.gz
"(84,85]",239,CDM019.A0102.SG1.4_5M.oral_gc_rl.tsv.gz
"(85,86]",141,CDM019.A0102.SG1.4_5M.oral_gc_rl.tsv.gz
"(86,87]",96,CDM019.A0102.SG1.4_5M.oral_gc_rl.tsv.gz
"(87,88]",47,CDM019.A0102.SG1.4_5M.oral_gc_rl.tsv.gz
"(88,89]",25,CDM019.A0102.SG1.4_5M.oral_gc_rl.tsv.gz
"(89,90]",17,CDM019.A0102.SG1.4_5M.oral_gc_rl.tsv.gz
"(90,91]",6,CDM019.A0102.SG1.4_5M.oral_gc_rl.tsv.gz
"(91,92]",1,CDM019.A0102.SG1.4_5M.oral_gc_rl.tsv.gz
"(92,93]",3,CDM019.A0102.SG1.4_5M.oral_gc_rl.tsv.gz
"(8,9]",1,CDM020.A0101.SG1.1_5M.oral_gc_rl.tsv.gz
"(9,10]",1,CDM020.A0101.SG1.1_5M.oral_gc_rl.tsv.gz
"(10,11]",1,CDM020.A0101.SG1.1_5M.oral_gc_rl.tsv.gz
"(11,12]",3,CDM020.A0101.SG1.1_5M.oral_gc_rl.tsv.gz
"(12,13]",7,CDM020.A0101.SG1.1_5M.oral_gc_rl.tsv.gz
"(13,14]",16,CDM020.A0101.SG1.1_5M.oral_gc_rl.tsv.gz
"(14,15]",35,CDM020.A0101.SG1.1_5M.oral_gc_rl.tsv.gz
"(15,16]",46,CDM020.A0101.SG1.1_5M.oral_gc_rl.tsv.gz
"(16,17]",68,CDM020.A0101.SG1.1_5M.oral_gc_rl.tsv.gz
"(17,18]",170,CDM020.A0101.SG1.1_5M.oral_gc_rl.tsv.gz
"(18,19]",203,CDM020.A0101.SG1.1_5M.oral_gc_rl.tsv.gz
"(19,20]",381,CDM020.A0101.SG1.1_5M.oral_gc_rl.tsv.gz
"(20,21]",406,CDM020.A0101.SG1.1_5M.oral_gc_rl.tsv.gz
"(21,22]",639,CDM020.A0101.SG1.1_5M.oral_gc_rl.tsv.gz
"(22,23]",846,CDM020.A0101.SG1.1_5M.oral_gc_rl.tsv.gz
"(23,24]",1144,CDM020.A0101.SG1.1_5M.oral_gc_rl.tsv.gz
"(24,25]",1637,CDM020.A0101.SG1.1_5M.oral_gc_rl.tsv.gz
"(25,26]",1306,CDM020.A0101.SG1.1_5M.oral_gc_rl.tsv.gz
"(26,27]",2069,CDM020.A0101.SG1.1_5M.oral_gc_rl.tsv.gz
"(27,28]",2634,CDM020.A0101.SG1.1_5M.oral_gc_rl.tsv.gz
"(28,29]",2934,CDM020.A0101.SG1.1_5M.oral_gc_rl.tsv.gz
"(29,30]",3571,CDM020.A0101.SG1.1_5M.oral_gc_rl.tsv.gz
"(30,31]",3871,CDM020.A0101.SG1.1_5M.oral_gc_rl.tsv.gz
"(31,32]",4848,CDM020.A0101.SG1.1_5M.oral_gc_rl.tsv.gz
"(32,33]",5345,CDM020.A0101.SG1.1_5M.oral_gc_rl.tsv.gz
"(33,34]",5583,CDM020.A0101.SG1.1_5M.oral_gc_rl.tsv.gz
"(34,35]",6866,CDM020.A0101.SG1.1_5M.oral_gc_rl.tsv.gz
"(35,36]",7371,CDM020.A0101.SG1.1_5M.oral_gc_rl.tsv.gz
"(36,37]",7988,CDM020.A0101.SG1.1_5M.oral_gc_rl.tsv.gz
"(37,38]",8430,CDM020.A0101.SG1.1_5M.oral_gc_rl.tsv.gz
"(38,39]",9440,CDM020.A0101.SG1.1_5M.oral_gc_rl.tsv.gz
"(39,40]",12372,CDM020.A0101.SG1.1_5M.oral_gc_rl.tsv.gz
"(40,41]",9577,CDM020.A0101.SG1.1_5M.oral_gc_rl.tsv.gz
"(41,42]",11460,CDM020.A0101.SG1.1_5M.oral_gc_rl.tsv.gz
"(42,43]",12707,CDM020.A0101.SG1.1_5M.oral_gc_rl.tsv.gz
"(43,44]",14552,CDM020.A0101.SG1.1_5M.oral_gc_rl.tsv.gz
"(44,45]",14422,CDM020.A0101.SG1.1_5M.oral_gc_rl.tsv.gz
"(45,46]",13727,CDM020.A0101.SG1.1_5M.oral_gc_rl.tsv.gz
"(46,47]",16324,CDM020.A0101.SG1.1_5M.oral_gc_rl.tsv.gz
"(47,48]",17954,CDM020.A0101.SG1.1_5M.oral_gc_rl.tsv.gz
"(48,49]",17330,CDM020.A0101.SG1.1_5M.oral_gc_rl.tsv.gz
"(49,50]",25970,CDM020.A0101.SG1.1_5M.oral_gc_rl.tsv.gz
"(50,51]",11722,CDM020.A0101.SG1.1_5M.oral_gc_rl.tsv.gz
"(51,52]",21951,CDM020.A0101.SG1.1_5M.oral_gc_rl.tsv.gz
"(52,53]",22215,CDM020.A0101.SG1.1_5M.oral_gc_rl.tsv.gz
"(53,54]",25745,CDM020.A0101.SG1.1_5M.oral_gc_rl.tsv.gz
"(54,55]",24630,CDM020.A0101.SG1.1_5M.oral_gc_rl.tsv.gz
"(55,56]",28087,CDM020.A0101.SG1.1_5M.oral_gc_rl.tsv.gz
"(56,57]",30710,CDM020.A0101.SG1.1_5M.oral_gc_rl.tsv.gz
"(57,58]",33303,CDM020.A0101.SG1.1_5M.oral_gc_rl.tsv.gz
"(58,59]",31668,CDM020.A0101.SG1.1_5M.oral_gc_rl.tsv.gz
"(59,60]",42561,CDM020.A0101.SG1.1_5M.oral_gc_rl.tsv.gz
"(60,61]",33285,CDM020.A0101.SG1.1_5M.oral_gc_rl.tsv.gz
"(61,62]",40941,CDM020.A0101.SG1.1_5M.oral_gc_rl.tsv.gz
"(62,63]",36063,CDM020.A0101.SG1.1_5M.oral_gc_rl.tsv.gz
"(63,64]",42543,CDM020.A0101.SG1.1_5M.oral_gc_rl.tsv.gz
"(64,65]",40078,CDM020.A0101.SG1.1_5M.oral_gc_rl.tsv.gz
"(65,66]",38057,CDM020.A0101.SG1.1_5M.oral_gc_rl.tsv.gz
"(66,67]",32027,CDM020.A0101.SG1.1_5M.oral_gc_rl.tsv.gz
"(67,68]",36432,CDM020.A0101.SG1.1_5M.oral_gc_rl.tsv.gz
"(68,69]",30729,CDM020.A0101.SG1.1_5M.oral_gc_rl.tsv.gz
"(69,70]",31567,CDM020.A0101.SG1.1_5M.oral_gc_rl.tsv.gz
"(70,71]",21134,CDM020.A0101.SG1.1_5M.oral_gc_rl.tsv.gz
"(71,72]",23609,CDM020.A0101.SG1.1_5M.oral_gc_rl.tsv.gz
"(72,73]",18579,CDM020.A0101.SG1.1_5M.oral_gc_rl.tsv.gz
"(73,74]",16772,CDM020.A0101.SG1.1_5M.oral_gc_rl.tsv.gz
"(74,75]",15070,CDM020.A0101.SG1.1_5M.oral_gc_rl.tsv.gz
"(75,76]",8220,CDM020.A0101.SG1.1_5M.oral_gc_rl.tsv.gz
"(76,77]",8322,CDM020.A0101.SG1.1_5M.oral_gc_rl.tsv.gz
"(77,78]",6606,CDM020.A0101.SG1.1_5M.oral_gc_rl.tsv.gz
"(78,79]",4806,CDM020.A0101.SG1.1_5M.oral_gc_rl.tsv.gz
"(79,80]",3979,CDM020.A0101.SG1.1_5M.oral_gc_rl.tsv.gz
"(80,81]",1953,CDM020.A0101.SG1.1_5M.oral_gc_rl.tsv.gz
"(81,82]",1864,CDM020.A0101.SG1.1_5M.oral_gc_rl.tsv.gz
"(82,83]",1193,CDM020.A0101.SG1.1_5M.oral_gc_rl.tsv.gz
"(83,84]",772,CDM020.A0101.SG1.1_5M.oral_gc_rl.tsv.gz
"(84,85]",545,CDM020.A0101.SG1.1_5M.oral_gc_rl.tsv.gz
"(85,86]",271,CDM020.A0101.SG1.1_5M.oral_gc_rl.tsv.gz
"(86,87]",224,CDM020.A0101.SG1.1_5M.oral_gc_rl.tsv.gz
"(87,88]",110,CDM020.A0101.SG1.1_5M.oral_gc_rl.tsv.gz
"(88,89]",49,CDM020.A0101.SG1.1_5M.oral_gc_rl.tsv.gz
"(89,90]",34,CDM020.A0101.SG1.1_5M.oral_gc_rl.tsv.gz
"(90,91]",17,CDM020.A0101.SG1.1_5M.oral_gc_rl.tsv.gz
"(91,92]",9,CDM020.A0101.SG1.1_5M.oral_gc_rl.tsv.gz
"(92,93]",3,CDM020.A0101.SG1.1_5M.oral_gc_rl.tsv.gz
"(93,94]",3,CDM020.A0101.SG1.1_5M.oral_gc_rl.tsv.gz
"(4,5]",1,CDM020.A0102.SG1.4_5M.oral_gc_rl.tsv.gz
"(6,7]",1,CDM020.A0102.SG1.4_5M.oral_gc_rl.tsv.gz
"(7,8]",13,CDM020.A0102.SG1.4_5M.oral_gc_rl.tsv.gz
"(8,9]",10,CDM020.A0102.SG1.4_5M.oral_gc_rl.tsv.gz
"(9,10]",33,CDM020.A0102.SG1.4_5M.oral_gc_rl.tsv.gz
"(10,11]",57,CDM020.A0102.SG1.4_5M.oral_gc_rl.tsv.gz
"(11,12]",94,CDM020.A0102.SG1.4_5M.oral_gc_rl.tsv.gz
"(12,13]",155,CDM020.A0102.SG1.4_5M.oral_gc_rl.tsv.gz
"(13,14]",269,CDM020.A0102.SG1.4_5M.oral_gc_rl.tsv.gz
"(14,15]",383,CDM020.A0102.SG1.4_5M.oral_gc_rl.tsv.gz
"(15,16]",556,CDM020.A0102.SG1.4_5M.oral_gc_rl.tsv.gz
"(16,17]",747,CDM020.A0102.SG1.4_5M.oral_gc_rl.tsv.gz
"(17,18]",1125,CDM020.A0102.SG1.4_5M.oral_gc_rl.tsv.gz
"(18,19]",1340,CDM020.A0102.SG1.4_5M.oral_gc_rl.tsv.gz
"(19,20]",2250,CDM020.A0102.SG1.4_5M.oral_gc_rl.tsv.gz
"(20,21]",1792,CDM020.A0102.SG1.4_5M.oral_gc_rl.tsv.gz
"(21,22]",2933,CDM020.A0102.SG1.4_5M.oral_gc_rl.tsv.gz
"(22,23]",3348,CDM020.A0102.SG1.4_5M.oral_gc_rl.tsv.gz
"(23,24]",4387,CDM020.A0102.SG1.4_5M.oral_gc_rl.tsv.gz
"(24,25]",5714,CDM020.A0102.SG1.4_5M.oral_gc_rl.tsv.gz
"(25,26]",4282,CDM020.A0102.SG1.4_5M.oral_gc_rl.tsv.gz
"(26,27]",6509,CDM020.A0102.SG1.4_5M.oral_gc_rl.tsv.gz
"(27,28]",7916,CDM020.A0102.SG1.4_5M.oral_gc_rl.tsv.gz
"(28,29]",8266,CDM020.A0102.SG1.4_5M.oral_gc_rl.tsv.gz
"(29,30]",9318,CDM020.A0102.SG1.4_5M.oral_gc_rl.tsv.gz
"(30,31]",9852,CDM020.A0102.SG1.4_5M.oral_gc_rl.tsv.gz
"(31,32]",11740,CDM020.A0102.SG1.4_5M.oral_gc_rl.tsv.gz
"(32,33]",12244,CDM020.A0102.SG1.4_5M.oral_gc_rl.tsv.gz
"(33,34]",11833,CDM020.A0102.SG1.4_5M.oral_gc_rl.tsv.gz
"(34,35]",14818,CDM020.A0102.SG1.4_5M.oral_gc_rl.tsv.gz
"(35,36]",15132,CDM020.A0102.SG1.4_5M.oral_gc_rl.tsv.gz
"(36,37]",15625,CDM020.A0102.SG1.4_5M.oral_gc_rl.tsv.gz
"(37,38]",14990,CDM020.A0102.SG1.4_5M.oral_gc_rl.tsv.gz
"(38,39]",16960,CDM020.A0102.SG1.4_5M.oral_gc_rl.tsv.gz
"(39,40]",20435,CDM020.A0102.SG1.4_5M.oral_gc_rl.tsv.gz
"(40,41]",15276,CDM020.A0102.SG1.4_5M.oral_gc_rl.tsv.gz
"(41,42]",17489,CDM020.A0102.SG1.4_5M.oral_gc_rl.tsv.gz
"(42,43]",18665,CDM020.A0102.SG1.4_5M.oral_gc_rl.tsv.gz
"(43,44]",20221,CDM020.A0102.SG1.4_5M.oral_gc_rl.tsv.gz
"(44,45]",19243,CDM020.A0102.SG1.4_5M.oral_gc_rl.tsv.gz
"(45,46]",17145,CDM020.A0102.SG1.4_5M.oral_gc_rl.tsv.gz
"(46,47]",18993,CDM020.A0102.SG1.4_5M.oral_gc_rl.tsv.gz
"(47,48]",19960,CDM020.A0102.SG1.4_5M.oral_gc_rl.tsv.gz
"(48,49]",18023,CDM020.A0102.SG1.4_5M.oral_gc_rl.tsv.gz
"(49,50]",26177,CDM020.A0102.SG1.4_5M.oral_gc_rl.tsv.gz
"(50,51]",10001,CDM020.A0102.SG1.4_5M.oral_gc_rl.tsv.gz
"(51,52]",19260,CDM020.A0102.SG1.4_5M.oral_gc_rl.tsv.gz
"(52,53]",19209,CDM020.A0102.SG1.4_5M.oral_gc_rl.tsv.gz
"(53,54]",20339,CDM020.A0102.SG1.4_5M.oral_gc_rl.tsv.gz
"(54,55]",18938,CDM020.A0102.SG1.4_5M.oral_gc_rl.tsv.gz
"(55,56]",19768,CDM020.A0102.SG1.4_5M.oral_gc_rl.tsv.gz
"(56,57]",20189,CDM020.A0102.SG1.4_5M.oral_gc_rl.tsv.gz
"(57,58]",21048,CDM020.A0102.SG1.4_5M.oral_gc_rl.tsv.gz
"(58,59]",19137,CDM020.A0102.SG1.4_5M.oral_gc_rl.tsv.gz
"(59,60]",24484,CDM020.A0102.SG1.4_5M.oral_gc_rl.tsv.gz
"(60,61]",17579,CDM020.A0102.SG1.4_5M.oral_gc_rl.tsv.gz
"(61,62]",20774,CDM020.A0102.SG1.4_5M.oral_gc_rl.tsv.gz
"(62,63]",17841,CDM020.A0102.SG1.4_5M.oral_gc_rl.tsv.gz
"(63,64]",19868,CDM020.A0102.SG1.4_5M.oral_gc_rl.tsv.gz
"(64,65]",18255,CDM020.A0102.SG1.4_5M.oral_gc_rl.tsv.gz
"(65,66]",16934,CDM020.A0102.SG1.4_5M.oral_gc_rl.tsv.gz
"(66,67]",13683,CDM020.A0102.SG1.4_5M.oral_gc_rl.tsv.gz
"(67,68]",14426,CDM020.A0102.SG1.4_5M.oral_gc_rl.tsv.gz
"(68,69]",11815,CDM020.A0102.SG1.4_5M.oral_gc_rl.tsv.gz
"(69,70]",11909,CDM020.A0102.SG1.4_5M.oral_gc_rl.tsv.gz
"(70,71]",7720,CDM020.A0102.SG1.4_5M.oral_gc_rl.tsv.gz
"(71,72]",8090,CDM020.A0102.SG1.4_5M.oral_gc_rl.tsv.gz
"(72,73]",6229,CDM020.A0102.SG1.4_5M.oral_gc_rl.tsv.gz
"(73,74]",5225,CDM020.A0102.SG1.4_5M.oral_gc_rl.tsv.gz
"(74,75]",4739,CDM020.A0102.SG1.4_5M.oral_gc_rl.tsv.gz
"(75,76]",2388,CDM020.A0102.SG1.4_5M.oral_gc_rl.tsv.gz
"(76,77]",2542,CDM020.A0102.SG1.4_5M.oral_gc_rl.tsv.gz
"(77,78]",1883,CDM020.A0102.SG1.4_5M.oral_gc_rl.tsv.gz
"(78,79]",1423,CDM020.A0102.SG1.4_5M.oral_gc_rl.tsv.gz
"(79,80]",1172,CDM020.A0102.SG1.4_5M.oral_gc_rl.tsv.gz
"(80,81]",568,CDM020.A0102.SG1.4_5M.oral_gc_rl.tsv.gz
"(81,82]",511,CDM020.A0102.SG1.4_5M.oral_gc_rl.tsv.gz
"(82,83]",374,CDM020.A0102.SG1.4_5M.oral_gc_rl.tsv.gz
"(83,84]",158,CDM020.A0102.SG1.4_5M.oral_gc_rl.tsv.gz
"(84,85]",164,CDM020.A0102.SG1.4_5M.oral_gc_rl.tsv.gz
"(85,86]",53,CDM020.A0102.SG1.4_5M.oral_gc_rl.tsv.gz
"(86,87]",56,CDM020.A0102.SG1.4_5M.oral_gc_rl.tsv.gz
"(87,88]",37,CDM020.A0102.SG1.4_5M.oral_gc_rl.tsv.gz
"(88,89]",6,CDM020.A0102.SG1.4_5M.oral_gc_rl.tsv.gz
"(89,90]",6,CDM020.A0102.SG1.4_5M.oral_gc_rl.tsv.gz
"(90,91]",1,CDM020.A0102.SG1.4_5M.oral_gc_rl.tsv.gz
"(91,92]",3,CDM020.A0102.SG1.4_5M.oral_gc_rl.tsv.gz
"(10,11]",1,FUM002.A0101.SG1.1_5M.oral_gc_rl.tsv.gz
"(11,12]",3,FUM002.A0101.SG1.1_5M.oral_gc_rl.tsv.gz
"(12,13]",4,FUM002.A0101.SG1.1_5M.oral_gc_rl.tsv.gz
"(13,14]",9,FUM002.A0101.SG1.1_5M.oral_gc_rl.tsv.gz
"(14,15]",17,FUM002.A0101.SG1.1_5M.oral_gc_rl.tsv.gz
"(15,16]",20,FUM002.A0101.SG1.1_5M.oral_gc_rl.tsv.gz
"(16,17]",35,FUM002.A0101.SG1.1_5M.oral_gc_rl.tsv.gz
"(17,18]",66,FUM002.A0101.SG1.1_5M.oral_gc_rl.tsv.gz
"(18,19]",81,FUM002.A0101.SG1.1_5M.oral_gc_rl.tsv.gz
"(19,20]",119,FUM002.A0101.SG1.1_5M.oral_gc_rl.tsv.gz
"(20,21]",109,FUM002.A0101.SG1.1_5M.oral_gc_rl.tsv.gz
"(21,22]",206,FUM002.A0101.SG1.1_5M.oral_gc_rl.tsv.gz
"(22,23]",198,FUM002.A0101.SG1.1_5M.oral_gc_rl.tsv.gz
"(23,24]",313,FUM002.A0101.SG1.1_5M.oral_gc_rl.tsv.gz
"(24,25]",422,FUM002.A0101.SG1.1_5M.oral_gc_rl.tsv.gz
"(25,26]",289,FUM002.A0101.SG1.1_5M.oral_gc_rl.tsv.gz
"(26,27]",443,FUM002.A0101.SG1.1_5M.oral_gc_rl.tsv.gz
"(27,28]",528,FUM002.A0101.SG1.1_5M.oral_gc_rl.tsv.gz
"(28,29]",572,FUM002.A0101.SG1.1_5M.oral_gc_rl.tsv.gz
"(29,30]",723,FUM002.A0101.SG1.1_5M.oral_gc_rl.tsv.gz
"(30,31]",673,FUM002.A0101.SG1.1_5M.oral_gc_rl.tsv.gz
"(31,32]",875,FUM002.A0101.SG1.1_5M.oral_gc_rl.tsv.gz
"(32,33]",901,FUM002.A0101.SG1.1_5M.oral_gc_rl.tsv.gz
"(33,34]",1038,FUM002.A0101.SG1.1_5M.oral_gc_rl.tsv.gz
"(34,35]",1250,FUM002.A0101.SG1.1_5M.oral_gc_rl.tsv.gz
"(35,36]",1244,FUM002.A0101.SG1.1_5M.oral_gc_rl.tsv.gz
"(36,37]",1455,FUM002.A0101.SG1.1_5M.oral_gc_rl.tsv.gz
"(37,38]",1401,FUM002.A0101.SG1.1_5M.oral_gc_rl.tsv.gz
"(38,39]",1595,FUM002.A0101.SG1.1_5M.oral_gc_rl.tsv.gz
"(39,40]",2239,FUM002.A0101.SG1.1_5M.oral_gc_rl.tsv.gz
"(40,41]",1707,FUM002.A0101.SG1.1_5M.oral_gc_rl.tsv.gz
"(41,42]",2182,FUM002.A0101.SG1.1_5M.oral_gc_rl.tsv.gz
"(42,43]",2333,FUM002.A0101.SG1.1_5M.oral_gc_rl.tsv.gz
"(43,44]",2764,FUM002.A0101.SG1.1_5M.oral_gc_rl.tsv.gz
"(44,45]",3003,FUM002.A0101.SG1.1_5M.oral_gc_rl.tsv.gz
"(45,46]",2984,FUM002.A0101.SG1.1_5M.oral_gc_rl.tsv.gz
"(46,47]",3413,FUM002.A0101.SG1.1_5M.oral_gc_rl.tsv.gz
"(47,48]",4054,FUM002.A0101.SG1.1_5M.oral_gc_rl.tsv.gz
"(48,49]",4236,FUM002.A0101.SG1.1_5M.oral_gc_rl.tsv.gz
"(49,50]",6670,FUM002.A0101.SG1.1_5M.oral_gc_rl.tsv.gz
"(50,51]",2642,FUM002.A0101.SG1.1_5M.oral_gc_rl.tsv.gz
"(51,52]",6246,FUM002.A0101.SG1.1_5M.oral_gc_rl.tsv.gz
"(52,53]",6743,FUM002.A0101.SG1.1_5M.oral_gc_rl.tsv.gz
"(53,54]",7968,FUM002.A0101.SG1.1_5M.oral_gc_rl.tsv.gz
"(54,55]",8791,FUM002.A0101.SG1.1_5M.oral_gc_rl.tsv.gz
"(55,56]",9687,FUM002.A0101.SG1.1_5M.oral_gc_rl.tsv.gz
"(56,57]",11008,FUM002.A0101.SG1.1_5M.oral_gc_rl.tsv.gz
"(57,58]",12977,FUM002.A0101.SG1.1_5M.oral_gc_rl.tsv.gz
"(58,59]",13269,FUM002.A0101.SG1.1_5M.oral_gc_rl.tsv.gz
"(59,60]",18280,FUM002.A0101.SG1.1_5M.oral_gc_rl.tsv.gz
"(60,61]",14097,FUM002.A0101.SG1.1_5M.oral_gc_rl.tsv.gz
"(61,62]",18266,FUM002.A0101.SG1.1_5M.oral_gc_rl.tsv.gz
"(62,63]",18572,FUM002.A0101.SG1.1_5M.oral_gc_rl.tsv.gz
"(63,64]",20650,FUM002.A0101.SG1.1_5M.oral_gc_rl.tsv.gz
"(64,65]",20887,FUM002.A0101.SG1.1_5M.oral_gc_rl.tsv.gz
"(65,66]",20960,FUM002.A0101.SG1.1_5M.oral_gc_rl.tsv.gz
"(66,67]",19050,FUM002.A0101.SG1.1_5M.oral_gc_rl.tsv.gz
"(67,68]",21174,FUM002.A0101.SG1.1_5M.oral_gc_rl.tsv.gz
"(68,69]",18838,FUM002.A0101.SG1.1_5M.oral_gc_rl.tsv.gz
"(69,70]",20299,FUM002.A0101.SG1.1_5M.oral_gc_rl.tsv.gz
"(70,71]",14454,FUM002.A0101.SG1.1_5M.oral_gc_rl.tsv.gz
"(71,72]",15530,FUM002.A0101.SG1.1_5M.oral_gc_rl.tsv.gz
"(72,73]",12604,FUM002.A0101.SG1.1_5M.oral_gc_rl.tsv.gz
"(73,74]",10997,FUM002.A0101.SG1.1_5M.oral_gc_rl.tsv.gz
"(74,75]",10295,FUM002.A0101.SG1.1_5M.oral_gc_rl.tsv.gz
"(75,76]",5392,FUM002.A0101.SG1.1_5M.oral_gc_rl.tsv.gz
"(76,77]",5743,FUM002.A0101.SG1.1_5M.oral_gc_rl.tsv.gz
"(77,78]",4224,FUM002.A0101.SG1.1_5M.oral_gc_rl.tsv.gz
"(78,79]",3108,FUM002.A0101.SG1.1_5M.oral_gc_rl.tsv.gz
"(79,80]",2482,FUM002.A0101.SG1.1_5M.oral_gc_rl.tsv.gz
"(80,81]",1130,FUM002.A0101.SG1.1_5M.oral_gc_rl.tsv.gz
"(81,82]",1000,FUM002.A0101.SG1.1_5M.oral_gc_rl.tsv.gz
"(82,83]",673,FUM002.A0101.SG1.1_5M.oral_gc_rl.tsv.gz
"(83,84]",394,FUM002.A0101.SG1.1_5M.oral_gc_rl.tsv.gz
"(84,85]",261,FUM002.A0101.SG1.1_5M.oral_gc_rl.tsv.gz
"(85,86]",121,FUM002.A0101.SG1.1_5M.oral_gc_rl.tsv.gz
"(86,87]",88,FUM002.A0101.SG1.1_5M.oral_gc_rl.tsv.gz
"(87,88]",51,FUM002.A0101.SG1.1_5M.oral_gc_rl.tsv.gz
"(88,89]",25,FUM002.A0101.SG1.1_5M.oral_gc_rl.tsv.gz
"(89,90]",15,FUM002.A0101.SG1.1_5M.oral_gc_rl.tsv.gz
"(90,91]",3,FUM002.A0101.SG1.1_5M.oral_gc_rl.tsv.gz
"(91,92]",5,FUM002.A0101.SG1.1_5M.oral_gc_rl.tsv.gz
"(92,93]",2,FUM002.A0101.SG1.1_5M.oral_gc_rl.tsv.gz
"(6,7]",3,FUM002.A0102.SG1.5_5M.oral_gc_rl.tsv.gz
"(7,8]",3,FUM002.A0102.SG1.5_5M.oral_gc_rl.tsv.gz
"(8,9]",5,FUM002.A0102.SG1.5_5M.oral_gc_rl.tsv.gz
"(9,10]",15,FUM002.A0102.SG1.5_5M.oral_gc_rl.tsv.gz
"(10,11]",21,FUM002.A0102.SG1.5_5M.oral_gc_rl.tsv.gz
"(11,12]",46,FUM002.A0102.SG1.5_5M.oral_gc_rl.tsv.gz
"(12,13]",60,FUM002.A0102.SG1.5_5M.oral_gc_rl.tsv.gz
"(13,14]",109,FUM002.A0102.SG1.5_5M.oral_gc_rl.tsv.gz
"(14,15]",117,FUM002.A0102.SG1.5_5M.oral_gc_rl.tsv.gz
"(15,16]",199,FUM002.A0102.SG1.5_5M.oral_gc_rl.tsv.gz
"(16,17]",212,FUM002.A0102.SG1.5_5M.oral_gc_rl.tsv.gz
"(17,18]",319,FUM002.A0102.SG1.5_5M.oral_gc_rl.tsv.gz
"(18,19]",328,FUM002.A0102.SG1.5_5M.oral_gc_rl.tsv.gz
"(19,20]",528,FUM002.A0102.SG1.5_5M.oral_gc_rl.tsv.gz
"(20,21]",454,FUM002.A0102.SG1.5_5M.oral_gc_rl.tsv.gz
"(21,22]",739,FUM002.A0102.SG1.5_5M.oral_gc_rl.tsv.gz
"(22,23]",715,FUM002.A0102.SG1.5_5M.oral_gc_rl.tsv.gz
"(23,24]",973,FUM002.A0102.SG1.5_5M.oral_gc_rl.tsv.gz
"(24,25]",1288,FUM002.A0102.SG1.5_5M.oral_gc_rl.tsv.gz
"(25,26]",877,FUM002.A0102.SG1.5_5M.oral_gc_rl.tsv.gz
"(26,27]",1278,FUM002.A0102.SG1.5_5M.oral_gc_rl.tsv.gz
"(27,28]",1486,FUM002.A0102.SG1.5_5M.oral_gc_rl.tsv.gz
"(28,29]",1466,FUM002.A0102.SG1.5_5M.oral_gc_rl.tsv.gz
"(29,30]",1887,FUM002.A0102.SG1.5_5M.oral_gc_rl.tsv.gz
"(30,31]",1696,FUM002.A0102.SG1.5_5M.oral_gc_rl.tsv.gz
"(31,32]",2077,FUM002.A0102.SG1.5_5M.oral_gc_rl.tsv.gz
"(32,33]",2001,FUM002.A0102.SG1.5_5M.oral_gc_rl.tsv.gz
"(33,34]",2055,FUM002.A0102.SG1.5_5M.oral_gc_rl.tsv.gz
"(34,35]",2559,FUM002.A0102.SG1.5_5M.oral_gc_rl.tsv.gz
"(35,36]",2362,FUM002.A0102.SG1.5_5M.oral_gc_rl.tsv.gz
"(36,37]",2565,FUM002.A0102.SG1.5_5M.oral_gc_rl.tsv.gz
"(37,38]",2607,FUM002.A0102.SG1.5_5M.oral_gc_rl.tsv.gz
"(38,39]",2720,FUM002.A0102.SG1.5_5M.oral_gc_rl.tsv.gz
"(39,40]",3603,FUM002.A0102.SG1.5_5M.oral_gc_rl.tsv.gz
"(40,41]",2508,FUM002.A0102.SG1.5_5M.oral_gc_rl.tsv.gz
"(41,42]",3189,FUM002.A0102.SG1.5_5M.oral_gc_rl.tsv.gz
"(42,43]",3209,FUM002.A0102.SG1.5_5M.oral_gc_rl.tsv.gz
"(43,44]",3574,FUM002.A0102.SG1.5_5M.oral_gc_rl.tsv.gz
"(44,45]",3618,FUM002.A0102.SG1.5_5M.oral_gc_rl.tsv.gz
"(45,46]",3464,FUM002.A0102.SG1.5_5M.oral_gc_rl.tsv.gz
"(46,47]",3751,FUM002.A0102.SG1.5_5M.oral_gc_rl.tsv.gz
"(47,48]",4329,FUM002.A0102.SG1.5_5M.oral_gc_rl.tsv.gz
"(48,49]",4138,FUM002.A0102.SG1.5_5M.oral_gc_rl.tsv.gz
"(49,50]",6340,FUM002.A0102.SG1.5_5M.oral_gc_rl.tsv.gz
"(50,51]",2057,FUM002.A0102.SG1.5_5M.oral_gc_rl.tsv.gz
"(51,52]",5392,FUM002.A0102.SG1.5_5M.oral_gc_rl.tsv.gz
"(52,53]",5550,FUM002.A0102.SG1.5_5M.oral_gc_rl.tsv.gz
"(53,54]",6197,FUM002.A0102.SG1.5_5M.oral_gc_rl.tsv.gz
"(54,55]",6590,FUM002.A0102.SG1.5_5M.oral_gc_rl.tsv.gz
"(55,56]",6723,FUM002.A0102.SG1.5_5M.oral_gc_rl.tsv.gz
"(56,57]",7321,FUM002.A0102.SG1.5_5M.oral_gc_rl.tsv.gz
"(57,58]",8406,FUM002.A0102.SG1.5_5M.oral_gc_rl.tsv.gz
"(58,59]",8480,FUM002.A0102.SG1.5_5M.oral_gc_rl.tsv.gz
"(59,60]",10967,FUM002.A0102.SG1.5_5M.oral_gc_rl.tsv.gz
"(60,61]",8081,FUM002.A0102.SG1.5_5M.oral_gc_rl.tsv.gz
"(61,62]",10080,FUM002.A0102.SG1.5_5M.oral_gc_rl.tsv.gz
"(62,63]",9489,FUM002.A0102.SG1.5_5M.oral_gc_rl.tsv.gz
"(63,64]",10853,FUM002.A0102.SG1.5_5M.oral_gc_rl.tsv.gz
"(64,65]",10849,FUM002.A0102.SG1.5_5M.oral_gc_rl.tsv.gz
"(65,66]",10592,FUM002.A0102.SG1.5_5M.oral_gc_rl.tsv.gz
"(66,67]",9122,FUM002.A0102.SG1.5_5M.oral_gc_rl.tsv.gz
"(67,68]",9825,FUM002.A0102.SG1.5_5M.oral_gc_rl.tsv.gz
"(68,69]",8674,FUM002.A0102.SG1.5_5M.oral_gc_rl.tsv.gz
"(69,70]",9567,FUM002.A0102.SG1.5_5M.oral_gc_rl.tsv.gz
"(70,71]",6577,FUM002.A0102.SG1.5_5M.oral_gc_rl.tsv.gz
"(71,72]",7052,FUM002.A0102.SG1.5_5M.oral_gc_rl.tsv.gz
"(72,73]",5726,FUM002.A0102.SG1.5_5M.oral_gc_rl.tsv.gz
"(73,74]",5140,FUM002.A0102.SG1.5_5M.oral_gc_rl.tsv.gz
"(74,75]",4549,FUM002.A0102.SG1.5_5M.oral_gc_rl.tsv.gz
"(75,76]",2382,FUM002.A0102.SG1.5_5M.oral_gc_rl.tsv.gz
"(76,77]",2661,FUM002.A0102.SG1.5_5M.oral_gc_rl.tsv.gz
"(77,78]",1741,FUM002.A0102.SG1.5_5M.oral_gc_rl.tsv.gz
"(78,79]",1427,FUM002.A0102.SG1.5_5M.oral_gc_rl.tsv.gz
"(79,80]",1158,FUM002.A0102.SG1.5_5M.oral_gc_rl.tsv.gz
"(80,81]",555,FUM002.A0102.SG1.5_5M.oral_gc_rl.tsv.gz
"(81,82]",463,FUM002.A0102.SG1.5_5M.oral_gc_rl.tsv.gz
"(82,83]",337,FUM002.A0102.SG1.5_5M.oral_gc_rl.tsv.gz
"(83,84]",188,FUM002.A0102.SG1.5_5M.oral_gc_rl.tsv.gz
"(84,85]",149,FUM002.A0102.SG1.5_5M.oral_gc_rl.tsv.gz
"(85,86]",39,FUM002.A0102.SG1.5_5M.oral_gc_rl.tsv.gz
"(86,87]",52,FUM002.A0102.SG1.5_5M.oral_gc_rl.tsv.gz
"(87,88]",34,FUM002.A0102.SG1.5_5M.oral_gc_rl.tsv.gz
"(88,89]",8,FUM002.A0102.SG1.5_5M.oral_gc_rl.tsv.gz
"(89,90]",5,FUM002.A0102.SG1.5_5M.oral_gc_rl.tsv.gz
"(92,93]",2,FUM002.A0102.SG1.5_5M.oral_gc_rl.tsv.gz
"(94,95]",1,FUM002.A0102.SG1.5_5M.oral_gc_rl.tsv.gz
"(11,12]",3,FUM003.A0101.SG1.1_5M.oral_gc_rl.tsv.gz
"(12,13]",5,FUM003.A0101.SG1.1_5M.oral_gc_rl.tsv.gz
"(13,14]",10,FUM003.A0101.SG1.1_5M.oral_gc_rl.tsv.gz
"(14,15]",18,FUM003.A0101.SG1.1_5M.oral_gc_rl.tsv.gz
"(15,16]",24,FUM003.A0101.SG1.1_5M.oral_gc_rl.tsv.gz
"(16,17]",12,FUM003.A0101.SG1.1_5M.oral_gc_rl.tsv.gz
"(17,18]",46,FUM003.A0101.SG1.1_5M.oral_gc_rl.tsv.gz
"(18,19]",61,FUM003.A0101.SG1.1_5M.oral_gc_rl.tsv.gz
"(19,20]",99,FUM003.A0101.SG1.1_5M.oral_gc_rl.tsv.gz
"(20,21]",82,FUM003.A0101.SG1.1_5M.oral_gc_rl.tsv.gz
"(21,22]",130,FUM003.A0101.SG1.1_5M.oral_gc_rl.tsv.gz
"(22,23]",140,FUM003.A0101.SG1.1_5M.oral_gc_rl.tsv.gz
"(23,24]",200,FUM003.A0101.SG1.1_5M.oral_gc_rl.tsv.gz
"(24,25]",241,FUM003.A0101.SG1.1_5M.oral_gc_rl.tsv.gz
"(25,26]",189,FUM003.A0101.SG1.1_5M.oral_gc_rl.tsv.gz
"(26,27]",271,FUM003.A0101.SG1.1_5M.oral_gc_rl.tsv.gz
"(27,28]",329,FUM003.A0101.SG1.1_5M.oral_gc_rl.tsv.gz
"(28,29]",432,FUM003.A0101.SG1.1_5M.oral_gc_rl.tsv.gz
"(29,30]",475,FUM003.A0101.SG1.1_5M.oral_gc_rl.tsv.gz
"(30,31]",448,FUM003.A0101.SG1.1_5M.oral_gc_rl.tsv.gz
"(31,32]",546,FUM003.A0101.SG1.1_5M.oral_gc_rl.tsv.gz
"(32,33]",571,FUM003.A0101.SG1.1_5M.oral_gc_rl.tsv.gz
"(33,34]",662,FUM003.A0101.SG1.1_5M.oral_gc_rl.tsv.gz
"(34,35]",776,FUM003.A0101.SG1.1_5M.oral_gc_rl.tsv.gz
"(35,36]",767,FUM003.A0101.SG1.1_5M.oral_gc_rl.tsv.gz
"(36,37]",806,FUM003.A0101.SG1.1_5M.oral_gc_rl.tsv.gz
"(37,38]",888,FUM003.A0101.SG1.1_5M.oral_gc_rl.tsv.gz
"(38,39]",914,FUM003.A0101.SG1.1_5M.oral_gc_rl.tsv.gz
"(39,40]",1167,FUM003.A0101.SG1.1_5M.oral_gc_rl.tsv.gz
"(40,41]",878,FUM003.A0101.SG1.1_5M.oral_gc_rl.tsv.gz
"(41,42]",1053,FUM003.A0101.SG1.1_5M.oral_gc_rl.tsv.gz
"(42,43]",1129,FUM003.A0101.SG1.1_5M.oral_gc_rl.tsv.gz
"(43,44]",1172,FUM003.A0101.SG1.1_5M.oral_gc_rl.tsv.gz
"(44,45]",1127,FUM003.A0101.SG1.1_5M.oral_gc_rl.tsv.gz
"(45,46]",1190,FUM003.A0101.SG1.1_5M.oral_gc_rl.tsv.gz
"(46,47]",1278,FUM003.A0101.SG1.1_5M.oral_gc_rl.tsv.gz
"(47,48]",1421,FUM003.A0101.SG1.1_5M.oral_gc_rl.tsv.gz
"(48,49]",1388,FUM003.A0101.SG1.1_5M.oral_gc_rl.tsv.gz
"(49,50]",2085,FUM003.A0101.SG1.1_5M.oral_gc_rl.tsv.gz
"(50,51]",761,FUM003.A0101.SG1.1_5M.oral_gc_rl.tsv.gz
"(51,52]",1772,FUM003.A0101.SG1.1_5M.oral_gc_rl.tsv.gz
"(52,53]",1878,FUM003.A0101.SG1.1_5M.oral_gc_rl.tsv.gz
"(53,54]",2247,FUM003.A0101.SG1.1_5M.oral_gc_rl.tsv.gz
"(54,55]",2355,FUM003.A0101.SG1.1_5M.oral_gc_rl.tsv.gz
"(55,56]",2532,FUM003.A0101.SG1.1_5M.oral_gc_rl.tsv.gz
"(56,57]",2810,FUM003.A0101.SG1.1_5M.oral_gc_rl.tsv.gz
"(57,58]",3164,FUM003.A0101.SG1.1_5M.oral_gc_rl.tsv.gz
"(58,59]",3241,FUM003.A0101.SG1.1_5M.oral_gc_rl.tsv.gz
"(59,60]",4409,FUM003.A0101.SG1.1_5M.oral_gc_rl.tsv.gz
"(60,61]",3235,FUM003.A0101.SG1.1_5M.oral_gc_rl.tsv.gz
"(61,62]",4153,FUM003.A0101.SG1.1_5M.oral_gc_rl.tsv.gz
"(62,63]",4001,FUM003.A0101.SG1.1_5M.oral_gc_rl.tsv.gz
"(63,64]",4354,FUM003.A0101.SG1.1_5M.oral_gc_rl.tsv.gz
"(64,65]",4326,FUM003.A0101.SG1.1_5M.oral_gc_rl.tsv.gz
"(65,66]",4135,FUM003.A0101.SG1.1_5M.oral_gc_rl.tsv.gz
"(66,67]",3486,FUM003.A0101.SG1.1_5M.oral_gc_rl.tsv.gz
"(67,68]",3763,FUM003.A0101.SG1.1_5M.oral_gc_rl.tsv.gz
"(68,69]",3246,FUM003.A0101.SG1.1_5M.oral_gc_rl.tsv.gz
"(69,70]",3330,FUM003.A0101.SG1.1_5M.oral_gc_rl.tsv.gz
"(70,71]",2244,FUM003.A0101.SG1.1_5M.oral_gc_rl.tsv.gz
"(71,72]",2402,FUM003.A0101.SG1.1_5M.oral_gc_rl.tsv.gz
"(72,73]",1918,FUM003.A0101.SG1.1_5M.oral_gc_rl.tsv.gz
"(73,74]",1757,FUM003.A0101.SG1.1_5M.oral_gc_rl.tsv.gz
"(74,75]",1588,FUM003.A0101.SG1.1_5M.oral_gc_rl.tsv.gz
"(75,76]",753,FUM003.A0101.SG1.1_5M.oral_gc_rl.tsv.gz
"(76,77]",872,FUM003.A0101.SG1.1_5M.oral_gc_rl.tsv.gz
"(77,78]",593,FUM003.A0101.SG1.1_5M.oral_gc_rl.tsv.gz
"(78,79]",425,FUM003.A0101.SG1.1_5M.oral_gc_rl.tsv.gz
"(79,80]",339,FUM003.A0101.SG1.1_5M.oral_gc_rl.tsv.gz
"(80,81]",182,FUM003.A0101.SG1.1_5M.oral_gc_rl.tsv.gz
"(81,82]",136,FUM003.A0101.SG1.1_5M.oral_gc_rl.tsv.gz
"(82,83]",114,FUM003.A0101.SG1.1_5M.oral_gc_rl.tsv.gz
"(83,84]",51,FUM003.A0101.SG1.1_5M.oral_gc_rl.tsv.gz
"(84,85]",35,FUM003.A0101.SG1.1_5M.oral_gc_rl.tsv.gz
"(85,86]",17,FUM003.A0101.SG1.1_5M.oral_gc_rl.tsv.gz
"(86,87]",7,FUM003.A0101.SG1.1_5M.oral_gc_rl.tsv.gz
"(87,88]",12,FUM003.A0101.SG1.1_5M.oral_gc_rl.tsv.gz
"(88,89]",3,FUM003.A0101.SG1.1_5M.oral_gc_rl.tsv.gz
"(89,90]",6,FUM003.A0101.SG1.1_5M.oral_gc_rl.tsv.gz
"(7,8]",3,FUM003.A0102.SG1.4_5M.oral_gc_rl.tsv.gz
"(8,9]",1,FUM003.A0102.SG1.4_5M.oral_gc_rl.tsv.gz
"(9,10]",15,FUM003.A0102.SG1.4_5M.oral_gc_rl.tsv.gz
"(10,11]",31,FUM003.A0102.SG1.4_5M.oral_gc_rl.tsv.gz
"(11,12]",38,FUM003.A0102.SG1.4_5M.oral_gc_rl.tsv.gz
"(12,13]",69,FUM003.A0102.SG1.4_5M.oral_gc_rl.tsv.gz
"(13,14]",80,FUM003.A0102.SG1.4_5M.oral_gc_rl.tsv.gz
"(14,15]",89,FUM003.A0102.SG1.4_5M.oral_gc_rl.tsv.gz
"(15,16]",107,FUM003.A0102.SG1.4_5M.oral_gc_rl.tsv.gz
"(16,17]",130,FUM003.A0102.SG1.4_5M.oral_gc_rl.tsv.gz
"(17,18]",193,FUM003.A0102.SG1.4_5M.oral_gc_rl.tsv.gz
"(18,19]",165,FUM003.A0102.SG1.4_5M.oral_gc_rl.tsv.gz
"(19,20]",321,FUM003.A0102.SG1.4_5M.oral_gc_rl.tsv.gz
"(20,21]",235,FUM003.A0102.SG1.4_5M.oral_gc_rl.tsv.gz
"(21,22]",336,FUM003.A0102.SG1.4_5M.oral_gc_rl.tsv.gz
"(22,23]",323,FUM003.A0102.SG1.4_5M.oral_gc_rl.tsv.gz
"(23,24]",464,FUM003.A0102.SG1.4_5M.oral_gc_rl.tsv.gz
"(24,25]",554,FUM003.A0102.SG1.4_5M.oral_gc_rl.tsv.gz
"(25,26]",404,FUM003.A0102.SG1.4_5M.oral_gc_rl.tsv.gz
"(26,27]",562,FUM003.A0102.SG1.4_5M.oral_gc_rl.tsv.gz
"(27,28]",634,FUM003.A0102.SG1.4_5M.oral_gc_rl.tsv.gz
"(28,29]",717,FUM003.A0102.SG1.4_5M.oral_gc_rl.tsv.gz
"(29,30]",805,FUM003.A0102.SG1.4_5M.oral_gc_rl.tsv.gz
"(30,31]",691,FUM003.A0102.SG1.4_5M.oral_gc_rl.tsv.gz
"(31,32]",809,FUM003.A0102.SG1.4_5M.oral_gc_rl.tsv.gz
"(32,33]",843,FUM003.A0102.SG1.4_5M.oral_gc_rl.tsv.gz
"(33,34]",889,FUM003.A0102.SG1.4_5M.oral_gc_rl.tsv.gz
"(34,35]",1189,FUM003.A0102.SG1.4_5M.oral_gc_rl.tsv.gz
"(35,36]",985,FUM003.A0102.SG1.4_5M.oral_gc_rl.tsv.gz
"(36,37]",1041,FUM003.A0102.SG1.4_5M.oral_gc_rl.tsv.gz
"(37,38]",1085,FUM003.A0102.SG1.4_5M.oral_gc_rl.tsv.gz
"(38,39]",1058,FUM003.A0102.SG1.4_5M.oral_gc_rl.tsv.gz
"(39,40]",1378,FUM003.A0102.SG1.4_5M.oral_gc_rl.tsv.gz
"(40,41]",969,FUM003.A0102.SG1.4_5M.oral_gc_rl.tsv.gz
"(41,42]",1098,FUM003.A0102.SG1.4_5M.oral_gc_rl.tsv.gz
"(42,43]",1147,FUM003.A0102.SG1.4_5M.oral_gc_rl.tsv.gz
"(43,44]",1207,FUM003.A0102.SG1.4_5M.oral_gc_rl.tsv.gz
"(44,45]",1226,FUM003.A0102.SG1.4_5M.oral_gc_rl.tsv.gz
"(45,46]",1042,FUM003.A0102.SG1.4_5M.oral_gc_rl.tsv.gz
"(46,47]",1104,FUM003.A0102.SG1.4_5M.oral_gc_rl.tsv.gz
"(47,48]",1268,FUM003.A0102.SG1.4_5M.oral_gc_rl.tsv.gz
"(48,49]",1132,FUM003.A0102.SG1.4_5M.oral_gc_rl.tsv.gz
"(49,50]",1732,FUM003.A0102.SG1.4_5M.oral_gc_rl.tsv.gz
"(50,51]",469,FUM003.A0102.SG1.4_5M.oral_gc_rl.tsv.gz
"(51,52]",1404,FUM003.A0102.SG1.4_5M.oral_gc_rl.tsv.gz
"(52,53]",1436,FUM003.A0102.SG1.4_5M.oral_gc_rl.tsv.gz
"(53,54]",1519,FUM003.A0102.SG1.4_5M.oral_gc_rl.tsv.gz
"(54,55]",1579,FUM003.A0102.SG1.4_5M.oral_gc_rl.tsv.gz
"(55,56]",1649,FUM003.A0102.SG1.4_5M.oral_gc_rl.tsv.gz
"(56,57]",1784,FUM003.A0102.SG1.4_5M.oral_gc_rl.tsv.gz
"(57,58]",1956,FUM003.A0102.SG1.4_5M.oral_gc_rl.tsv.gz
"(58,59]",1937,FUM003.A0102.SG1.4_5M.oral_gc_rl.tsv.gz
"(59,60]",2545,FUM003.A0102.SG1.4_5M.oral_gc_rl.tsv.gz
"(60,61]",1829,FUM003.A0102.SG1.4_5M.oral_gc_rl.tsv.gz
"(61,62]",2221,FUM003.A0102.SG1.4_5M.oral_gc_rl.tsv.gz
"(62,63]",2081,FUM003.A0102.SG1.4_5M.oral_gc_rl.tsv.gz
"(63,64]",2341,FUM003.A0102.SG1.4_5M.oral_gc_rl.tsv.gz
"(64,65]",2206,FUM003.A0102.SG1.4_5M.oral_gc_rl.tsv.gz
"(65,66]",2148,FUM003.A0102.SG1.4_5M.oral_gc_rl.tsv.gz
"(66,67]",1702,FUM003.A0102.SG1.4_5M.oral_gc_rl.tsv.gz
"(67,68]",1837,FUM003.A0102.SG1.4_5M.oral_gc_rl.tsv.gz
"(68,69]",1575,FUM003.A0102.SG1.4_5M.oral_gc_rl.tsv.gz
"(69,70]",1717,FUM003.A0102.SG1.4_5M.oral_gc_rl.tsv.gz
"(70,71]",1094,FUM003.A0102.SG1.4_5M.oral_gc_rl.tsv.gz
"(71,72]",1184,FUM003.A0102.SG1.4_5M.oral_gc_rl.tsv.gz
"(72,73]",1028,FUM003.A0102.SG1.4_5M.oral_gc_rl.tsv.gz
"(73,74]",804,FUM003.A0102.SG1.4_5M.oral_gc_rl.tsv.gz
"(74,75]",813,FUM003.A0102.SG1.4_5M.oral_gc_rl.tsv.gz
"(75,76]",375,FUM003.A0102.SG1.4_5M.oral_gc_rl.tsv.gz
"(76,77]",447,FUM003.A0102.SG1.4_5M.oral_gc_rl.tsv.gz
"(77,78]",318,FUM003.A0102.SG1.4_5M.oral_gc_rl.tsv.gz
"(78,79]",248,FUM003.A0102.SG1.4_5M.oral_gc_rl.tsv.gz
"(79,80]",185,FUM003.A0102.SG1.4_5M.oral_gc_rl.tsv.gz
"(80,81]",84,FUM003.A0102.SG1.4_5M.oral_gc_rl.tsv.gz
"(81,82]",82,FUM003.A0102.SG1.4_5M.oral_gc_rl.tsv.gz
"(82,83]",44,FUM003.A0102.SG1.4_5M.oral_gc_rl.tsv.gz
"(83,84]",29,FUM003.A0102.SG1.4_5M.oral_gc_rl.tsv.gz
"(84,85]",28,FUM003.A0102.SG1.4_5M.oral_gc_rl.tsv.gz
"(85,86]",7,FUM003.A0102.SG1.4_5M.oral_gc_rl.tsv.gz
"(86,87]",10,FUM003.A0102.SG1.4_5M.oral_gc_rl.tsv.gz
"(87,88]",9,FUM003.A0102.SG1.4_5M.oral_gc_rl.tsv.gz
"(88,89]",1,FUM003.A0102.SG1.4_5M.oral_gc_rl.tsv.gz
"(89,90]",2,FUM003.A0102.SG1.4_5M.oral_gc_rl.tsv.gz
"(8,9]",1,GDN001.A0101.SG1.1_5M.oral_gc_rl.tsv.gz
"(9,10]",1,GDN001.A0101.SG1.1_5M.oral_gc_rl.tsv.gz
"(10,11]",1,GDN001.A0101.SG1.1_5M.oral_gc_rl.tsv.gz
"(11,12]",13,GDN001.A0101.SG1.1_5M.oral_gc_rl.tsv.gz
"(12,13]",7,GDN001.A0101.SG1.1_5M.oral_gc_rl.tsv.gz
"(13,14]",20,GDN001.A0101.SG1.1_5M.oral_gc_rl.tsv.gz
"(14,15]",35,GDN001.A0101.SG1.1_5M.oral_gc_rl.tsv.gz
"(15,16]",27,GDN001.A0101.SG1.1_5M.oral_gc_rl.tsv.gz
"(16,17]",69,GDN001.A0101.SG1.1_5M.oral_gc_rl.tsv.gz
"(17,18]",160,GDN001.A0101.SG1.1_5M.oral_gc_rl.tsv.gz
"(18,19]",239,GDN001.A0101.SG1.1_5M.oral_gc_rl.tsv.gz
"(19,20]",544,GDN001.A0101.SG1.1_5M.oral_gc_rl.tsv.gz
"(20,21]",565,GDN001.A0101.SG1.1_5M.oral_gc_rl.tsv.gz
"(21,22]",1089,GDN001.A0101.SG1.1_5M.oral_gc_rl.tsv.gz
"(22,23]",1303,GDN001.A0101.SG1.1_5M.oral_gc_rl.tsv.gz
"(23,24]",1551,GDN001.A0101.SG1.1_5M.oral_gc_rl.tsv.gz
"(24,25]",1669,GDN001.A0101.SG1.1_5M.oral_gc_rl.tsv.gz
"(25,26]",1193,GDN001.A0101.SG1.1_5M.oral_gc_rl.tsv.gz
"(26,27]",1239,GDN001.A0101.SG1.1_5M.oral_gc_rl.tsv.gz
"(27,28]",1365,GDN001.A0101.SG1.1_5M.oral_gc_rl.tsv.gz
"(28,29]",1315,GDN001.A0101.SG1.1_5M.oral_gc_rl.tsv.gz
"(29,30]",1477,GDN001.A0101.SG1.1_5M.oral_gc_rl.tsv.gz
"(30,31]",1378,GDN001.A0101.SG1.1_5M.oral_gc_rl.tsv.gz
"(31,32]",1683,GDN001.A0101.SG1.1_5M.oral_gc_rl.tsv.gz
"(32,33]",1856,GDN001.A0101.SG1.1_5M.oral_gc_rl.tsv.gz
"(33,34]",1773,GDN001.A0101.SG1.1_5M.oral_gc_rl.tsv.gz
"(34,35]",2105,GDN001.A0101.SG1.1_5M.oral_gc_rl.tsv.gz
"(35,36]",2147,GDN001.A0101.SG1.1_5M.oral_gc_rl.tsv.gz
"(36,37]",2434,GDN001.A0101.SG1.1_5M.oral_gc_rl.tsv.gz
"(37,38]",2596,GDN001.A0101.SG1.1_5M.oral_gc_rl.tsv.gz
"(38,39]",2853,GDN001.A0101.SG1.1_5M.oral_gc_rl.tsv.gz
"(39,40]",3956,GDN001.A0101.SG1.1_5M.oral_gc_rl.tsv.gz
"(40,41]",3363,GDN001.A0101.SG1.1_5M.oral_gc_rl.tsv.gz
"(41,42]",4342,GDN001.A0101.SG1.1_5M.oral_gc_rl.tsv.gz
"(42,43]",4721,GDN001.A0101.SG1.1_5M.oral_gc_rl.tsv.gz
"(43,44]",5718,GDN001.A0101.SG1.1_5M.oral_gc_rl.tsv.gz
"(44,45]",6167,GDN001.A0101.SG1.1_5M.oral_gc_rl.tsv.gz
"(45,46]",6316,GDN001.A0101.SG1.1_5M.oral_gc_rl.tsv.gz
"(46,47]",7116,GDN001.A0101.SG1.1_5M.oral_gc_rl.tsv.gz
"(47,48]",8302,GDN001.A0101.SG1.1_5M.oral_gc_rl.tsv.gz
"(48,49]",7956,GDN001.A0101.SG1.1_5M.oral_gc_rl.tsv.gz
"(49,50]",13354,GDN001.A0101.SG1.1_5M.oral_gc_rl.tsv.gz
"(50,51]",6449,GDN001.A0101.SG1.1_5M.oral_gc_rl.tsv.gz
"(51,52]",11008,GDN001.A0101.SG1.1_5M.oral_gc_rl.tsv.gz
"(52,53]",11151,GDN001.A0101.SG1.1_5M.oral_gc_rl.tsv.gz
"(53,54]",12976,GDN001.A0101.SG1.1_5M.oral_gc_rl.tsv.gz
"(54,55]",13375,GDN001.A0101.SG1.1_5M.oral_gc_rl.tsv.gz
"(55,56]",14178,GDN001.A0101.SG1.1_5M.oral_gc_rl.tsv.gz
"(56,57]",15043,GDN001.A0101.SG1.1_5M.oral_gc_rl.tsv.gz
"(57,58]",15450,GDN001.A0101.SG1.1_5M.oral_gc_rl.tsv.gz
"(58,59]",16003,GDN001.A0101.SG1.1_5M.oral_gc_rl.tsv.gz
"(59,60]",19695,GDN001.A0101.SG1.1_5M.oral_gc_rl.tsv.gz
"(60,61]",14382,GDN001.A0101.SG1.1_5M.oral_gc_rl.tsv.gz
"(61,62]",17802,GDN001.A0101.SG1.1_5M.oral_gc_rl.tsv.gz
"(62,63]",16805,GDN001.A0101.SG1.1_5M.oral_gc_rl.tsv.gz
"(63,64]",18552,GDN001.A0101.SG1.1_5M.oral_gc_rl.tsv.gz
"(64,65]",17986,GDN001.A0101.SG1.1_5M.oral_gc_rl.tsv.gz
"(65,66]",17198,GDN001.A0101.SG1.1_5M.oral_gc_rl.tsv.gz
"(66,67]",16308,GDN001.A0101.SG1.1_5M.oral_gc_rl.tsv.gz
"(67,68]",18354,GDN001.A0101.SG1.1_5M.oral_gc_rl.tsv.gz
"(68,69]",16090,GDN001.A0101.SG1.1_5M.oral_gc_rl.tsv.gz
"(69,70]",17559,GDN001.A0101.SG1.1_5M.oral_gc_rl.tsv.gz
"(70,71]",13563,GDN001.A0101.SG1.1_5M.oral_gc_rl.tsv.gz
"(71,72]",14960,GDN001.A0101.SG1.1_5M.oral_gc_rl.tsv.gz
"(72,73]",13030,GDN001.A0101.SG1.1_5M.oral_gc_rl.tsv.gz
"(73,74]",12791,GDN001.A0101.SG1.1_5M.oral_gc_rl.tsv.gz
"(74,75]",13130,GDN001.A0101.SG1.1_5M.oral_gc_rl.tsv.gz
"(75,76]",7799,GDN001.A0101.SG1.1_5M.oral_gc_rl.tsv.gz
"(76,77]",8013,GDN001.A0101.SG1.1_5M.oral_gc_rl.tsv.gz
"(77,78]",7199,GDN001.A0101.SG1.1_5M.oral_gc_rl.tsv.gz
"(78,79]",5575,GDN001.A0101.SG1.1_5M.oral_gc_rl.tsv.gz
"(79,80]",5380,GDN001.A0101.SG1.1_5M.oral_gc_rl.tsv.gz
"(80,81]",2801,GDN001.A0101.SG1.1_5M.oral_gc_rl.tsv.gz
"(81,82]",2686,GDN001.A0101.SG1.1_5M.oral_gc_rl.tsv.gz
"(82,83]",1799,GDN001.A0101.SG1.1_5M.oral_gc_rl.tsv.gz
"(83,84]",1270,GDN001.A0101.SG1.1_5M.oral_gc_rl.tsv.gz
"(84,85]",864,GDN001.A0101.SG1.1_5M.oral_gc_rl.tsv.gz
"(85,86]",456,GDN001.A0101.SG1.1_5M.oral_gc_rl.tsv.gz
"(86,87]",362,GDN001.A0101.SG1.1_5M.oral_gc_rl.tsv.gz
"(87,88]",173,GDN001.A0101.SG1.1_5M.oral_gc_rl.tsv.gz
"(88,89]",96,GDN001.A0101.SG1.1_5M.oral_gc_rl.tsv.gz
"(89,90]",69,GDN001.A0101.SG1.1_5M.oral_gc_rl.tsv.gz
"(90,91]",23,GDN001.A0101.SG1.1_5M.oral_gc_rl.tsv.gz
"(91,92]",15,GDN001.A0101.SG1.1_5M.oral_gc_rl.tsv.gz
"(92,93]",3,GDN001.A0101.SG1.1_5M.oral_gc_rl.tsv.gz
"(93,94]",2,GDN001.A0101.SG1.1_5M.oral_gc_rl.tsv.gz
"(95,96]",1,GDN001.A0101.SG1.1_5M.oral_gc_rl.tsv.gz
"(4,5]",2,GDN001.A0102.SG1.3_5M.oral_gc_rl.tsv.gz
"(5,6]",1,GDN001.A0102.SG1.3_5M.oral_gc_rl.tsv.gz
"(6,7]",4,GDN001.A0102.SG1.3_5M.oral_gc_rl.tsv.gz
"(7,8]",15,GDN001.A0102.SG1.3_5M.oral_gc_rl.tsv.gz
"(8,9]",21,GDN001.A0102.SG1.3_5M.oral_gc_rl.tsv.gz
"(9,10]",44,GDN001.A0102.SG1.3_5M.oral_gc_rl.tsv.gz
"(10,11]",65,GDN001.A0102.SG1.3_5M.oral_gc_rl.tsv.gz
"(11,12]",95,GDN001.A0102.SG1.3_5M.oral_gc_rl.tsv.gz
"(12,13]",136,GDN001.A0102.SG1.3_5M.oral_gc_rl.tsv.gz
"(13,14]",251,GDN001.A0102.SG1.3_5M.oral_gc_rl.tsv.gz
"(14,15]",267,GDN001.A0102.SG1.3_5M.oral_gc_rl.tsv.gz
"(15,16]",476,GDN001.A0102.SG1.3_5M.oral_gc_rl.tsv.gz
"(16,17]",512,GDN001.A0102.SG1.3_5M.oral_gc_rl.tsv.gz
"(17,18]",861,GDN001.A0102.SG1.3_5M.oral_gc_rl.tsv.gz
"(18,19]",1108,GDN001.A0102.SG1.3_5M.oral_gc_rl.tsv.gz
"(19,20]",1869,GDN001.A0102.SG1.3_5M.oral_gc_rl.tsv.gz
"(20,21]",1777,GDN001.A0102.SG1.3_5M.oral_gc_rl.tsv.gz
"(21,22]",2409,GDN001.A0102.SG1.3_5M.oral_gc_rl.tsv.gz
"(22,23]",2782,GDN001.A0102.SG1.3_5M.oral_gc_rl.tsv.gz
"(23,24]",3187,GDN001.A0102.SG1.3_5M.oral_gc_rl.tsv.gz
"(24,25]",3593,GDN001.A0102.SG1.3_5M.oral_gc_rl.tsv.gz
"(25,26]",2357,GDN001.A0102.SG1.3_5M.oral_gc_rl.tsv.gz
"(26,27]",2878,GDN001.A0102.SG1.3_5M.oral_gc_rl.tsv.gz
"(27,28]",2986,GDN001.A0102.SG1.3_5M.oral_gc_rl.tsv.gz
"(28,29]",3004,GDN001.A0102.SG1.3_5M.oral_gc_rl.tsv.gz
"(29,30]",3400,GDN001.A0102.SG1.3_5M.oral_gc_rl.tsv.gz
"(30,31]",3044,GDN001.A0102.SG1.3_5M.oral_gc_rl.tsv.gz
"(31,32]",3569,GDN001.A0102.SG1.3_5M.oral_gc_rl.tsv.gz
"(32,33]",3489,GDN001.A0102.SG1.3_5M.oral_gc_rl.tsv.gz
"(33,34]",3587,GDN001.A0102.SG1.3_5M.oral_gc_rl.tsv.gz
"(34,35]",4214,GDN001.A0102.SG1.3_5M.oral_gc_rl.tsv.gz
"(35,36]",4113,GDN001.A0102.SG1.3_5M.oral_gc_rl.tsv.gz
"(36,37]",4154,GDN001.A0102.SG1.3_5M.oral_gc_rl.tsv.gz
"(37,38]",4451,GDN001.A0102.SG1.3_5M.oral_gc_rl.tsv.gz
"(38,39]",4351,GDN001.A0102.SG1.3_5M.oral_gc_rl.tsv.gz
"(39,40]",6071,GDN001.A0102.SG1.3_5M.oral_gc_rl.tsv.gz
"(40,41]",4345,GDN001.A0102.SG1.3_5M.oral_gc_rl.tsv.gz
"(41,42]",5678,GDN001.A0102.SG1.3_5M.oral_gc_rl.tsv.gz
"(42,43]",5566,GDN001.A0102.SG1.3_5M.oral_gc_rl.tsv.gz
"(43,44]",6318,GDN001.A0102.SG1.3_5M.oral_gc_rl.tsv.gz
"(44,45]",6289,GDN001.A0102.SG1.3_5M.oral_gc_rl.tsv.gz
"(45,46]",6094,GDN001.A0102.SG1.3_5M.oral_gc_rl.tsv.gz
"(46,47]",6535,GDN001.A0102.SG1.3_5M.oral_gc_rl.tsv.gz
"(47,48]",7362,GDN001.A0102.SG1.3_5M.oral_gc_rl.tsv.gz
"(48,49]",6791,GDN001.A0102.SG1.3_5M.oral_gc_rl.tsv.gz
"(49,50]",10499,GDN001.A0102.SG1.3_5M.oral_gc_rl.tsv.gz
"(50,51]",3393,GDN001.A0102.SG1.3_5M.oral_gc_rl.tsv.gz
"(51,52]",7750,GDN001.A0102.SG1.3_5M.oral_gc_rl.tsv.gz
"(52,53]",7533,GDN001.A0102.SG1.3_5M.oral_gc_rl.tsv.gz
"(53,54]",7838,GDN001.A0102.SG1.3_5M.oral_gc_rl.tsv.gz
"(54,55]",7576,GDN001.A0102.SG1.3_5M.oral_gc_rl.tsv.gz
"(55,56]",7251,GDN001.A0102.SG1.3_5M.oral_gc_rl.tsv.gz
"(56,57]",7255,GDN001.A0102.SG1.3_5M.oral_gc_rl.tsv.gz
"(57,58]",7500,GDN001.A0102.SG1.3_5M.oral_gc_rl.tsv.gz
"(58,59]",6732,GDN001.A0102.SG1.3_5M.oral_gc_rl.tsv.gz
"(59,60]",8112,GDN001.A0102.SG1.3_5M.oral_gc_rl.tsv.gz
"(60,61]",5650,GDN001.A0102.SG1.3_5M.oral_gc_rl.tsv.gz
"(61,62]",6487,GDN001.A0102.SG1.3_5M.oral_gc_rl.tsv.gz
"(62,63]",5801,GDN001.A0102.SG1.3_5M.oral_gc_rl.tsv.gz
"(63,64]",6140,GDN001.A0102.SG1.3_5M.oral_gc_rl.tsv.gz
"(64,65]",5900,GDN001.A0102.SG1.3_5M.oral_gc_rl.tsv.gz
"(65,66]",5638,GDN001.A0102.SG1.3_5M.oral_gc_rl.tsv.gz
"(66,67]",4577,GDN001.A0102.SG1.3_5M.oral_gc_rl.tsv.gz
"(67,68]",4958,GDN001.A0102.SG1.3_5M.oral_gc_rl.tsv.gz
"(68,69]",4241,GDN001.A0102.SG1.3_5M.oral_gc_rl.tsv.gz
"(69,70]",4665,GDN001.A0102.SG1.3_5M.oral_gc_rl.tsv.gz
"(70,71]",3390,GDN001.A0102.SG1.3_5M.oral_gc_rl.tsv.gz
"(71,72]",3660,GDN001.A0102.SG1.3_5M.oral_gc_rl.tsv.gz
"(72,73]",3118,GDN001.A0102.SG1.3_5M.oral_gc_rl.tsv.gz
"(73,74]",2940,GDN001.A0102.SG1.3_5M.oral_gc_rl.tsv.gz
"(74,75]",2903,GDN001.A0102.SG1.3_5M.oral_gc_rl.tsv.gz
"(75,76]",1560,GDN001.A0102.SG1.3_5M.oral_gc_rl.tsv.gz
"(76,77]",1791,GDN001.A0102.SG1.3_5M.oral_gc_rl.tsv.gz
"(77,78]",1365,GDN001.A0102.SG1.3_5M.oral_gc_rl.tsv.gz
"(78,79]",1132,GDN001.A0102.SG1.3_5M.oral_gc_rl.tsv.gz
"(79,80]",1027,GDN001.A0102.SG1.3_5M.oral_gc_rl.tsv.gz
"(80,81]",500,GDN001.A0102.SG1.3_5M.oral_gc_rl.tsv.gz
"(81,82]",494,GDN001.A0102.SG1.3_5M.oral_gc_rl.tsv.gz
"(82,83]",353,GDN001.A0102.SG1.3_5M.oral_gc_rl.tsv.gz
"(83,84]",216,GDN001.A0102.SG1.3_5M.oral_gc_rl.tsv.gz
"(84,85]",187,GDN001.A0102.SG1.3_5M.oral_gc_rl.tsv.gz
"(85,86]",83,GDN001.A0102.SG1.3_5M.oral_gc_rl.tsv.gz
"(86,87]",77,GDN001.A0102.SG1.3_5M.oral_gc_rl.tsv.gz
"(87,88]",43,GDN001.A0102.SG1.3_5M.oral_gc_rl.tsv.gz
"(88,89]",22,GDN001.A0102.SG1.3_5M.oral_gc_rl.tsv.gz
"(89,90]",21,GDN001.A0102.SG1.3_5M.oral_gc_rl.tsv.gz
"(90,91]",2,GDN001.A0102.SG1.3_5M.oral_gc_rl.tsv.gz
"(91,92]",2,GDN001.A0102.SG1.3_5M.oral_gc_rl.tsv.gz
"(92,93]",1,GDN001.A0102.SG1.3_5M.oral_gc_rl.tsv.gz
"(6,7]",1,GOY005.A0101.SG1.2_5M.oral_gc_rl.tsv.gz
"(8,9]",3,GOY005.A0101.SG1.2_5M.oral_gc_rl.tsv.gz
"(9,10]",4,GOY005.A0101.SG1.2_5M.oral_gc_rl.tsv.gz
"(10,11]",18,GOY005.A0101.SG1.2_5M.oral_gc_rl.tsv.gz
"(11,12]",19,GOY005.A0101.SG1.2_5M.oral_gc_rl.tsv.gz
"(12,13]",30,GOY005.A0101.SG1.2_5M.oral_gc_rl.tsv.gz
"(13,14]",66,GOY005.A0101.SG1.2_5M.oral_gc_rl.tsv.gz
"(14,15]",102,GOY005.A0101.SG1.2_5M.oral_gc_rl.tsv.gz
"(15,16]",135,GOY005.A0101.SG1.2_5M.oral_gc_rl.tsv.gz
"(16,17]",204,GOY005.A0101.SG1.2_5M.oral_gc_rl.tsv.gz
"(17,18]",316,GOY005.A0101.SG1.2_5M.oral_gc_rl.tsv.gz
"(18,19]",389,GOY005.A0101.SG1.2_5M.oral_gc_rl.tsv.gz
"(19,20]",601,GOY005.A0101.SG1.2_5M.oral_gc_rl.tsv.gz
"(20,21]",493,GOY005.A0101.SG1.2_5M.oral_gc_rl.tsv.gz
"(21,22]",776,GOY005.A0101.SG1.2_5M.oral_gc_rl.tsv.gz
"(22,23]",895,GOY005.A0101.SG1.2_5M.oral_gc_rl.tsv.gz
"(23,24]",1180,GOY005.A0101.SG1.2_5M.oral_gc_rl.tsv.gz
"(24,25]",1563,GOY005.A0101.SG1.2_5M.oral_gc_rl.tsv.gz
"(25,26]",1164,GOY005.A0101.SG1.2_5M.oral_gc_rl.tsv.gz
"(26,27]",1655,GOY005.A0101.SG1.2_5M.oral_gc_rl.tsv.gz
"(27,28]",2112,GOY005.A0101.SG1.2_5M.oral_gc_rl.tsv.gz
"(28,29]",2067,GOY005.A0101.SG1.2_5M.oral_gc_rl.tsv.gz
"(29,30]",2647,GOY005.A0101.SG1.2_5M.oral_gc_rl.tsv.gz
"(30,31]",2403,GOY005.A0101.SG1.2_5M.oral_gc_rl.tsv.gz
"(31,32]",3026,GOY005.A0101.SG1.2_5M.oral_gc_rl.tsv.gz
"(32,33]",2931,GOY005.A0101.SG1.2_5M.oral_gc_rl.tsv.gz
"(33,34]",3359,GOY005.A0101.SG1.2_5M.oral_gc_rl.tsv.gz
"(34,35]",4057,GOY005.A0101.SG1.2_5M.oral_gc_rl.tsv.gz
"(35,36]",3961,GOY005.A0101.SG1.2_5M.oral_gc_rl.tsv.gz
"(36,37]",4172,GOY005.A0101.SG1.2_5M.oral_gc_rl.tsv.gz
"(37,38]",4446,GOY005.A0101.SG1.2_5M.oral_gc_rl.tsv.gz
"(38,39]",4510,GOY005.A0101.SG1.2_5M.oral_gc_rl.tsv.gz
"(39,40]",5938,GOY005.A0101.SG1.2_5M.oral_gc_rl.tsv.gz
"(40,41]",4288,GOY005.A0101.SG1.2_5M.oral_gc_rl.tsv.gz
"(41,42]",5349,GOY005.A0101.SG1.2_5M.oral_gc_rl.tsv.gz
"(42,43]",5176,GOY005.A0101.SG1.2_5M.oral_gc_rl.tsv.gz
"(43,44]",5909,GOY005.A0101.SG1.2_5M.oral_gc_rl.tsv.gz
"(44,45]",5719,GOY005.A0101.SG1.2_5M.oral_gc_rl.tsv.gz
"(45,46]",5373,GOY005.A0101.SG1.2_5M.oral_gc_rl.tsv.gz
"(46,47]",5581,GOY005.A0101.SG1.2_5M.oral_gc_rl.tsv.gz
"(47,48]",6151,GOY005.A0101.SG1.2_5M.oral_gc_rl.tsv.gz
"(48,49]",5605,GOY005.A0101.SG1.2_5M.oral_gc_rl.tsv.gz
"(49,50]",8234,GOY005.A0101.SG1.2_5M.oral_gc_rl.tsv.gz
"(50,51]",2616,GOY005.A0101.SG1.2_5M.oral_gc_rl.tsv.gz
"(51,52]",6193,GOY005.A0101.SG1.2_5M.oral_gc_rl.tsv.gz
"(52,53]",6234,GOY005.A0101.SG1.2_5M.oral_gc_rl.tsv.gz
"(53,54]",6791,GOY005.A0101.SG1.2_5M.oral_gc_rl.tsv.gz
"(54,55]",6787,GOY005.A0101.SG1.2_5M.oral_gc_rl.tsv.gz
"(55,56]",7003,GOY005.A0101.SG1.2_5M.oral_gc_rl.tsv.gz
"(56,57]",7739,GOY005.A0101.SG1.2_5M.oral_gc_rl.tsv.gz
"(57,58]",8431,GOY005.A0101.SG1.2_5M.oral_gc_rl.tsv.gz
"(58,59]",8307,GOY005.A0101.SG1.2_5M.oral_gc_rl.tsv.gz
"(59,60]",10747,GOY005.A0101.SG1.2_5M.oral_gc_rl.tsv.gz
"(60,61]",8091,GOY005.A0101.SG1.2_5M.oral_gc_rl.tsv.gz
"(61,62]",10161,GOY005.A0101.SG1.2_5M.oral_gc_rl.tsv.gz
"(62,63]",9511,GOY005.A0101.SG1.2_5M.oral_gc_rl.tsv.gz
"(63,64]",10522,GOY005.A0101.SG1.2_5M.oral_gc_rl.tsv.gz
"(64,65]",10270,GOY005.A0101.SG1.2_5M.oral_gc_rl.tsv.gz
"(65,66]",9723,GOY005.A0101.SG1.2_5M.oral_gc_rl.tsv.gz
"(66,67]",8111,GOY005.A0101.SG1.2_5M.oral_gc_rl.tsv.gz
"(67,68]",8690,GOY005.A0101.SG1.2_5M.oral_gc_rl.tsv.gz
"(68,69]",7420,GOY005.A0101.SG1.2_5M.oral_gc_rl.tsv.gz
"(69,70]",7747,GOY005.A0101.SG1.2_5M.oral_gc_rl.tsv.gz
"(70,71]",5320,GOY005.A0101.SG1.2_5M.oral_gc_rl.tsv.gz
"(71,72]",5533,GOY005.A0101.SG1.2_5M.oral_gc_rl.tsv.gz
"(72,73]",4557,GOY005.A0101.SG1.2_5M.oral_gc_rl.tsv.gz
"(73,74]",3836,GOY005.A0101.SG1.2_5M.oral_gc_rl.tsv.gz
"(74,75]",3484,GOY005.A0101.SG1.2_5M.oral_gc_rl.tsv.gz
"(75,76]",1718,GOY005.A0101.SG1.2_5M.oral_gc_rl.tsv.gz
"(76,77]",1850,GOY005.A0101.SG1.2_5M.oral_gc_rl.tsv.gz
"(77,78]",1325,GOY005.A0101.SG1.2_5M.oral_gc_rl.tsv.gz
"(78,79]",1033,GOY005.A0101.SG1.2_5M.oral_gc_rl.tsv.gz
"(79,80]",850,GOY005.A0101.SG1.2_5M.oral_gc_rl.tsv.gz
"(80,81]",358,GOY005.A0101.SG1.2_5M.oral_gc_rl.tsv.gz
"(81,82]",393,GOY005.A0101.SG1.2_5M.oral_gc_rl.tsv.gz
"(82,83]",231,GOY005.A0101.SG1.2_5M.oral_gc_rl.tsv.gz
"(83,84]",137,GOY005.A0101.SG1.2_5M.oral_gc_rl.tsv.gz
"(84,85]",88,GOY005.A0101.SG1.2_5M.oral_gc_rl.tsv.gz
"(85,86]",39,GOY005.A0101.SG1.2_5M.oral_gc_rl.tsv.gz
"(86,87]",43,GOY005.A0101.SG1.2_5M.oral_gc_rl.tsv.gz
"(87,88]",24,GOY005.A0101.SG1.2_5M.oral_gc_rl.tsv.gz
"(88,89]",8,GOY005.A0101.SG1.2_5M.oral_gc_rl.tsv.gz
"(89,90]",3,GOY005.A0101.SG1.2_5M.oral_gc_rl.tsv.gz
"(90,91]",1,GOY005.A0101.SG1.2_5M.oral_gc_rl.tsv.gz
"(91,92]",1,GOY005.A0101.SG1.2_5M.oral_gc_rl.tsv.gz
"(4,5]",6,GOY005.A0103.SG1.4_5M.oral_gc_rl.tsv.gz
"(5,6]",7,GOY005.A0103.SG1.4_5M.oral_gc_rl.tsv.gz
"(6,7]",8,GOY005.A0103.SG1.4_5M.oral_gc_rl.tsv.gz
"(7,8]",35,GOY005.A0103.SG1.4_5M.oral_gc_rl.tsv.gz
"(8,9]",42,GOY005.A0103.SG1.4_5M.oral_gc_rl.tsv.gz
"(9,10]",77,GOY005.A0103.SG1.4_5M.oral_gc_rl.tsv.gz
"(10,11]",144,GOY005.A0103.SG1.4_5M.oral_gc_rl.tsv.gz
"(11,12]",201,GOY005.A0103.SG1.4_5M.oral_gc_rl.tsv.gz
"(12,13]",255,GOY005.A0103.SG1.4_5M.oral_gc_rl.tsv.gz
"(13,14]",410,GOY005.A0103.SG1.4_5M.oral_gc_rl.tsv.gz
"(14,15]",546,GOY005.A0103.SG1.4_5M.oral_gc_rl.tsv.gz
"(15,16]",773,GOY005.A0103.SG1.4_5M.oral_gc_rl.tsv.gz
"(16,17]",911,GOY005.A0103.SG1.4_5M.oral_gc_rl.tsv.gz
"(17,18]",1275,GOY005.A0103.SG1.4_5M.oral_gc_rl.tsv.gz
"(18,19]",1358,GOY005.A0103.SG1.4_5M.oral_gc_rl.tsv.gz
"(19,20]",2094,GOY005.A0103.SG1.4_5M.oral_gc_rl.tsv.gz
"(20,21]",1598,GOY005.A0103.SG1.4_5M.oral_gc_rl.tsv.gz
"(21,22]",2562,GOY005.A0103.SG1.4_5M.oral_gc_rl.tsv.gz
"(22,23]",2473,GOY005.A0103.SG1.4_5M.oral_gc_rl.tsv.gz
"(23,24]",3241,GOY005.A0103.SG1.4_5M.oral_gc_rl.tsv.gz
"(24,25]",4043,GOY005.A0103.SG1.4_5M.oral_gc_rl.tsv.gz
"(25,26]",2637,GOY005.A0103.SG1.4_5M.oral_gc_rl.tsv.gz
"(26,27]",3795,GOY005.A0103.SG1.4_5M.oral_gc_rl.tsv.gz
"(27,28]",4539,GOY005.A0103.SG1.4_5M.oral_gc_rl.tsv.gz
"(28,29]",4246,GOY005.A0103.SG1.4_5M.oral_gc_rl.tsv.gz
"(29,30]",4909,GOY005.A0103.SG1.4_5M.oral_gc_rl.tsv.gz
"(30,31]",4449,GOY005.A0103.SG1.4_5M.oral_gc_rl.tsv.gz
"(31,32]",5174,GOY005.A0103.SG1.4_5M.oral_gc_rl.tsv.gz
"(32,33]",4743,GOY005.A0103.SG1.4_5M.oral_gc_rl.tsv.gz
"(33,34]",5043,GOY005.A0103.SG1.4_5M.oral_gc_rl.tsv.gz
"(34,35]",5930,GOY005.A0103.SG1.4_5M.oral_gc_rl.tsv.gz
"(35,36]",5363,GOY005.A0103.SG1.4_5M.oral_gc_rl.tsv.gz
"(36,37]",5569,GOY005.A0103.SG1.4_5M.oral_gc_rl.tsv.gz
"(37,38]",5513,GOY005.A0103.SG1.4_5M.oral_gc_rl.tsv.gz
"(38,39]",5270,GOY005.A0103.SG1.4_5M.oral_gc_rl.tsv.gz
"(39,40]",6805,GOY005.A0103.SG1.4_5M.oral_gc_rl.tsv.gz
"(40,41]",4398,GOY005.A0103.SG1.4_5M.oral_gc_rl.tsv.gz
"(41,42]",5400,GOY005.A0103.SG1.4_5M.oral_gc_rl.tsv.gz
"(42,43]",5085,GOY005.A0103.SG1.4_5M.oral_gc_rl.tsv.gz
"(43,44]",5346,GOY005.A0103.SG1.4_5M.oral_gc_rl.tsv.gz
"(44,45]",4959,GOY005.A0103.SG1.4_5M.oral_gc_rl.tsv.gz
"(45,46]",4154,GOY005.A0103.SG1.4_5M.oral_gc_rl.tsv.gz
"(46,47]",4358,GOY005.A0103.SG1.4_5M.oral_gc_rl.tsv.gz
"(47,48]",4645,GOY005.A0103.SG1.4_5M.oral_gc_rl.tsv.gz
"(48,49]",4044,GOY005.A0103.SG1.4_5M.oral_gc_rl.tsv.gz
"(49,50]",5239,GOY005.A0103.SG1.4_5M.oral_gc_rl.tsv.gz
"(50,51]",1300,GOY005.A0103.SG1.4_5M.oral_gc_rl.tsv.gz
"(51,52]",3933,GOY005.A0103.SG1.4_5M.oral_gc_rl.tsv.gz
"(52,53]",3659,GOY005.A0103.SG1.4_5M.oral_gc_rl.tsv.gz
"(53,54]",3575,GOY005.A0103.SG1.4_5M.oral_gc_rl.tsv.gz
"(54,55]",3253,GOY005.A0103.SG1.4_5M.oral_gc_rl.tsv.gz
"(55,56]",3137,GOY005.A0103.SG1.4_5M.oral_gc_rl.tsv.gz
"(56,57]",3261,GOY005.A0103.SG1.4_5M.oral_gc_rl.tsv.gz
"(57,58]",3437,GOY005.A0103.SG1.4_5M.oral_gc_rl.tsv.gz
"(58,59]",3262,GOY005.A0103.SG1.4_5M.oral_gc_rl.tsv.gz
"(59,60]",3969,GOY005.A0103.SG1.4_5M.oral_gc_rl.tsv.gz
"(60,61]",2828,GOY005.A0103.SG1.4_5M.oral_gc_rl.tsv.gz
"(61,62]",3359,GOY005.A0103.SG1.4_5M.oral_gc_rl.tsv.gz
"(62,63]",2949,GOY005.A0103.SG1.4_5M.oral_gc_rl.tsv.gz
"(63,64]",3290,GOY005.A0103.SG1.4_5M.oral_gc_rl.tsv.gz
"(64,65]",3267,GOY005.A0103.SG1.4_5M.oral_gc_rl.tsv.gz
"(65,66]",2917,GOY005.A0103.SG1.4_5M.oral_gc_rl.tsv.gz
"(66,67]",2384,GOY005.A0103.SG1.4_5M.oral_gc_rl.tsv.gz
"(67,68]",2441,GOY005.A0103.SG1.4_5M.oral_gc_rl.tsv.gz
"(68,69]",2164,GOY005.A0103.SG1.4_5M.oral_gc_rl.tsv.gz
"(69,70]",2382,GOY005.A0103.SG1.4_5M.oral_gc_rl.tsv.gz
"(70,71]",1409,GOY005.A0103.SG1.4_5M.oral_gc_rl.tsv.gz
"(71,72]",1692,GOY005.A0103.SG1.4_5M.oral_gc_rl.tsv.gz
"(72,73]",1325,GOY005.A0103.SG1.4_5M.oral_gc_rl.tsv.gz
"(73,74]",1050,GOY005.A0103.SG1.4_5M.oral_gc_rl.tsv.gz
"(74,75]",997,GOY005.A0103.SG1.4_5M.oral_gc_rl.tsv.gz
"(75,76]",484,GOY005.A0103.SG1.4_5M.oral_gc_rl.tsv.gz
"(76,77]",594,GOY005.A0103.SG1.4_5M.oral_gc_rl.tsv.gz
"(77,78]",353,GOY005.A0103.SG1.4_5M.oral_gc_rl.tsv.gz
"(78,79]",300,GOY005.A0103.SG1.4_5M.oral_gc_rl.tsv.gz
"(79,80]",259,GOY005.A0103.SG1.4_5M.oral_gc_rl.tsv.gz
"(80,81]",118,GOY005.A0103.SG1.4_5M.oral_gc_rl.tsv.gz
"(81,82]",116,GOY005.A0103.SG1.4_5M.oral_gc_rl.tsv.gz
"(82,83]",80,GOY005.A0103.SG1.4_5M.oral_gc_rl.tsv.gz
"(83,84]",41,GOY005.A0103.SG1.4_5M.oral_gc_rl.tsv.gz
"(84,85]",30,GOY005.A0103.SG1.4_5M.oral_gc_rl.tsv.gz
"(85,86]",8,GOY005.A0103.SG1.4_5M.oral_gc_rl.tsv.gz
"(86,87]",3,GOY005.A0103.SG1.4_5M.oral_gc_rl.tsv.gz
"(87,88]",6,GOY005.A0103.SG1.4_5M.oral_gc_rl.tsv.gz
"(88,89]",1,GOY005.A0103.SG1.4_5M.oral_gc_rl.tsv.gz
"(89,90]",2,GOY005.A0103.SG1.4_5M.oral_gc_rl.tsv.gz
"(90,91]",1,GOY005.A0103.SG1.4_5M.oral_gc_rl.tsv.gz
"(94,95]",1,GOY005.A0103.SG1.4_5M.oral_gc_rl.tsv.gz
"(8,9]",1,GOY006.A0101.SG1.2_5M.oral_gc_rl.tsv.gz
"(9,10]",3,GOY006.A0101.SG1.2_5M.oral_gc_rl.tsv.gz
"(10,11]",6,GOY006.A0101.SG1.2_5M.oral_gc_rl.tsv.gz
"(11,12]",9,GOY006.A0101.SG1.2_5M.oral_gc_rl.tsv.gz
"(12,13]",14,GOY006.A0101.SG1.2_5M.oral_gc_rl.tsv.gz
"(13,14]",30,GOY006.A0101.SG1.2_5M.oral_gc_rl.tsv.gz
"(14,15]",51,GOY006.A0101.SG1.2_5M.oral_gc_rl.tsv.gz
"(15,16]",58,GOY006.A0101.SG1.2_5M.oral_gc_rl.tsv.gz
"(16,17]",115,GOY006.A0101.SG1.2_5M.oral_gc_rl.tsv.gz
"(17,18]",191,GOY006.A0101.SG1.2_5M.oral_gc_rl.tsv.gz
"(18,19]",249,GOY006.A0101.SG1.2_5M.oral_gc_rl.tsv.gz
"(19,20]",383,GOY006.A0101.SG1.2_5M.oral_gc_rl.tsv.gz
"(20,21]",386,GOY006.A0101.SG1.2_5M.oral_gc_rl.tsv.gz
"(21,22]",573,GOY006.A0101.SG1.2_5M.oral_gc_rl.tsv.gz
"(22,23]",645,GOY006.A0101.SG1.2_5M.oral_gc_rl.tsv.gz
"(23,24]",887,GOY006.A0101.SG1.2_5M.oral_gc_rl.tsv.gz
"(24,25]",1132,GOY006.A0101.SG1.2_5M.oral_gc_rl.tsv.gz
"(25,26]",955,GOY006.A0101.SG1.2_5M.oral_gc_rl.tsv.gz
"(26,27]",1285,GOY006.A0101.SG1.2_5M.oral_gc_rl.tsv.gz
"(27,28]",1559,GOY006.A0101.SG1.2_5M.oral_gc_rl.tsv.gz
"(28,29]",1661,GOY006.A0101.SG1.2_5M.oral_gc_rl.tsv.gz
"(29,30]",1942,GOY006.A0101.SG1.2_5M.oral_gc_rl.tsv.gz
"(30,31]",1924,GOY006.A0101.SG1.2_5M.oral_gc_rl.tsv.gz
"(31,32]",2319,GOY006.A0101.SG1.2_5M.oral_gc_rl.tsv.gz
"(32,33]",2429,GOY006.A0101.SG1.2_5M.oral_gc_rl.tsv.gz
"(33,34]",2574,GOY006.A0101.SG1.2_5M.oral_gc_rl.tsv.gz
"(34,35]",2944,GOY006.A0101.SG1.2_5M.oral_gc_rl.tsv.gz
"(35,36]",2973,GOY006.A0101.SG1.2_5M.oral_gc_rl.tsv.gz
"(36,37]",3080,GOY006.A0101.SG1.2_5M.oral_gc_rl.tsv.gz
"(37,38]",3285,GOY006.A0101.SG1.2_5M.oral_gc_rl.tsv.gz
"(38,39]",3467,GOY006.A0101.SG1.2_5M.oral_gc_rl.tsv.gz
"(39,40]",4509,GOY006.A0101.SG1.2_5M.oral_gc_rl.tsv.gz
"(40,41]",3376,GOY006.A0101.SG1.2_5M.oral_gc_rl.tsv.gz
"(41,42]",4146,GOY006.A0101.SG1.2_5M.oral_gc_rl.tsv.gz
"(42,43]",4197,GOY006.A0101.SG1.2_5M.oral_gc_rl.tsv.gz
"(43,44]",4837,GOY006.A0101.SG1.2_5M.oral_gc_rl.tsv.gz
"(44,45]",4742,GOY006.A0101.SG1.2_5M.oral_gc_rl.tsv.gz
"(45,46]",4620,GOY006.A0101.SG1.2_5M.oral_gc_rl.tsv.gz
"(46,47]",5147,GOY006.A0101.SG1.2_5M.oral_gc_rl.tsv.gz
"(47,48]",5735,GOY006.A0101.SG1.2_5M.oral_gc_rl.tsv.gz
"(48,49]",5544,GOY006.A0101.SG1.2_5M.oral_gc_rl.tsv.gz
"(49,50]",8538,GOY006.A0101.SG1.2_5M.oral_gc_rl.tsv.gz
"(50,51]",3175,GOY006.A0101.SG1.2_5M.oral_gc_rl.tsv.gz
"(51,52]",6750,GOY006.A0101.SG1.2_5M.oral_gc_rl.tsv.gz
"(52,53]",6783,GOY006.A0101.SG1.2_5M.oral_gc_rl.tsv.gz
"(53,54]",7908,GOY006.A0101.SG1.2_5M.oral_gc_rl.tsv.gz
"(54,55]",7939,GOY006.A0101.SG1.2_5M.oral_gc_rl.tsv.gz
"(55,56]",8506,GOY006.A0101.SG1.2_5M.oral_gc_rl.tsv.gz
"(56,57]",9333,GOY006.A0101.SG1.2_5M.oral_gc_rl.tsv.gz
"(57,58]",9696,GOY006.A0101.SG1.2_5M.oral_gc_rl.tsv.gz
"(58,59]",9849,GOY006.A0101.SG1.2_5M.oral_gc_rl.tsv.gz
"(59,60]",12587,GOY006.A0101.SG1.2_5M.oral_gc_rl.tsv.gz
"(60,61]",9471,GOY006.A0101.SG1.2_5M.oral_gc_rl.tsv.gz
"(61,62]",11776,GOY006.A0101.SG1.2_5M.oral_gc_rl.tsv.gz
"(62,63]",11225,GOY006.A0101.SG1.2_5M.oral_gc_rl.tsv.gz
"(63,64]",12611,GOY006.A0101.SG1.2_5M.oral_gc_rl.tsv.gz
"(64,65]",12319,GOY006.A0101.SG1.2_5M.oral_gc_rl.tsv.gz
"(65,66]",11874,GOY006.A0101.SG1.2_5M.oral_gc_rl.tsv.gz
"(66,67]",10415,GOY006.A0101.SG1.2_5M.oral_gc_rl.tsv.gz
"(67,68]",11014,GOY006.A0101.SG1.2_5M.oral_gc_rl.tsv.gz
"(68,69]",9935,GOY006.A0101.SG1.2_5M.oral_gc_rl.tsv.gz
"(69,70]",10772,GOY006.A0101.SG1.2_5M.oral_gc_rl.tsv.gz
"(70,71]",7456,GOY006.A0101.SG1.2_5M.oral_gc_rl.tsv.gz
"(71,72]",7847,GOY006.A0101.SG1.2_5M.oral_gc_rl.tsv.gz
"(72,73]",6547,GOY006.A0101.SG1.2_5M.oral_gc_rl.tsv.gz
"(73,74]",5928,GOY006.A0101.SG1.2_5M.oral_gc_rl.tsv.gz
"(74,75]",5594,GOY006.A0101.SG1.2_5M.oral_gc_rl.tsv.gz
"(75,76]",3034,GOY006.A0101.SG1.2_5M.oral_gc_rl.tsv.gz
"(76,77]",3170,GOY006.A0101.SG1.2_5M.oral_gc_rl.tsv.gz
"(77,78]",2460,GOY006.A0101.SG1.2_5M.oral_gc_rl.tsv.gz
"(78,79]",1886,GOY006.A0101.SG1.2_5M.oral_gc_rl.tsv.gz
"(79,80]",1653,GOY006.A0101.SG1.2_5M.oral_gc_rl.tsv.gz
"(80,81]",779,GOY006.A0101.SG1.2_5M.oral_gc_rl.tsv.gz
"(81,82]",756,GOY006.A0101.SG1.2_5M.oral_gc_rl.tsv.gz
"(82,83]",497,GOY006.A0101.SG1.2_5M.oral_gc_rl.tsv.gz
"(83,84]",306,GOY006.A0101.SG1.2_5M.oral_gc_rl.tsv.gz
"(84,85]",233,GOY006.A0101.SG1.2_5M.oral_gc_rl.tsv.gz
"(85,86]",110,GOY006.A0101.SG1.2_5M.oral_gc_rl.tsv.gz
"(86,87]",76,GOY006.A0101.SG1.2_5M.oral_gc_rl.tsv.gz
"(87,88]",36,GOY006.A0101.SG1.2_5M.oral_gc_rl.tsv.gz
"(88,89]",17,GOY006.A0101.SG1.2_5M.oral_gc_rl.tsv.gz
"(89,90]",19,GOY006.A0101.SG1.2_5M.oral_gc_rl.tsv.gz
"(90,91]",5,GOY006.A0101.SG1.2_5M.oral_gc_rl.tsv.gz
"(91,92]",1,GOY006.A0101.SG1.2_5M.oral_gc_rl.tsv.gz
"(92,93]",3,GOY006.A0101.SG1.2_5M.oral_gc_rl.tsv.gz
"(4,5]",1,GOY006.A0102.SG1.5_5M.oral_gc_rl.tsv.gz
"(5,6]",2,GOY006.A0102.SG1.5_5M.oral_gc_rl.tsv.gz
"(6,7]",4,GOY006.A0102.SG1.5_5M.oral_gc_rl.tsv.gz
"(7,8]",12,GOY006.A0102.SG1.5_5M.oral_gc_rl.tsv.gz
"(8,9]",19,GOY006.A0102.SG1.5_5M.oral_gc_rl.tsv.gz
"(9,10]",53,GOY006.A0102.SG1.5_5M.oral_gc_rl.tsv.gz
"(10,11]",72,GOY006.A0102.SG1.5_5M.oral_gc_rl.tsv.gz
"(11,12]",118,GOY006.A0102.SG1.5_5M.oral_gc_rl.tsv.gz
"(12,13]",178,GOY006.A0102.SG1.5_5M.oral_gc_rl.tsv.gz
"(13,14]",303,GOY006.A0102.SG1.5_5M.oral_gc_rl.tsv.gz
"(14,15]",346,GOY006.A0102.SG1.5_5M.oral_gc_rl.tsv.gz
"(15,16]",508,GOY006.A0102.SG1.5_5M.oral_gc_rl.tsv.gz
"(16,17]",624,GOY006.A0102.SG1.5_5M.oral_gc_rl.tsv.gz
"(17,18]",912,GOY006.A0102.SG1.5_5M.oral_gc_rl.tsv.gz
"(18,19]",956,GOY006.A0102.SG1.5_5M.oral_gc_rl.tsv.gz
"(19,20]",1476,GOY006.A0102.SG1.5_5M.oral_gc_rl.tsv.gz
"(20,21]",1269,GOY006.A0102.SG1.5_5M.oral_gc_rl.tsv.gz
"(21,22]",1946,GOY006.A0102.SG1.5_5M.oral_gc_rl.tsv.gz
"(22,23]",1904,GOY006.A0102.SG1.5_5M.oral_gc_rl.tsv.gz
"(23,24]",2470,GOY006.A0102.SG1.5_5M.oral_gc_rl.tsv.gz
"(24,25]",3115,GOY006.A0102.SG1.5_5M.oral_gc_rl.tsv.gz
"(25,26]",2296,GOY006.A0102.SG1.5_5M.oral_gc_rl.tsv.gz
"(26,27]",3110,GOY006.A0102.SG1.5_5M.oral_gc_rl.tsv.gz
"(27,28]",3512,GOY006.A0102.SG1.5_5M.oral_gc_rl.tsv.gz
"(28,29]",3316,GOY006.A0102.SG1.5_5M.oral_gc_rl.tsv.gz
"(29,30]",3916,GOY006.A0102.SG1.5_5M.oral_gc_rl.tsv.gz
"(30,31]",3685,GOY006.A0102.SG1.5_5M.oral_gc_rl.tsv.gz
"(31,32]",4184,GOY006.A0102.SG1.5_5M.oral_gc_rl.tsv.gz
"(32,33]",4023,GOY006.A0102.SG1.5_5M.oral_gc_rl.tsv.gz
"(33,34]",4222,GOY006.A0102.SG1.5_5M.oral_gc_rl.tsv.gz
"(34,35]",4673,GOY006.A0102.SG1.5_5M.oral_gc_rl.tsv.gz
"(35,36]",4437,GOY006.A0102.SG1.5_5M.oral_gc_rl.tsv.gz
"(36,37]",4514,GOY006.A0102.SG1.5_5M.oral_gc_rl.tsv.gz
"(37,38]",4560,GOY006.A0102.SG1.5_5M.oral_gc_rl.tsv.gz
"(38,39]",4366,GOY006.A0102.SG1.5_5M.oral_gc_rl.tsv.gz
"(39,40]",5590,GOY006.A0102.SG1.5_5M.oral_gc_rl.tsv.gz
"(40,41]",3745,GOY006.A0102.SG1.5_5M.oral_gc_rl.tsv.gz
"(41,42]",4787,GOY006.A0102.SG1.5_5M.oral_gc_rl.tsv.gz
"(42,43]",4412,GOY006.A0102.SG1.5_5M.oral_gc_rl.tsv.gz
"(43,44]",4810,GOY006.A0102.SG1.5_5M.oral_gc_rl.tsv.gz
"(44,45]",4600,GOY006.A0102.SG1.5_5M.oral_gc_rl.tsv.gz
"(45,46]",4138,GOY006.A0102.SG1.5_5M.oral_gc_rl.tsv.gz
"(46,47]",4303,GOY006.A0102.SG1.5_5M.oral_gc_rl.tsv.gz
"(47,48]",4791,GOY006.A0102.SG1.5_5M.oral_gc_rl.tsv.gz
"(48,49]",4346,GOY006.A0102.SG1.5_5M.oral_gc_rl.tsv.gz
"(49,50]",6062,GOY006.A0102.SG1.5_5M.oral_gc_rl.tsv.gz
"(50,51]",1601,GOY006.A0102.SG1.5_5M.oral_gc_rl.tsv.gz
"(51,52]",4672,GOY006.A0102.SG1.5_5M.oral_gc_rl.tsv.gz
"(52,53]",4459,GOY006.A0102.SG1.5_5M.oral_gc_rl.tsv.gz
"(53,54]",4559,GOY006.A0102.SG1.5_5M.oral_gc_rl.tsv.gz
"(54,55]",4482,GOY006.A0102.SG1.5_5M.oral_gc_rl.tsv.gz
"(55,56]",4329,GOY006.A0102.SG1.5_5M.oral_gc_rl.tsv.gz
"(56,57]",4657,GOY006.A0102.SG1.5_5M.oral_gc_rl.tsv.gz
"(57,58]",4980,GOY006.A0102.SG1.5_5M.oral_gc_rl.tsv.gz
"(58,59]",4720,GOY006.A0102.SG1.5_5M.oral_gc_rl.tsv.gz
"(59,60]",5763,GOY006.A0102.SG1.5_5M.oral_gc_rl.tsv.gz
"(60,61]",4267,GOY006.A0102.SG1.5_5M.oral_gc_rl.tsv.gz
"(61,62]",5035,GOY006.A0102.SG1.5_5M.oral_gc_rl.tsv.gz
"(62,63]",4649,GOY006.A0102.SG1.5_5M.oral_gc_rl.tsv.gz
"(63,64]",5246,GOY006.A0102.SG1.5_5M.oral_gc_rl.tsv.gz
"(64,65]",4959,GOY006.A0102.SG1.5_5M.oral_gc_rl.tsv.gz
"(65,66]",4834,GOY006.A0102.SG1.5_5M.oral_gc_rl.tsv.gz
"(66,67]",3897,GOY006.A0102.SG1.5_5M.oral_gc_rl.tsv.gz
"(67,68]",4223,GOY006.A0102.SG1.5_5M.oral_gc_rl.tsv.gz
"(68,69]",3693,GOY006.A0102.SG1.5_5M.oral_gc_rl.tsv.gz
"(69,70]",4066,GOY006.A0102.SG1.5_5M.oral_gc_rl.tsv.gz
"(70,71]",2718,GOY006.A0102.SG1.5_5M.oral_gc_rl.tsv.gz
"(71,72]",2999,GOY006.A0102.SG1.5_5M.oral_gc_rl.tsv.gz
"(72,73]",2430,GOY006.A0102.SG1.5_5M.oral_gc_rl.tsv.gz
"(73,74]",2114,GOY006.A0102.SG1.5_5M.oral_gc_rl.tsv.gz
"(74,75]",2012,GOY006.A0102.SG1.5_5M.oral_gc_rl.tsv.gz
"(75,76]",1083,GOY006.A0102.SG1.5_5M.oral_gc_rl.tsv.gz
"(76,77]",1154,GOY006.A0102.SG1.5_5M.oral_gc_rl.tsv.gz
"(77,78]",830,GOY006.A0102.SG1.5_5M.oral_gc_rl.tsv.gz
"(78,79]",700,GOY006.A0102.SG1.5_5M.oral_gc_rl.tsv.gz
"(79,80]",563,GOY006.A0102.SG1.5_5M.oral_gc_rl.tsv.gz
"(80,81]",278,GOY006.A0102.SG1.5_5M.oral_gc_rl.tsv.gz
"(81,82]",234,GOY006.A0102.SG1.5_5M.oral_gc_rl.tsv.gz
"(82,83]",200,GOY006.A0102.SG1.5_5M.oral_gc_rl.tsv.gz
"(83,84]",103,GOY006.A0102.SG1.5_5M.oral_gc_rl.tsv.gz
"(84,85]",80,GOY006.A0102.SG1.5_5M.oral_gc_rl.tsv.gz
"(85,86]",31,GOY006.A0102.SG1.5_5M.oral_gc_rl.tsv.gz
"(86,87]",28,GOY006.A0102.SG1.5_5M.oral_gc_rl.tsv.gz
"(87,88]",19,GOY006.A0102.SG1.5_5M.oral_gc_rl.tsv.gz
"(88,89]",1,GOY006.A0102.SG1.5_5M.oral_gc_rl.tsv.gz
"(89,90]",6,GOY006.A0102.SG1.5_5M.oral_gc_rl.tsv.gz
"(90,91]",1,GOY006.A0102.SG1.5_5M.oral_gc_rl.tsv.gz
"(91,92]",1,GOY006.A0102.SG1.5_5M.oral_gc_rl.tsv.gz
"(92,93]",1,GOY006.A0102.SG1.5_5M.oral_gc_rl.tsv.gz
"(10,11]",1,PES001.B0101.SG1.3_5M.oral_gc_rl.tsv.gz
"(11,12]",2,PES001.B0101.SG1.3_5M.oral_gc_rl.tsv.gz
"(12,13]",3,PES001.B0101.SG1.3_5M.oral_gc_rl.tsv.gz
"(13,14]",8,PES001.B0101.SG1.3_5M.oral_gc_rl.tsv.gz
"(14,15]",12,PES001.B0101.SG1.3_5M.oral_gc_rl.tsv.gz
"(15,16]",21,PES001.B0101.SG1.3_5M.oral_gc_rl.tsv.gz
"(16,17]",23,PES001.B0101.SG1.3_5M.oral_gc_rl.tsv.gz
"(17,18]",45,PES001.B0101.SG1.3_5M.oral_gc_rl.tsv.gz
"(18,19]",69,PES001.B0101.SG1.3_5M.oral_gc_rl.tsv.gz
"(19,20]",134,PES001.B0101.SG1.3_5M.oral_gc_rl.tsv.gz
"(20,21]",161,PES001.B0101.SG1.3_5M.oral_gc_rl.tsv.gz
"(21,22]",273,PES001.B0101.SG1.3_5M.oral_gc_rl.tsv.gz
"(22,23]",364,PES001.B0101.SG1.3_5M.oral_gc_rl.tsv.gz
"(23,24]",581,PES001.B0101.SG1.3_5M.oral_gc_rl.tsv.gz
"(24,25]",757,PES001.B0101.SG1.3_5M.oral_gc_rl.tsv.gz
"(25,26]",598,PES001.B0101.SG1.3_5M.oral_gc_rl.tsv.gz
"(26,27]",1046,PES001.B0101.SG1.3_5M.oral_gc_rl.tsv.gz
"(27,28]",1307,PES001.B0101.SG1.3_5M.oral_gc_rl.tsv.gz
"(28,29]",1536,PES001.B0101.SG1.3_5M.oral_gc_rl.tsv.gz
"(29,30]",1657,PES001.B0101.SG1.3_5M.oral_gc_rl.tsv.gz
"(30,31]",2208,PES001.B0101.SG1.3_5M.oral_gc_rl.tsv.gz
"(31,32]",2708,PES001.B0101.SG1.3_5M.oral_gc_rl.tsv.gz
"(32,33]",2976,PES001.B0101.SG1.3_5M.oral_gc_rl.tsv.gz
"(33,34]",2818,PES001.B0101.SG1.3_5M.oral_gc_rl.tsv.gz
"(34,35]",4074,PES001.B0101.SG1.3_5M.oral_gc_rl.tsv.gz
"(35,36]",4505,PES001.B0101.SG1.3_5M.oral_gc_rl.tsv.gz
"(36,37]",4951,PES001.B0101.SG1.3_5M.oral_gc_rl.tsv.gz
"(37,38]",4764,PES001.B0101.SG1.3_5M.oral_gc_rl.tsv.gz
"(38,39]",6377,PES001.B0101.SG1.3_5M.oral_gc_rl.tsv.gz
"(39,40]",7998,PES001.B0101.SG1.3_5M.oral_gc_rl.tsv.gz
"(40,41]",7101,PES001.B0101.SG1.3_5M.oral_gc_rl.tsv.gz
"(41,42]",7198,PES001.B0101.SG1.3_5M.oral_gc_rl.tsv.gz
"(42,43]",9305,PES001.B0101.SG1.3_5M.oral_gc_rl.tsv.gz
"(43,44]",11134,PES001.B0101.SG1.3_5M.oral_gc_rl.tsv.gz
"(44,45]",10925,PES001.B0101.SG1.3_5M.oral_gc_rl.tsv.gz
"(45,46]",9434,PES001.B0101.SG1.3_5M.oral_gc_rl.tsv.gz
"(46,47]",12600,PES001.B0101.SG1.3_5M.oral_gc_rl.tsv.gz
"(47,48]",13258,PES001.B0101.SG1.3_5M.oral_gc_rl.tsv.gz
"(48,49]",12386,PES001.B0101.SG1.3_5M.oral_gc_rl.tsv.gz
"(49,50]",17307,PES001.B0101.SG1.3_5M.oral_gc_rl.tsv.gz
"(50,51]",7623,PES001.B0101.SG1.3_5M.oral_gc_rl.tsv.gz
"(51,52]",13831,PES001.B0101.SG1.3_5M.oral_gc_rl.tsv.gz
"(52,53]",13577,PES001.B0101.SG1.3_5M.oral_gc_rl.tsv.gz
"(53,54]",15050,PES001.B0101.SG1.3_5M.oral_gc_rl.tsv.gz
"(54,55]",13610,PES001.B0101.SG1.3_5M.oral_gc_rl.tsv.gz
"(55,56]",15586,PES001.B0101.SG1.3_5M.oral_gc_rl.tsv.gz
"(56,57]",16757,PES001.B0101.SG1.3_5M.oral_gc_rl.tsv.gz
"(57,58]",18087,PES001.B0101.SG1.3_5M.oral_gc_rl.tsv.gz
"(58,59]",16670,PES001.B0101.SG1.3_5M.oral_gc_rl.tsv.gz
"(59,60]",23456,PES001.B0101.SG1.3_5M.oral_gc_rl.tsv.gz
"(60,61]",19015,PES001.B0101.SG1.3_5M.oral_gc_rl.tsv.gz
"(61,62]",23178,PES001.B0101.SG1.3_5M.oral_gc_rl.tsv.gz
"(62,63]",20502,PES001.B0101.SG1.3_5M.oral_gc_rl.tsv.gz
"(63,64]",25486,PES001.B0101.SG1.3_5M.oral_gc_rl.tsv.gz
"(64,65]",24587,PES001.B0101.SG1.3_5M.oral_gc_rl.tsv.gz
"(65,66]",24877,PES001.B0101.SG1.3_5M.oral_gc_rl.tsv.gz
"(66,67]",20257,PES001.B0101.SG1.3_5M.oral_gc_rl.tsv.gz
"(67,68]",25131,PES001.B0101.SG1.3_5M.oral_gc_rl.tsv.gz
"(68,69]",21754,PES001.B0101.SG1.3_5M.oral_gc_rl.tsv.gz
"(69,70]",22539,PES001.B0101.SG1.3_5M.oral_gc_rl.tsv.gz
"(70,71]",15453,PES001.B0101.SG1.3_5M.oral_gc_rl.tsv.gz
"(71,72]",17684,PES001.B0101.SG1.3_5M.oral_gc_rl.tsv.gz
"(72,73]",13819,PES001.B0101.SG1.3_5M.oral_gc_rl.tsv.gz
"(73,74]",12421,PES001.B0101.SG1.3_5M.oral_gc_rl.tsv.gz
"(74,75]",11177,PES001.B0101.SG1.3_5M.oral_gc_rl.tsv.gz
"(75,76]",5811,PES001.B0101.SG1.3_5M.oral_gc_rl.tsv.gz
"(76,77]",5955,PES001.B0101.SG1.3_5M.oral_gc_rl.tsv.gz
"(77,78]",4501,PES001.B0101.SG1.3_5M.oral_gc_rl.tsv.gz
"(78,79]",2999,PES001.B0101.SG1.3_5M.oral_gc_rl.tsv.gz
"(79,80]",2203,PES001.B0101.SG1.3_5M.oral_gc_rl.tsv.gz
"(80,81]",1150,PES001.B0101.SG1.3_5M.oral_gc_rl.tsv.gz
"(81,82]",905,PES001.B0101.SG1.3_5M.oral_gc_rl.tsv.gz
"(82,83]",556,PES001.B0101.SG1.3_5M.oral_gc_rl.tsv.gz
"(83,84]",333,PES001.B0101.SG1.3_5M.oral_gc_rl.tsv.gz
"(84,85]",214,PES001.B0101.SG1.3_5M.oral_gc_rl.tsv.gz
"(85,86]",110,PES001.B0101.SG1.3_5M.oral_gc_rl.tsv.gz
"(86,87]",78,PES001.B0101.SG1.3_5M.oral_gc_rl.tsv.gz
"(87,88]",44,PES001.B0101.SG1.3_5M.oral_gc_rl.tsv.gz
"(88,89]",23,PES001.B0101.SG1.3_5M.oral_gc_rl.tsv.gz
"(89,90]",14,PES001.B0101.SG1.3_5M.oral_gc_rl.tsv.gz
"(90,91]",4,PES001.B0101.SG1.3_5M.oral_gc_rl.tsv.gz
"(91,92]",2,PES001.B0101.SG1.3_5M.oral_gc_rl.tsv.gz
"(92,93]",1,PES001.B0101.SG1.3_5M.oral_gc_rl.tsv.gz
"(6,7]",1,PES001.B0102.SG1.5_5M.oral_gc_rl.tsv.gz
"(7,8]",6,PES001.B0102.SG1.5_5M.oral_gc_rl.tsv.gz
"(8,9]",5,PES001.B0102.SG1.5_5M.oral_gc_rl.tsv.gz
"(9,10]",12,PES001.B0102.SG1.5_5M.oral_gc_rl.tsv.gz
"(10,11]",32,PES001.B0102.SG1.5_5M.oral_gc_rl.tsv.gz
"(11,12]",52,PES001.B0102.SG1.5_5M.oral_gc_rl.tsv.gz
"(12,13]",57,PES001.B0102.SG1.5_5M.oral_gc_rl.tsv.gz
"(13,14]",125,PES001.B0102.SG1.5_5M.oral_gc_rl.tsv.gz
"(14,15]",158,PES001.B0102.SG1.5_5M.oral_gc_rl.tsv.gz
"(15,16]",257,PES001.B0102.SG1.5_5M.oral_gc_rl.tsv.gz
"(16,17]",306,PES001.B0102.SG1.5_5M.oral_gc_rl.tsv.gz
"(17,18]",495,PES001.B0102.SG1.5_5M.oral_gc_rl.tsv.gz
"(18,19]",595,PES001.B0102.SG1.5_5M.oral_gc_rl.tsv.gz
"(19,20]",935,PES001.B0102.SG1.5_5M.oral_gc_rl.tsv.gz
"(20,21]",850,PES001.B0102.SG1.5_5M.oral_gc_rl.tsv.gz
"(21,22]",1430,PES001.B0102.SG1.5_5M.oral_gc_rl.tsv.gz
"(22,23]",1591,PES001.B0102.SG1.5_5M.oral_gc_rl.tsv.gz
"(23,24]",2106,PES001.B0102.SG1.5_5M.oral_gc_rl.tsv.gz
"(24,25]",2776,PES001.B0102.SG1.5_5M.oral_gc_rl.tsv.gz
"(25,26]",2025,PES001.B0102.SG1.5_5M.oral_gc_rl.tsv.gz
"(26,27]",3047,PES001.B0102.SG1.5_5M.oral_gc_rl.tsv.gz
"(27,28]",3498,PES001.B0102.SG1.5_5M.oral_gc_rl.tsv.gz
"(28,29]",3807,PES001.B0102.SG1.5_5M.oral_gc_rl.tsv.gz
"(29,30]",4141,PES001.B0102.SG1.5_5M.oral_gc_rl.tsv.gz
"(30,31]",4553,PES001.B0102.SG1.5_5M.oral_gc_rl.tsv.gz
"(31,32]",5562,PES001.B0102.SG1.5_5M.oral_gc_rl.tsv.gz
"(32,33]",5834,PES001.B0102.SG1.5_5M.oral_gc_rl.tsv.gz
"(33,34]",5599,PES001.B0102.SG1.5_5M.oral_gc_rl.tsv.gz
"(34,35]",7152,PES001.B0102.SG1.5_5M.oral_gc_rl.tsv.gz
"(35,36]",7207,PES001.B0102.SG1.5_5M.oral_gc_rl.tsv.gz
"(36,37]",7581,PES001.B0102.SG1.5_5M.oral_gc_rl.tsv.gz
"(37,38]",7524,PES001.B0102.SG1.5_5M.oral_gc_rl.tsv.gz
"(38,39]",8528,PES001.B0102.SG1.5_5M.oral_gc_rl.tsv.gz
"(39,40]",10927,PES001.B0102.SG1.5_5M.oral_gc_rl.tsv.gz
"(40,41]",8398,PES001.B0102.SG1.5_5M.oral_gc_rl.tsv.gz
"(41,42]",9516,PES001.B0102.SG1.5_5M.oral_gc_rl.tsv.gz
"(42,43]",10428,PES001.B0102.SG1.5_5M.oral_gc_rl.tsv.gz
"(43,44]",11521,PES001.B0102.SG1.5_5M.oral_gc_rl.tsv.gz
"(44,45]",11157,PES001.B0102.SG1.5_5M.oral_gc_rl.tsv.gz
"(45,46]",10142,PES001.B0102.SG1.5_5M.oral_gc_rl.tsv.gz
"(46,47]",11467,PES001.B0102.SG1.5_5M.oral_gc_rl.tsv.gz
"(47,48]",11806,PES001.B0102.SG1.5_5M.oral_gc_rl.tsv.gz
"(48,49]",10603,PES001.B0102.SG1.5_5M.oral_gc_rl.tsv.gz
"(49,50]",14687,PES001.B0102.SG1.5_5M.oral_gc_rl.tsv.gz
"(50,51]",5398,PES001.B0102.SG1.5_5M.oral_gc_rl.tsv.gz
"(51,52]",10660,PES001.B0102.SG1.5_5M.oral_gc_rl.tsv.gz
"(52,53]",10103,PES001.B0102.SG1.5_5M.oral_gc_rl.tsv.gz
"(53,54]",10628,PES001.B0102.SG1.5_5M.oral_gc_rl.tsv.gz
"(54,55]",9987,PES001.B0102.SG1.5_5M.oral_gc_rl.tsv.gz
"(55,56]",10170,PES001.B0102.SG1.5_5M.oral_gc_rl.tsv.gz
"(56,57]",10576,PES001.B0102.SG1.5_5M.oral_gc_rl.tsv.gz
"(57,58]",11094,PES001.B0102.SG1.5_5M.oral_gc_rl.tsv.gz
"(58,59]",10462,PES001.B0102.SG1.5_5M.oral_gc_rl.tsv.gz
"(59,60]",13371,PES001.B0102.SG1.5_5M.oral_gc_rl.tsv.gz
"(60,61]",10192,PES001.B0102.SG1.5_5M.oral_gc_rl.tsv.gz
"(61,62]",12068,PES001.B0102.SG1.5_5M.oral_gc_rl.tsv.gz
"(62,63]",11162,PES001.B0102.SG1.5_5M.oral_gc_rl.tsv.gz
"(63,64]",12670,PES001.B0102.SG1.5_5M.oral_gc_rl.tsv.gz
"(64,65]",12245,PES001.B0102.SG1.5_5M.oral_gc_rl.tsv.gz
"(65,66]",11900,PES001.B0102.SG1.5_5M.oral_gc_rl.tsv.gz
"(66,67]",10018,PES001.B0102.SG1.5_5M.oral_gc_rl.tsv.gz
"(67,68]",11284,PES001.B0102.SG1.5_5M.oral_gc_rl.tsv.gz
"(68,69]",9519,PES001.B0102.SG1.5_5M.oral_gc_rl.tsv.gz
"(69,70]",9939,PES001.B0102.SG1.5_5M.oral_gc_rl.tsv.gz
"(70,71]",7046,PES001.B0102.SG1.5_5M.oral_gc_rl.tsv.gz
"(71,72]",7524,PES001.B0102.SG1.5_5M.oral_gc_rl.tsv.gz
"(72,73]",6161,PES001.B0102.SG1.5_5M.oral_gc_rl.tsv.gz
"(73,74]",5224,PES001.B0102.SG1.5_5M.oral_gc_rl.tsv.gz
"(74,75]",4726,PES001.B0102.SG1.5_5M.oral_gc_rl.tsv.gz
"(75,76]",2485,PES001.B0102.SG1.5_5M.oral_gc_rl.tsv.gz
"(76,77]",2536,PES001.B0102.SG1.5_5M.oral_gc_rl.tsv.gz
"(77,78]",1970,PES001.B0102.SG1.5_5M.oral_gc_rl.tsv.gz
"(78,79]",1346,PES001.B0102.SG1.5_5M.oral_gc_rl.tsv.gz
"(79,80]",1133,PES001.B0102.SG1.5_5M.oral_gc_rl.tsv.gz
"(80,81]",542,PES001.B0102.SG1.5_5M.oral_gc_rl.tsv.gz
"(81,82]",491,PES001.B0102.SG1.5_5M.oral_gc_rl.tsv.gz
"(82,83]",312,PES001.B0102.SG1.5_5M.oral_gc_rl.tsv.gz
"(83,84]",176,PES001.B0102.SG1.5_5M.oral_gc_rl.tsv.gz
"(84,85]",125,PES001.B0102.SG1.5_5M.oral_gc_rl.tsv.gz
"(85,86]",63,PES001.B0102.SG1.5_5M.oral_gc_rl.tsv.gz
"(86,87]",38,PES001.B0102.SG1.5_5M.oral_gc_rl.tsv.gz
"(87,88]",25,PES001.B0102.SG1.5_5M.oral_gc_rl.tsv.gz
"(88,89]",10,PES001.B0102.SG1.5_5M.oral_gc_rl.tsv.gz
"(89,90]",10,PES001.B0102.SG1.5_5M.oral_gc_rl.tsv.gz
"(90,91]",3,PES001.B0102.SG1.5_5M.oral_gc_rl.tsv.gz
"(92,93]",1,PES001.B0102.SG1.5_5M.oral_gc_rl.tsv.gz
"(94,95]",1,PES001.B0102.SG1.5_5M.oral_gc_rl.tsv.gz
"(11,12]",1,VLD001.A0101.SG1.1_5M.oral_gc_rl.tsv.gz
"(12,13]",2,VLD001.A0101.SG1.1_5M.oral_gc_rl.tsv.gz
"(13,14]",2,VLD001.A0101.SG1.1_5M.oral_gc_rl.tsv.gz
"(14,15]",2,VLD001.A0101.SG1.1_5M.oral_gc_rl.tsv.gz
"(15,16]",8,VLD001.A0101.SG1.1_5M.oral_gc_rl.tsv.gz
"(16,17]",12,VLD001.A0101.SG1.1_5M.oral_gc_rl.tsv.gz
"(17,18]",9,VLD001.A0101.SG1.1_5M.oral_gc_rl.tsv.gz
"(18,19]",14,VLD001.A0101.SG1.1_5M.oral_gc_rl.tsv.gz
"(19,20]",40,VLD001.A0101.SG1.1_5M.oral_gc_rl.tsv.gz
"(20,21]",43,VLD001.A0101.SG1.1_5M.oral_gc_rl.tsv.gz
"(21,22]",105,VLD001.A0101.SG1.1_5M.oral_gc_rl.tsv.gz
"(22,23]",129,VLD001.A0101.SG1.1_5M.oral_gc_rl.tsv.gz
"(23,24]",167,VLD001.A0101.SG1.1_5M.oral_gc_rl.tsv.gz
"(24,25]",305,VLD001.A0101.SG1.1_5M.oral_gc_rl.tsv.gz
"(25,26]",205,VLD001.A0101.SG1.1_5M.oral_gc_rl.tsv.gz
"(26,27]",283,VLD001.A0101.SG1.1_5M.oral_gc_rl.tsv.gz
"(27,28]",393,VLD001.A0101.SG1.1_5M.oral_gc_rl.tsv.gz
"(28,29]",454,VLD001.A0101.SG1.1_5M.oral_gc_rl.tsv.gz
"(29,30]",588,VLD001.A0101.SG1.1_5M.oral_gc_rl.tsv.gz
"(30,31]",581,VLD001.A0101.SG1.1_5M.oral_gc_rl.tsv.gz
"(31,32]",772,VLD001.A0101.SG1.1_5M.oral_gc_rl.tsv.gz
"(32,33]",827,VLD001.A0101.SG1.1_5M.oral_gc_rl.tsv.gz
"(33,34]",957,VLD001.A0101.SG1.1_5M.oral_gc_rl.tsv.gz
"(34,35]",1212,VLD001.A0101.SG1.1_5M.oral_gc_rl.tsv.gz
"(35,36]",1248,VLD001.A0101.SG1.1_5M.oral_gc_rl.tsv.gz
"(36,37]",1371,VLD001.A0101.SG1.1_5M.oral_gc_rl.tsv.gz
"(37,38]",1666,VLD001.A0101.SG1.1_5M.oral_gc_rl.tsv.gz
"(38,39]",1843,VLD001.A0101.SG1.1_5M.oral_gc_rl.tsv.gz
"(39,40]",2622,VLD001.A0101.SG1.1_5M.oral_gc_rl.tsv.gz
"(40,41]",1991,VLD001.A0101.SG1.1_5M.oral_gc_rl.tsv.gz
"(41,42]",2634,VLD001.A0101.SG1.1_5M.oral_gc_rl.tsv.gz
"(42,43]",2808,VLD001.A0101.SG1.1_5M.oral_gc_rl.tsv.gz
"(43,44]",3529,VLD001.A0101.SG1.1_5M.oral_gc_rl.tsv.gz
"(44,45]",3673,VLD001.A0101.SG1.1_5M.oral_gc_rl.tsv.gz
"(45,46]",3865,VLD001.A0101.SG1.1_5M.oral_gc_rl.tsv.gz
"(46,47]",4212,VLD001.A0101.SG1.1_5M.oral_gc_rl.tsv.gz
"(47,48]",5194,VLD001.A0101.SG1.1_5M.oral_gc_rl.tsv.gz
"(48,49]",5442,VLD001.A0101.SG1.1_5M.oral_gc_rl.tsv.gz
"(49,50]",8532,VLD001.A0101.SG1.1_5M.oral_gc_rl.tsv.gz
"(50,51]",3490,VLD001.A0101.SG1.1_5M.oral_gc_rl.tsv.gz
"(51,52]",7687,VLD001.A0101.SG1.1_5M.oral_gc_rl.tsv.gz
"(52,53]",8176,VLD001.A0101.SG1.1_5M.oral_gc_rl.tsv.gz
"(53,54]",9611,VLD001.A0101.SG1.1_5M.oral_gc_rl.tsv.gz
"(54,55]",10269,VLD001.A0101.SG1.1_5M.oral_gc_rl.tsv.gz
"(55,56]",11223,VLD001.A0101.SG1.1_5M.oral_gc_rl.tsv.gz
"(56,57]",12359,VLD001.A0101.SG1.1_5M.oral_gc_rl.tsv.gz
"(57,58]",13718,VLD001.A0101.SG1.1_5M.oral_gc_rl.tsv.gz
"(58,59]",13854,VLD001.A0101.SG1.1_5M.oral_gc_rl.tsv.gz
"(59,60]",18212,VLD001.A0101.SG1.1_5M.oral_gc_rl.tsv.gz
"(60,61]",13640,VLD001.A0101.SG1.1_5M.oral_gc_rl.tsv.gz
"(61,62]",17257,VLD001.A0101.SG1.1_5M.oral_gc_rl.tsv.gz
"(62,63]",15921,VLD001.A0101.SG1.1_5M.oral_gc_rl.tsv.gz
"(63,64]",18001,VLD001.A0101.SG1.1_5M.oral_gc_rl.tsv.gz
"(64,65]",17391,VLD001.A0101.SG1.1_5M.oral_gc_rl.tsv.gz
"(65,66]",16971,VLD001.A0101.SG1.1_5M.oral_gc_rl.tsv.gz
"(66,67]",14840,VLD001.A0101.SG1.1_5M.oral_gc_rl.tsv.gz
"(67,68]",16363,VLD001.A0101.SG1.1_5M.oral_gc_rl.tsv.gz
"(68,69]",14482,VLD001.A0101.SG1.1_5M.oral_gc_rl.tsv.gz
"(69,70]",15582,VLD001.A0101.SG1.1_5M.oral_gc_rl.tsv.gz
"(70,71]",11313,VLD001.A0101.SG1.1_5M.oral_gc_rl.tsv.gz
"(71,72]",12386,VLD001.A0101.SG1.1_5M.oral_gc_rl.tsv.gz
"(72,73]",10071,VLD001.A0101.SG1.1_5M.oral_gc_rl.tsv.gz
"(73,74]",9360,VLD001.A0101.SG1.1_5M.oral_gc_rl.tsv.gz
"(74,75]",8834,VLD001.A0101.SG1.1_5M.oral_gc_rl.tsv.gz
"(75,76]",4846,VLD001.A0101.SG1.1_5M.oral_gc_rl.tsv.gz
"(76,77]",5069,VLD001.A0101.SG1.1_5M.oral_gc_rl.tsv.gz
"(77,78]",4004,VLD001.A0101.SG1.1_5M.oral_gc_rl.tsv.gz
"(78,79]",3066,VLD001.A0101.SG1.1_5M.oral_gc_rl.tsv.gz
"(79,80]",2613,VLD001.A0101.SG1.1_5M.oral_gc_rl.tsv.gz
"(80,81]",1336,VLD001.A0101.SG1.1_5M.oral_gc_rl.tsv.gz
"(81,82]",1218,VLD001.A0101.SG1.1_5M.oral_gc_rl.tsv.gz
"(82,83]",811,VLD001.A0101.SG1.1_5M.oral_gc_rl.tsv.gz
"(83,84]",497,VLD001.A0101.SG1.1_5M.oral_gc_rl.tsv.gz
"(84,85]",375,VLD001.A0101.SG1.1_5M.oral_gc_rl.tsv.gz
"(85,86]",170,VLD001.A0101.SG1.1_5M.oral_gc_rl.tsv.gz
"(86,87]",141,VLD001.A0101.SG1.1_5M.oral_gc_rl.tsv.gz
"(87,88]",73,VLD001.A0101.SG1.1_5M.oral_gc_rl.tsv.gz
"(88,89]",51,VLD001.A0101.SG1.1_5M.oral_gc_rl.tsv.gz
"(89,90]",24,VLD001.A0101.SG1.1_5M.oral_gc_rl.tsv.gz
"(90,91]",11,VLD001.A0101.SG1.1_5M.oral_gc_rl.tsv.gz
"(91,92]",4,VLD001.A0101.SG1.1_5M.oral_gc_rl.tsv.gz
"(92,93]",1,VLD001.A0101.SG1.1_5M.oral_gc_rl.tsv.gz
"(93,94]",1,VLD001.A0101.SG1.1_5M.oral_gc_rl.tsv.gz
"(94,95]",1,VLD001.A0101.SG1.1_5M.oral_gc_rl.tsv.gz
"(5,6]",1,VLD001.A0102.SG1.2_5M.oral_gc_rl.tsv.gz
"(7,8]",2,VLD001.A0102.SG1.2_5M.oral_gc_rl.tsv.gz
"(8,9]",7,VLD001.A0102.SG1.2_5M.oral_gc_rl.tsv.gz
"(9,10]",2,VLD001.A0102.SG1.2_5M.oral_gc_rl.tsv.gz
"(10,11]",11,VLD001.A0102.SG1.2_5M.oral_gc_rl.tsv.gz
"(11,12]",18,VLD001.A0102.SG1.2_5M.oral_gc_rl.tsv.gz
"(12,13]",39,VLD001.A0102.SG1.2_5M.oral_gc_rl.tsv.gz
"(13,14]",53,VLD001.A0102.SG1.2_5M.oral_gc_rl.tsv.gz
"(14,15]",56,VLD001.A0102.SG1.2_5M.oral_gc_rl.tsv.gz
"(15,16]",81,VLD001.A0102.SG1.2_5M.oral_gc_rl.tsv.gz
"(16,17]",101,VLD001.A0102.SG1.2_5M.oral_gc_rl.tsv.gz
"(17,18]",135,VLD001.A0102.SG1.2_5M.oral_gc_rl.tsv.gz
"(18,19]",172,VLD001.A0102.SG1.2_5M.oral_gc_rl.tsv.gz
"(19,20]",280,VLD001.A0102.SG1.2_5M.oral_gc_rl.tsv.gz
"(20,21]",247,VLD001.A0102.SG1.2_5M.oral_gc_rl.tsv.gz
"(21,22]",391,VLD001.A0102.SG1.2_5M.oral_gc_rl.tsv.gz
"(22,23]",385,VLD001.A0102.SG1.2_5M.oral_gc_rl.tsv.gz
"(23,24]",582,VLD001.A0102.SG1.2_5M.oral_gc_rl.tsv.gz
"(24,25]",721,VLD001.A0102.SG1.2_5M.oral_gc_rl.tsv.gz
"(25,26]",488,VLD001.A0102.SG1.2_5M.oral_gc_rl.tsv.gz
"(26,27]",687,VLD001.A0102.SG1.2_5M.oral_gc_rl.tsv.gz
"(27,28]",844,VLD001.A0102.SG1.2_5M.oral_gc_rl.tsv.gz
"(28,29]",876,VLD001.A0102.SG1.2_5M.oral_gc_rl.tsv.gz
"(29,30]",1086,VLD001.A0102.SG1.2_5M.oral_gc_rl.tsv.gz
"(30,31]",995,VLD001.A0102.SG1.2_5M.oral_gc_rl.tsv.gz
"(31,32]",1274,VLD001.A0102.SG1.2_5M.oral_gc_rl.tsv.gz
"(32,33]",1180,VLD001.A0102.SG1.2_5M.oral_gc_rl.tsv.gz
"(33,34]",1356,VLD001.A0102.SG1.2_5M.oral_gc_rl.tsv.gz
"(34,35]",1764,VLD001.A0102.SG1.2_5M.oral_gc_rl.tsv.gz
"(35,36]",1577,VLD001.A0102.SG1.2_5M.oral_gc_rl.tsv.gz
"(36,37]",1769,VLD001.A0102.SG1.2_5M.oral_gc_rl.tsv.gz
"(37,38]",1880,VLD001.A0102.SG1.2_5M.oral_gc_rl.tsv.gz
"(38,39]",1982,VLD001.A0102.SG1.2_5M.oral_gc_rl.tsv.gz
"(39,40]",2703,VLD001.A0102.SG1.2_5M.oral_gc_rl.tsv.gz
"(40,41]",1865,VLD001.A0102.SG1.2_5M.oral_gc_rl.tsv.gz
"(41,42]",2500,VLD001.A0102.SG1.2_5M.oral_gc_rl.tsv.gz
"(42,43]",2609,VLD001.A0102.SG1.2_5M.oral_gc_rl.tsv.gz
"(43,44]",2937,VLD001.A0102.SG1.2_5M.oral_gc_rl.tsv.gz
"(44,45]",3037,VLD001.A0102.SG1.2_5M.oral_gc_rl.tsv.gz
"(45,46]",2814,VLD001.A0102.SG1.2_5M.oral_gc_rl.tsv.gz
"(46,47]",3213,VLD001.A0102.SG1.2_5M.oral_gc_rl.tsv.gz
"(47,48]",3839,VLD001.A0102.SG1.2_5M.oral_gc_rl.tsv.gz
"(48,49]",3648,VLD001.A0102.SG1.2_5M.oral_gc_rl.tsv.gz
"(49,50]",5445,VLD001.A0102.SG1.2_5M.oral_gc_rl.tsv.gz
"(50,51]",1496,VLD001.A0102.SG1.2_5M.oral_gc_rl.tsv.gz
"(51,52]",4869,VLD001.A0102.SG1.2_5M.oral_gc_rl.tsv.gz
"(52,53]",4867,VLD001.A0102.SG1.2_5M.oral_gc_rl.tsv.gz
"(53,54]",5121,VLD001.A0102.SG1.2_5M.oral_gc_rl.tsv.gz
"(54,55]",5280,VLD001.A0102.SG1.2_5M.oral_gc_rl.tsv.gz
"(55,56]",5375,VLD001.A0102.SG1.2_5M.oral_gc_rl.tsv.gz
"(56,57]",5771,VLD001.A0102.SG1.2_5M.oral_gc_rl.tsv.gz
"(57,58]",6210,VLD001.A0102.SG1.2_5M.oral_gc_rl.tsv.gz
"(58,59]",6126,VLD001.A0102.SG1.2_5M.oral_gc_rl.tsv.gz
"(59,60]",7681,VLD001.A0102.SG1.2_5M.oral_gc_rl.tsv.gz
"(60,61]",5543,VLD001.A0102.SG1.2_5M.oral_gc_rl.tsv.gz
"(61,62]",6728,VLD001.A0102.SG1.2_5M.oral_gc_rl.tsv.gz
"(62,63]",6379,VLD001.A0102.SG1.2_5M.oral_gc_rl.tsv.gz
"(63,64]",7031,VLD001.A0102.SG1.2_5M.oral_gc_rl.tsv.gz
"(64,65]",6953,VLD001.A0102.SG1.2_5M.oral_gc_rl.tsv.gz
"(65,66]",6735,VLD001.A0102.SG1.2_5M.oral_gc_rl.tsv.gz
"(66,67]",5525,VLD001.A0102.SG1.2_5M.oral_gc_rl.tsv.gz
"(67,68]",5948,VLD001.A0102.SG1.2_5M.oral_gc_rl.tsv.gz
"(68,69]",5328,VLD001.A0102.SG1.2_5M.oral_gc_rl.tsv.gz
"(69,70]",5911,VLD001.A0102.SG1.2_5M.oral_gc_rl.tsv.gz
"(70,71]",4136,VLD001.A0102.SG1.2_5M.oral_gc_rl.tsv.gz
"(71,72]",4649,VLD001.A0102.SG1.2_5M.oral_gc_rl.tsv.gz
"(72,73]",4075,VLD001.A0102.SG1.2_5M.oral_gc_rl.tsv.gz
"(73,74]",3607,VLD001.A0102.SG1.2_5M.oral_gc_rl.tsv.gz
"(74,75]",3460,VLD001.A0102.SG1.2_5M.oral_gc_rl.tsv.gz
"(75,76]",1844,VLD001.A0102.SG1.2_5M.oral_gc_rl.tsv.gz
"(76,77]",2206,VLD001.A0102.SG1.2_5M.oral_gc_rl.tsv.gz
"(77,78]",1632,VLD001.A0102.SG1.2_5M.oral_gc_rl.tsv.gz
"(78,79]",1354,VLD001.A0102.SG1.2_5M.oral_gc_rl.tsv.gz
"(79,80]",1241,VLD001.A0102.SG1.2_5M.oral_gc_rl.tsv.gz
"(80,81]",622,VLD001.A0102.SG1.2_5M.oral_gc_rl.tsv.gz
"(81,82]",660,VLD001.A0102.SG1.2_5M.oral_gc_rl.tsv.gz
"(82,83]",462,VLD001.A0102.SG1.2_5M.oral_gc_rl.tsv.gz
"(83,84]",264,VLD001.A0102.SG1.2_5M.oral_gc_rl.tsv.gz
"(84,85]",232,VLD001.A0102.SG1.2_5M.oral_gc_rl.tsv.gz
"(85,86]",95,VLD001.A0102.SG1.2_5M.oral_gc_rl.tsv.gz
"(86,87]",99,VLD001.A0102.SG1.2_5M.oral_gc_rl.tsv.gz
"(87,88]",45,VLD001.A0102.SG1.2_5M.oral_gc_rl.tsv.gz
"(88,89]",18,VLD001.A0102.SG1.2_5M.oral_gc_rl.tsv.gz
"(89,90]",19,VLD001.A0102.SG1.2_5M.oral_gc_rl.tsv.gz
"(90,91]",10,VLD001.A0102.SG1.2_5M.oral_gc_rl.tsv.gz
"(91,92]",2,VLD001.A0102.SG1.2_5M.oral_gc_rl.tsv.gz
"(92,93]",2,VLD001.A0102.SG1.2_5M.oral_gc_rl.tsv.gz
"(94,95]",1,VLD001.A0102.SG1.2_5M.oral_gc_rl.tsv.gz
